"rankByObservedPresence","domain","type","resultAppearances","top1Count","exactKeywordCoverage","segmentCoverage","segments","sampleWinningThemes","observedOrganicFootprint","estimatedTraffic","backlinkStrength","whyTheyMatter","weaknessGap","confidence"
"1","fsrao.ca","government / regulator","80","29","42","6","prime-a|alternative-b|private|residential|bridge|rescue","financial; services; authority; regulatory; application; private; process; mortgages","80/800 captured result references","unavailable","unavailable","Wins trust through primary-source authority, exhaustive process coverage, neutral risk language, and durable internal linking.","Neutral and authoritative but rarely helps a borrower compare viable routes, model a file, or act with a focused document plan.","observed SERP recurrence; not a traffic estimate"
"2","wealthnorth.ca","direct lender, brokerage, or specialist","38","7","29","8","prime-a|alternative-b|private|residential|renovation|bridge|heloc-equity|rescue","wealthnorth; mortgages; lender; bridge; heloc; alternative; credit; explained","38/800 captured result references","unavailable","unavailable","Wins through exact local commercial intent, scenario specificity, speed/equity language, strong CTAs, and service-page relevance.","Commercially relevant but many pages rely on generic approval/speed claims, weak citations, opaque total cost, and little proof of exit planning.","observed SERP recurrence; not a traffic estimate"
"3","ratehub.ca","comparison publisher / finance media","36","7","29","8","prime-a|alternative-b|private|residential|renovation|bridge|heloc-equity|rescue","ratehub; heloc; credit; equity; rates; denied; lenders; personal","36/800 captured result references","unavailable","unavailable","Wins with exact-match headings, plain-language summaries, updated comparison tables, calculators, and broad long-tail coverage.","Broad and scannable but often generic, affiliate-led, thin on Ontario underwriting evidence, and disconnected from a real exit plan.","observed SERP recurrence; not a traffic estimate"
"4","canada.ca","government / regulator","32","10","23","6","prime-a|alternative-b|residential|renovation|heloc-equity|rescue","equity; credit; lines; against; borrowing; choosing; right; getting","32/800 captured result references","unavailable","unavailable","Wins trust through primary-source authority, exhaustive process coverage, neutral risk language, and durable internal linking.","Neutral and authoritative but rarely helps a borrower compare viable routes, model a file, or act with a focused document plan.","observed SERP recurrence; not a traffic estimate"
"5","lendworth.ca","direct lender, brokerage, or specialist","32","5","26","8","prime-a|alternative-b|private|residential|renovation|bridge|heloc-equity|rescue","equity; private; lendworth; second; guide; loans; based; bridge","32/800 captured result references","unavailable","unavailable","Wins through exact local commercial intent, scenario specificity, speed/equity language, strong CTAs, and service-page relevance.","Commercially relevant but many pages rely on generic approval/speed claims, weak citations, opaque total cost, and little proof of exit planning.","observed SERP recurrence; not a traffic estimate"
"6","turnedaway.ca","direct lender, brokerage, or specialist","27","7","21","6","alternative-b|private|residential|renovation|heloc-equity|rescue","alternative; turnedaway; broker; equity; approved; credit; foreclosure; lenders","27/800 captured result references","unavailable","unavailable","Wins through exact local commercial intent, scenario specificity, speed/equity language, strong CTAs, and service-page relevance.","Commercially relevant but many pages rely on generic approval/speed claims, weak citations, opaque total cost, and little proof of exit planning.","observed SERP recurrence; not a traffic estimate"
"7","ratecore.ca","direct lender, brokerage, or specialist","26","5","23","6","prime-a|alternative-b|private|residential|bridge|rescue","ratecore; lender; private; which; cheaper; access; banks; financing","26/800 captured result references","unavailable","unavailable","Wins through exact local commercial intent, scenario specificity, speed/equity language, strong CTAs, and service-page relevance.","Commercially relevant but many pages rely on generic approval/speed claims, weak citations, opaque total cost, and little proof of exit planning.","observed SERP recurrence; not a traffic estimate"
"8","nerdwallet.com","comparison publisher / finance media","20","3","19","7","prime-a|alternative-b|private|residential|renovation|bridge|heloc-equity","nerdwallet; lender; mortgages; which; alternative; bridge; equity; getting","20/800 captured result references","unavailable","unavailable","Wins with exact-match headings, plain-language summaries, updated comparison tables, calculators, and broad long-tail coverage.","Broad and scannable but often generic, affiliate-led, thin on Ontario underwriting evidence, and disconnected from a real exit plan.","observed SERP recurrence; not a traffic estimate"
"9","legalclarity.org","legal / professional authority","16","3","11","7","prime-a|alternative-b|private|residential|bridge|heloc-equity|rescue","legalclarity; approval; bridge; closing; denied; loans; rates; renewal","16/800 captured result references","unavailable","unavailable","Wins sensitive enforcement queries through legal specificity, Ontario terminology, procedural detail, and professional trust.","Strong on procedure but usually weak on financing feasibility, all-in economics, property underwriting, and lender-path comparisons.","observed SERP recurrence; not a traffic estimate"
"10","ontario.ca","government / regulator","15","3","11","8","prime-a|alternative-b|private|residential|renovation|bridge|heloc-equity|rescue","equity; homeownership; shared; brokerages; gazette; mortgages; program; volume","15/800 captured result references","unavailable","unavailable","Wins trust through primary-source authority, exhaustive process coverage, neutral risk language, and durable internal linking.","Neutral and authoritative but rarely helps a borrower compare viable routes, model a file, or act with a focused document plan.","observed SERP recurrence; not a traffic estimate"
"11","bankrate.com","comparison publisher / finance media","15","3","12","5","alternative-b|renovation|bridge|heloc-equity|rescue","bankrate; bridge; equity; lenders; which; banks; loans; another","15/800 captured result references","unavailable","unavailable","Wins with exact-match headings, plain-language summaries, updated comparison tables, calculators, and broad long-tail coverage.","Broad and scannable but often generic, affiliate-led, thin on Ontario underwriting evidence, and disconnected from a real exit plan.","observed SERP recurrence; not a traffic estimate"
"12","experian.com","comparison publisher / finance media","13","3","11","6","prime-a|alternative-b|renovation|bridge|heloc-equity|rescue","equity; bridge; broker; experian; heloc; should; after; behind","13/800 captured result references","unavailable","unavailable","Wins with exact-match headings, plain-language summaries, updated comparison tables, calculators, and broad long-tail coverage.","Broad and scannable but often generic, affiliate-led, thin on Ontario underwriting evidence, and disconnected from a real exit plan.","observed SERP recurrence; not a traffic estimate"
"13","bestrates.ca","comparison publisher / finance media","12","2","11","3","alternative-b|private|bridge","bridge; rates; financing; before; buying; selling; private; guide","12/800 captured result references","unavailable","unavailable","Wins with exact-match headings, plain-language summaries, updated comparison tables, calculators, and broad long-tail coverage.","Broad and scannable but often generic, affiliate-led, thin on Ontario underwriting evidence, and disconnected from a real exit plan.","observed SERP recurrence; not a traffic estimate"
"14","consumerfinance.gov","government / regulator","11","7","8","3","renovation|heloc-equity|rescue","bureau; consumer; financial; protection; credit; equity; foreclosure; heloc","11/800 captured result references","unavailable","unavailable","Wins trust through primary-source authority, exhaustive process coverage, neutral risk language, and durable internal linking.","Neutral and authoritative but rarely helps a borrower compare viable routes, model a file, or act with a focused document plan.","observed SERP recurrence; not a traffic estimate"
"15","360lending.ca","direct lender, brokerage, or specialist","11","1","9","5","prime-a|alternative-b|residential|renovation|heloc-equity","360lending; award; brokerage; online; winning; equity; improvement; lender","11/800 captured result references","unavailable","unavailable","Wins through exact local commercial intent, scenario specificity, speed/equity language, strong CTAs, and service-page relevance.","Commercially relevant but many pages rely on generic approval/speed claims, weak citations, opaque total cost, and little proof of exit planning.","observed SERP recurrence; not a traffic estimate"
"16","stonefieldcapital.ca","direct lender, brokerage, or specialist","10","3","10","4","prime-a|private|bridge|rescue","capital; stonefield; private; lender; borrowers; bridge; brokers; loans","10/800 captured result references","unavailable","unavailable","Wins through exact local commercial intent, scenario specificity, speed/equity language, strong CTAs, and service-page relevance.","Commercially relevant but many pages rely on generic approval/speed claims, weak citations, opaque total cost, and little proof of exit planning.","observed SERP recurrence; not a traffic estimate"
"17","mortgagesquad.ca","direct lender, brokerage, or specialist","10","3","10","5","prime-a|alternative-b|residential|bridge|rescue","squad; calculator; bridge; financing; power; advisors; affordability; buyer","10/800 captured result references","unavailable","unavailable","Wins through exact local commercial intent, scenario specificity, speed/equity language, strong CTAs, and service-page relevance.","Commercially relevant but many pages rely on generic approval/speed claims, weak citations, opaque total cost, and little proof of exit planning.","observed SERP recurrence; not a traffic estimate"
"18","powerofsalesontario.ca","legal / professional authority","10","3","3","1","rescue","power; foreclosure; notice; sales; after; happens; process; toronto","10/800 captured result references","unavailable","unavailable","Wins sensitive enforcement queries through legal specificity, Ontario terminology, procedural detail, and professional trust.","Strong on procedure but usually weak on financing feasibility, all-in economics, property underwriting, and lender-path comparisons.","observed SERP recurrence; not a traffic estimate"
"19","lendsimpl.ca","direct lender, brokerage, or specialist","10","1","10","5","alternative-b|private|bridge|heloc-equity|rescue","lendsimpl; toronto; approved; private; broker; rates; bridge; credit","10/800 captured result references","unavailable","unavailable","Wins through exact local commercial intent, scenario specificity, speed/equity language, strong CTAs, and service-page relevance.","Commercially relevant but many pages rely on generic approval/speed claims, weak citations, opaque total cost, and little proof of exit planning.","observed SERP recurrence; not a traffic estimate"
"20","bestratesgta.ca","direct lender, brokerage, or specialist","9","2","8","5","prime-a|alternative-b|private|renovation|bridge","trillium; private; power; bridge; services; choice; mortgages; since","9/800 captured result references","unavailable","unavailable","Wins through exact local commercial intent, scenario specificity, speed/equity language, strong CTAs, and service-page relevance.","Commercially relevant but many pages rely on generic approval/speed claims, weak citations, opaque total cost, and little proof of exit planning.","observed SERP recurrence; not a traffic estimate"
"21","cmsmortgages.ca","direct lender, brokerage, or specialist","9","0","8","3","alternative-b|private|bridge","canadian; services; bridge; financing; first; mortgages; private; second","9/800 captured result references","unavailable","unavailable","Wins through exact local commercial intent, scenario specificity, speed/equity language, strong CTAs, and service-page relevance.","Commercially relevant but many pages rely on generic approval/speed claims, weak citations, opaque total cost, and little proof of exit planning.","observed SERP recurrence; not a traffic estimate"
"22","cmhc-schl.gc.ca","government / regulator","8","3","8","3","prime-a|renovation|rescue","financing; options; renovations; calculating; improvement; people","8/800 captured result references","unavailable","unavailable","Wins trust through primary-source authority, exhaustive process coverage, neutral risk language, and durable internal linking.","Neutral and authoritative but rarely helps a borrower compare viable routes, model a file, or act with a focused document plan.","observed SERP recurrence; not a traffic estimate"
"23","wowa.ca","comparison publisher / finance media","8","1","8","5","prime-a|alternative-b|private|renovation|heloc-equity","guide; lenders; private; heloc; lender; mortgages; options; rates","8/800 captured result references","unavailable","unavailable","Wins with exact-match headings, plain-language summaries, updated comparison tables, calculators, and broad long-tail coverage.","Broad and scannable but often generic, affiliate-led, thin on Ontario underwriting evidence, and disconnected from a real exit plan.","observed SERP recurrence; not a traffic estimate"
"24","chase.com","bank / institutional product provider","8","1","8","5","alternative-b|residential|bridge|heloc-equity|rescue","chase; bridge; loans; equity; applications; clear; close; credit","8/800 captured result references","unavailable","unavailable","Wins through product authority, recognizable brand trust, concrete terms, and direct application paths.","Detailed about its own product but cannot neutrally route a borrower across A, B, private, bridge, refinance, and equity structures.","observed SERP recurrence; not a traffic estimate"
"25","hassann.ca","direct lender, brokerage, or specialist","8","1","8","1","bridge","before; bridge; buying; financing; hassan; nouman","8/800 captured result references","unavailable","unavailable","Wins through exact local commercial intent, scenario specificity, speed/equity language, strong CTAs, and service-page relevance.","Commercially relevant but many pages rely on generic approval/speed claims, weak citations, opaque total cost, and little proof of exit planning.","observed SERP recurrence; not a traffic estimate"
"26","blackbear.ca","direct lender, brokerage, or specialist","6","6","6","4","alternative-b|private|bridge|rescue","black; capital; lender; private","6/800 captured result references","unavailable","unavailable","Wins through exact local commercial intent, scenario specificity, speed/equity language, strong CTAs, and service-page relevance.","Commercially relevant but many pages rely on generic approval/speed claims, weak citations, opaque total cost, and little proof of exit planning.","observed SERP recurrence; not a traffic estimate"
"27","renfi.ca","direct lender, brokerage, or specialist","6","4","6","1","renovation","financing; loans; renovation; company; consolidation","6/800 captured result references","unavailable","unavailable","Wins through exact local commercial intent, scenario specificity, speed/equity language, strong CTAs, and service-page relevance.","Commercially relevant but many pages rely on generic approval/speed claims, weak citations, opaque total cost, and little proof of exit planning.","observed SERP recurrence; not a traffic estimate"
"28","insightlawfirm.ca","legal / professional authority","6","1","6","4","private|residential|renovation|rescue","advantages; arrive; avoid; benefits; buyer; close; considerations; construction","6/800 captured result references","unavailable","unavailable","Wins sensitive enforcement queries through legal specificity, Ontario terminology, procedural detail, and professional trust.","Strong on procedure but usually weak on financing feasibility, all-in economics, property underwriting, and lender-path comparisons.","observed SERP recurrence; not a traffic estimate"
"29","lendtoday.ca","direct lender, brokerage, or specialist","6","1","6","4","private|residential|renovation|rescue","lendtoday; solutions; arrears; banks; borrowing; canadians; category; closed","6/800 captured result references","unavailable","unavailable","Wins through exact local commercial intent, scenario specificity, speed/equity language, strong CTAs, and service-page relevance.","Commercially relevant but many pages rely on generic approval/speed claims, weak citations, opaque total cost, and little proof of exit planning.","observed SERP recurrence; not a traffic estimate"
"30","nesto.ca","comparison publisher / finance media","6","0","6","5","alternative-b|private|renovation|heloc-equity|rescue","lender; nesto; application; credit; denied; equity; heloc; improvement","6/800 captured result references","unavailable","unavailable","Wins with exact-match headings, plain-language summaries, updated comparison tables, calculators, and broad long-tail coverage.","Broad and scannable but often generic, affiliate-led, thin on Ontario underwriting evidence, and disconnected from a real exit plan.","observed SERP recurrence; not a traffic estimate"
"31","rocketmortgage.com","direct lender, brokerage, or specialist","6","0","6","4","renovation|bridge|heloc-equity|rescue","rocket; heloc; bridge; choosing; closing; credit; equity; forbearance","6/800 captured result references","unavailable","unavailable","Wins through exact local commercial intent, scenario specificity, speed/equity language, strong CTAs, and service-page relevance.","Commercially relevant but many pages rely on generic approval/speed claims, weak citations, opaque total cost, and little proof of exit planning.","observed SERP recurrence; not a traffic estimate"
"32","chip.ca","direct lender, brokerage, or specialist","6","0","6","2","bridge|heloc-equity","homeequity; bridge; financing; heloc","6/800 captured result references","unavailable","unavailable","Wins through exact local commercial intent, scenario specificity, speed/equity language, strong CTAs, and service-page relevance.","Commercially relevant but many pages rely on generic approval/speed claims, weak citations, opaque total cost, and little proof of exit planning.","observed SERP recurrence; not a traffic estimate"
"33","reddit.com","community / forum","5","2","5","3","renovation|heloc-equity|rescue","denied; after; allow; approval; closing; consolidate; finance; heloc","5/800 captured result references","unavailable","unavailable","Wins on lived-experience language and exact problem phrasing that formal pages often miss.","Authentic language but inconsistent, unsourced, undated, and unsuitable for high-stakes financial decisions without verification.","observed SERP recurrence; not a traffic estimate"
"34","mymortgagefinder.ca","direct lender, brokerage, or specialist","5","0","5","5","alternative-b|private|residential|heloc-equity|rescue","credit; mymortgagefinder; power","5/800 captured result references","unavailable","unavailable","Wins through exact local commercial intent, scenario specificity, speed/equity language, strong CTAs, and service-page relevance.","Commercially relevant but many pages rely on generic approval/speed claims, weak citations, opaque total cost, and little proof of exit planning.","observed SERP recurrence; not a traffic estimate"
"35","bips.ca","direct lender, brokerage, or specialist","4","1","4","2","prime-a|alternative-b","lender; broker; guide; mortgages; canadian; definitions; glossary","4/800 captured result references","unavailable","unavailable","Wins through exact local commercial intent, scenario specificity, speed/equity language, strong CTAs, and service-page relevance.","Commercially relevant but many pages rely on generic approval/speed claims, weak citations, opaque total cost, and little proof of exit planning.","observed SERP recurrence; not a traffic estimate"
"36","ontariolend.ca","direct lender, brokerage, or specialist","4","1","4","3","prime-a|alternative-b|residential","broker; alternative; lending; program; switch; transfer","4/800 captured result references","unavailable","unavailable","Wins through exact local commercial intent, scenario specificity, speed/equity language, strong CTAs, and service-page relevance.","Commercially relevant but many pages rely on generic approval/speed claims, weak citations, opaque total cost, and little proof of exit planning.","observed SERP recurrence; not a traffic estimate"
"37","law.cornell.edu","legal / professional authority","4","1","3","3","alternative-b|private|renovation","information; institute; legal; electronic; federal; regulations; appraisal; review","4/800 captured result references","unavailable","unavailable","Wins sensitive enforcement queries through legal specificity, Ontario terminology, procedural detail, and professional trust.","Strong on procedure but usually weak on financing feasibility, all-in economics, property underwriting, and lender-path comparisons.","observed SERP recurrence; not a traffic estimate"
"38","mortgagewars.ca","direct lender, brokerage, or specialist","4","1","4","1","alternative-b","alternative; broker; lender; lending; options; solutions","4/800 captured result references","unavailable","unavailable","Wins through exact local commercial intent, scenario specificity, speed/equity language, strong CTAs, and service-page relevance.","Commercially relevant but many pages rely on generic approval/speed claims, weak citations, opaque total cost, and little proof of exit planning.","observed SERP recurrence; not a traffic estimate"
"39","finder.com","comparison publisher / finance media","4","1","4","3","private|renovation|heloc-equity","equity; calculate; construction; credit; expect; finder; heloc; loans","4/800 captured result references","unavailable","unavailable","Wins with exact-match headings, plain-language summaries, updated comparison tables, calculators, and broad long-tail coverage.","Broad and scannable but often generic, affiliate-led, thin on Ontario underwriting evidence, and disconnected from a real exit plan.","observed SERP recurrence; not a traffic estimate"
"40","consumer.ftc.gov","government / regulator","4","1","4","2","heloc-equity|rescue","advice; consumer; facing; foreclosure; paying; trouble; equity; credit","4/800 captured result references","unavailable","unavailable","Wins trust through primary-source authority, exhaustive process coverage, neutral risk language, and durable internal linking.","Neutral and authoritative but rarely helps a borrower compare viable routes, model a file, or act with a focused document plan.","observed SERP recurrence; not a traffic estimate"
"41","lso.ca","legal / professional authority","4","0","4","2","prime-a|private","lawyer; society; keeping; mortgages; private; record; transactions; diligence","4/800 captured result references","unavailable","unavailable","Wins sensitive enforcement queries through legal specificity, Ontario terminology, procedural detail, and professional trust.","Strong on procedure but usually weak on financing feasibility, all-in economics, property underwriting, and lender-path comparisons.","observed SERP recurrence; not a traffic estimate"
"42","federalreserve.gov","government / regulator","4","0","2","2","private|renovation","appraisal; interagency; evaluation; guidelines; appendix; estate; guidance; harbor","4/800 captured result references","unavailable","unavailable","Wins trust through primary-source authority, exhaustive process coverage, neutral risk language, and durable internal linking.","Neutral and authoritative but rarely helps a borrower compare viable routes, model a file, or act with a focused document plan.","observed SERP recurrence; not a traffic estimate"
"43","switchmortgages.ca","direct lender, brokerage, or specialist","3","1","1","1","prime-a","asked; easier; estate; frequently; loans; making; private; provider","3/800 captured result references","unavailable","unavailable","Wins through exact local commercial intent, scenario specificity, speed/equity language, strong CTAs, and service-page relevance.","Commercially relevant but many pages rely on generic approval/speed claims, weak citations, opaque total cost, and little proof of exit planning.","observed SERP recurrence; not a traffic estimate"
"44","moneysavingexpert.com","direct lender, brokerage, or specialist","3","1","3","2","prime-a|bridge","bridging; loans; moneysavingexpert; mortgages; product; transfer","3/800 captured result references","unavailable","unavailable","Wins through exact local commercial intent, scenario specificity, speed/equity language, strong CTAs, and service-page relevance.","Commercially relevant but many pages rely on generic approval/speed claims, weak citations, opaque total cost, and little proof of exit planning.","observed SERP recurrence; not a traffic estimate"
"45","creditreboot.ca","direct lender, brokerage, or specialist","3","1","3","2","alternative-b|rescue","mortgages; creditreboot; alternative; banks; lender; arrears; options","3/800 captured result references","unavailable","unavailable","Wins through exact local commercial intent, scenario specificity, speed/equity language, strong CTAs, and service-page relevance.","Commercially relevant but many pages rely on generic approval/speed claims, weak citations, opaque total cost, and little proof of exit planning.","observed SERP recurrence; not a traffic estimate"
"46","buildmyhomeltd.ca","direct lender, brokerage, or specialist","3","1","3","1","renovation","build; finance; options; renovation","3/800 captured result references","unavailable","unavailable","Wins through exact local commercial intent, scenario specificity, speed/equity language, strong CTAs, and service-page relevance.","Commercially relevant but many pages rely on generic approval/speed claims, weak citations, opaque total cost, and little proof of exit planning.","observed SERP recurrence; not a traffic estimate"
"47","theratefinder.ca","direct lender, brokerage, or specialist","3","0","3","2","prime-a|residential","ratefinder; closed; credit; insured; score; uninsured","3/800 captured result references","unavailable","unavailable","Wins through exact local commercial intent, scenario specificity, speed/equity language, strong CTAs, and service-page relevance.","Commercially relevant but many pages rely on generic approval/speed claims, weak citations, opaque total cost, and little proof of exit planning.","observed SERP recurrence; not a traffic estimate"
"48","greenhousemortgage.ca","direct lender, brokerage, or specialist","3","0","3","2","prime-a|alternative-b","lenders; explained; greenhouse","3/800 captured result references","unavailable","unavailable","Wins through exact local commercial intent, scenario specificity, speed/equity language, strong CTAs, and service-page relevance.","Commercially relevant but many pages rely on generic approval/speed claims, weak citations, opaque total cost, and little proof of exit planning.","observed SERP recurrence; not a traffic estimate"
"49","privatemortgagescanada.com","direct lender, brokerage, or specialist","3","0","3","2","alternative-b|private","private; guide; lender; breakdown","3/800 captured result references","unavailable","unavailable","Wins through exact local commercial intent, scenario specificity, speed/equity language, strong CTAs, and service-page relevance.","Commercially relevant but many pages rely on generic approval/speed claims, weak citations, opaque total cost, and little proof of exit planning.","observed SERP recurrence; not a traffic estimate"
"50","goodhomecapital.ca","direct lender, brokerage, or specialist","3","0","3","2","private|rescue","capital; solutions; glossary; private","3/800 captured result references","unavailable","unavailable","Wins through exact local commercial intent, scenario specificity, speed/equity language, strong CTAs, and service-page relevance.","Commercially relevant but many pages rely on generic approval/speed claims, weak citations, opaque total cost, and little proof of exit planning.","observed SERP recurrence; not a traffic estimate"
"51","theprivatemortgages.ca","direct lender, brokerage, or specialist","3","0","2","1","private","private; mortgages; rates; toronto","3/800 captured result references","unavailable","unavailable","Wins through exact local commercial intent, scenario specificity, speed/equity language, strong CTAs, and service-page relevance.","Commercially relevant but many pages rely on generic approval/speed claims, weak citations, opaque total cost, and little proof of exit planning.","observed SERP recurrence; not a traffic estimate"
"52","mortgageontario.ca","direct lender, brokerage, or specialist","3","0","3","2","private|heloc-equity","associates; carroll; roger","3/800 captured result references","unavailable","unavailable","Wins through exact local commercial intent, scenario specificity, speed/equity language, strong CTAs, and service-page relevance.","Commercially relevant but many pages rely on generic approval/speed claims, weak citations, opaque total cost, and little proof of exit planning.","observed SERP recurrence; not a traffic estimate"
"53","redfin.com","direct lender, brokerage, or specialist","3","0","2","2","residential|rescue","redfin; house; approval; forbearance; while","3/800 captured result references","unavailable","unavailable","Wins through exact local commercial intent, scenario specificity, speed/equity language, strong CTAs, and service-page relevance.","Commercially relevant but many pages rely on generic approval/speed claims, weak citations, opaque total cost, and little proof of exit planning.","observed SERP recurrence; not a traffic estimate"
"54","rashidcapital.com","direct lender, brokerage, or specialist","3","0","3","1","bridge","capital; fight; rashid","3/800 captured result references","unavailable","unavailable","Wins through exact local commercial intent, scenario specificity, speed/equity language, strong CTAs, and service-page relevance.","Commercially relevant but many pages rely on generic approval/speed claims, weak citations, opaque total cost, and little proof of exit planning.","observed SERP recurrence; not a traffic estimate"
"55","circlemortgage.ca","direct lender, brokerage, or specialist","2","1","2","2","prime-a|private","broker; burlington; circle; group","2/800 captured result references","unavailable","unavailable","Wins through exact local commercial intent, scenario specificity, speed/equity language, strong CTAs, and service-page relevance.","Commercially relevant but many pages rely on generic approval/speed claims, weak citations, opaque total cost, and little proof of exit planning.","observed SERP recurrence; not a traffic estimate"
"56","bankofamerica.com","bank / institutional product provider","2","1","2","2","prime-a|heloc-equity","credit; america; banking; cards; equity; heloc; loans; merrill","2/800 captured result references","unavailable","unavailable","Wins through product authority, recognizable brand trust, concrete terms, and direct application paths.","Detailed about its own product but cannot neutrally route a borrower across A, B, private, bridge, refinance, and equity structures.","observed SERP recurrence; not a traffic estimate"
"57","summitly.ca","direct lender, brokerage, or specialist","2","1","2","2","prime-a|residential","summitly; explained; fixed; insurance; payment; variable; which","2/800 captured result references","unavailable","unavailable","Wins through exact local commercial intent, scenario specificity, speed/equity language, strong CTAs, and service-page relevance.","Commercially relevant but many pages rely on generic approval/speed claims, weak citations, opaque total cost, and little proof of exit planning.","observed SERP recurrence; not a traffic estimate"
"58","guide-selling.fanniemae.com","direct lender, brokerage, or specialist","2","1","1","1","alternative-b","credit; fannie; determining; general; requirements; score; scores","2/800 captured result references","unavailable","unavailable","Wins through exact local commercial intent, scenario specificity, speed/equity language, strong CTAs, and service-page relevance.","Commercially relevant but many pages rely on generic approval/speed claims, weak citations, opaque total cost, and little proof of exit planning.","observed SERP recurrence; not a traffic estimate"
"59","selling-guide.fanniemae.com","direct lender, brokerage, or specialist","2","1","2","2","alternative-b|renovation","fannie; application; collateral; considerations; documentation; homestyle; mortgages; package","2/800 captured result references","unavailable","unavailable","Wins through exact local commercial intent, scenario specificity, speed/equity language, strong CTAs, and service-page relevance.","Commercially relevant but many pages rely on generic approval/speed claims, weak citations, opaque total cost, and little proof of exit planning.","observed SERP recurrence; not a traffic estimate"
"60","insightscpa.ca","direct lender, brokerage, or specialist","2","1","2","1","residential","accounting; affordability; calculator; insight; rules","2/800 captured result references","unavailable","unavailable","Wins through exact local commercial intent, scenario specificity, speed/equity language, strong CTAs, and service-page relevance.","Commercially relevant but many pages rely on generic approval/speed claims, weak citations, opaque total cost, and little proof of exit planning.","observed SERP recurrence; not a traffic estimate"
"61","amannanda.com","direct lender, brokerage, or specialist","2","1","2","2","renovation|rescue","nanda; credit; improvements; mortgages; purchase","2/800 captured result references","unavailable","unavailable","Wins through exact local commercial intent, scenario specificity, speed/equity language, strong CTAs, and service-page relevance.","Commercially relevant but many pages rely on generic approval/speed claims, weak citations, opaque total cost, and little proof of exit planning.","observed SERP recurrence; not a traffic estimate"
"62","news.ontario.ca","direct lender, brokerage, or specialist","2","1","1","1","renovation","newsroom; applications; building; charge; development; faster; program; reduction","2/800 captured result references","unavailable","unavailable","Wins through exact local commercial intent, scenario specificity, speed/equity language, strong CTAs, and service-page relevance.","Commercially relevant but many pages rely on generic approval/speed claims, weak citations, opaque total cost, and little proof of exit planning.","observed SERP recurrence; not a traffic estimate"
"63","wahi.com","direct lender, brokerage, or specialist","2","1","2","1","bridge","bridge; easily; financing","2/800 captured result references","unavailable","unavailable","Wins through exact local commercial intent, scenario specificity, speed/equity language, strong CTAs, and service-page relevance.","Commercially relevant but many pages rely on generic approval/speed claims, weak citations, opaque total cost, and little proof of exit planning.","observed SERP recurrence; not a traffic estimate"
"64","xero.com","direct lender, brokerage, or specialist","2","1","2","1","bridge","bridge; businesses","2/800 captured result references","unavailable","unavailable","Wins through exact local commercial intent, scenario specificity, speed/equity language, strong CTAs, and service-page relevance.","Commercially relevant but many pages rely on generic approval/speed claims, weak citations, opaque total cost, and little proof of exit planning.","observed SERP recurrence; not a traffic estimate"
"65","oaciq.com","legal / professional authority","2","0","2","2","prime-a|alternative-b","lenders; oaciq; types","2/800 captured result references","unavailable","unavailable","Wins sensitive enforcement queries through legal specificity, Ontario terminology, procedural detail, and professional trust.","Strong on procedure but usually weak on financing feasibility, all-in economics, property underwriting, and lender-path comparisons.","observed SERP recurrence; not a traffic estimate"
"66","jahanlaw.ca","legal / professional authority","2","0","2","2","prime-a|private","jahanshahi; institutional; private","2/800 captured result references","unavailable","unavailable","Wins sensitive enforcement queries through legal specificity, Ontario terminology, procedural detail, and professional trust.","Strong on procedure but usually weak on financing feasibility, all-in economics, property underwriting, and lender-path comparisons.","observed SERP recurrence; not a traffic estimate"
"67","gtamortgagesolutions.ca","direct lender, brokerage, or specialist","2","0","2","2","prime-a|alternative-b","broker; business; employed; hunjan; incorporated; owners","2/800 captured result references","unavailable","unavailable","Wins through exact local commercial intent, scenario specificity, speed/equity language, strong CTAs, and service-page relevance.","Commercially relevant but many pages rely on generic approval/speed claims, weak citations, opaque total cost, and little proof of exit planning.","observed SERP recurrence; not a traffic estimate"
"68","usbank.com","direct lender, brokerage, or specialist","2","0","2","2","prime-a|renovation","banking; calculator; cards; credit; improvement; investing; loans; personal","2/800 captured result references","unavailable","unavailable","Wins through exact local commercial intent, scenario specificity, speed/equity language, strong CTAs, and service-page relevance.","Commercially relevant but many pages rely on generic approval/speed claims, weak citations, opaque total cost, and little proof of exit planning.","observed SERP recurrence; not a traffic estimate"
"69","yieldthenorth.ca","direct lender, brokerage, or specialist","2","0","2","2","prime-a|private","borrowers; investors; lending; north; private; yield","2/800 captured result references","unavailable","unavailable","Wins through exact local commercial intent, scenario specificity, speed/equity language, strong CTAs, and service-page relevance.","Commercially relevant but many pages rely on generic approval/speed claims, weak citations, opaque total cost, and little proof of exit planning.","observed SERP recurrence; not a traffic estimate"
"70","ig.ca","direct lender, brokerage, or specialist","2","0","2","2","prime-a|residential","fixed; mortgages; right; variable; which","2/800 captured result references","unavailable","unavailable","Wins through exact local commercial intent, scenario specificity, speed/equity language, strong CTAs, and service-page relevance.","Commercially relevant but many pages rely on generic approval/speed claims, weak citations, opaque total cost, and little proof of exit planning.","observed SERP recurrence; not a traffic estimate"
"71","thehousingmarket.ca","direct lender, brokerage, or specialist","2","0","2","2","prime-a|residential","housing; market; fixed; variable","2/800 captured result references","unavailable","unavailable","Wins through exact local commercial intent, scenario specificity, speed/equity language, strong CTAs, and service-page relevance.","Commercially relevant but many pages rely on generic approval/speed claims, weak citations, opaque total cost, and little proof of exit planning.","observed SERP recurrence; not a traffic estimate"
"72","paulsawhney.ca","direct lender, brokerage, or specialist","2","0","2","2","prime-a|residential","sawhney; broker; calculator; realtor","2/800 captured result references","unavailable","unavailable","Wins through exact local commercial intent, scenario specificity, speed/equity language, strong CTAs, and service-page relevance.","Commercially relevant but many pages rely on generic approval/speed claims, weak citations, opaque total cost, and little proof of exit planning.","observed SERP recurrence; not a traffic estimate"
"73","rates.ca","comparison publisher / finance media","2","0","2","2","alternative-b|residential","brokers; lenders; rates","2/800 captured result references","unavailable","unavailable","Wins with exact-match headings, plain-language summaries, updated comparison tables, calculators, and broad long-tail coverage.","Broad and scannable but often generic, affiliate-led, thin on Ontario underwriting evidence, and disconnected from a real exit plan.","observed SERP recurrence; not a traffic estimate"
"74","truenorthmortgage.ca","direct lender, brokerage, or specialist","2","0","2","2","alternative-b|private","lender; alternative; north; private; should","2/800 captured result references","unavailable","unavailable","Wins through exact local commercial intent, scenario specificity, speed/equity language, strong CTAs, and service-page relevance.","Commercially relevant but many pages rely on generic approval/speed claims, weak citations, opaque total cost, and little proof of exit planning.","observed SERP recurrence; not a traffic estimate"
"75","osfi-bsif.gc.ca","government / regulator","2","0","2","1","alternative-b","guideline; consultation; final; financial; initial; institutions; office; practices","2/800 captured result references","unavailable","unavailable","Wins trust through primary-source authority, exhaustive process coverage, neutral risk language, and durable internal linking.","Neutral and authoritative but rarely helps a borrower compare viable routes, model a file, or act with a focused document plan.","observed SERP recurrence; not a traffic estimate"
"76","brightpathcapital.ca","direct lender, brokerage, or specialist","2","0","2","2","alternative-b|private","brightpath; capital; corporation","2/800 captured result references","unavailable","unavailable","Wins through exact local commercial intent, scenario specificity, speed/equity language, strong CTAs, and service-page relevance.","Commercially relevant but many pages rely on generic approval/speed claims, weak citations, opaque total cost, and little proof of exit planning.","observed SERP recurrence; not a traffic estimate"
"77","ownright.com","direct lender, brokerage, or specialist","2","0","2","2","private|bridge","ownright; before; bridge; closing; estate; financing","2/800 captured result references","unavailable","unavailable","Wins through exact local commercial intent, scenario specificity, speed/equity language, strong CTAs, and service-page relevance.","Commercially relevant but many pages rely on generic approval/speed claims, weak citations, opaque total cost, and little proof of exit planning.","observed SERP recurrence; not a traffic estimate"
"78","firsthomeontario.ca","direct lender, brokerage, or specialist","2","0","2","1","residential","buyer; first; affordability; calculator; guide; legislative; timeline; update","2/800 captured result references","unavailable","unavailable","Wins through exact local commercial intent, scenario specificity, speed/equity language, strong CTAs, and service-page relevance.","Commercially relevant but many pages rely on generic approval/speed claims, weak citations, opaque total cost, and little proof of exit planning.","observed SERP recurrence; not a traffic estimate"
"79","rbcroyalbank.com","bank / institutional product provider","2","0","2","2","residential|renovation","royal; different; improvement; loans; mortgages; types","2/800 captured result references","unavailable","unavailable","Wins through product authority, recognizable brand trust, concrete terms, and direct application paths.","Detailed about its own product but cannot neutrally route a borrower across A, B, private, bridge, refinance, and equity structures.","observed SERP recurrence; not a traffic estimate"
"80","clearkey.ca","direct lender, brokerage, or specialist","2","0","2","2","residential|bridge","clearkey; bridge; calculator; canadian; costs; financing; qualifies; stress","2/800 captured result references","unavailable","unavailable","Wins through exact local commercial intent, scenario specificity, speed/equity language, strong CTAs, and service-page relevance.","Commercially relevant but many pages rely on generic approval/speed claims, weak citations, opaque total cost, and little proof of exit planning.","observed SERP recurrence; not a traffic estimate"
"81","nbc.ca","bank / institutional product provider","2","0","2","1","renovation","finance; national; needs; purchase; renovations","2/800 captured result references","unavailable","unavailable","Wins through product authority, recognizable brand trust, concrete terms, and direct application paths.","Detailed about its own product but cannot neutrally route a borrower across A, B, private, bridge, refinance, and equity structures.","observed SERP recurrence; not a traffic estimate"
"82","pdrenovations.ca","direct lender, brokerage, or specialist","2","0","2","1","renovation","finance; renovations","2/800 captured result references","unavailable","unavailable","Wins through exact local commercial intent, scenario specificity, speed/equity language, strong CTAs, and service-page relevance.","Commercially relevant but many pages rely on generic approval/speed claims, weak citations, opaque total cost, and little proof of exit planning.","observed SERP recurrence; not a traffic estimate"
"83","toronto.ca","direct lender, brokerage, or specialist","2","0","2","1","renovation","construction; delays; houses; multi; parliament; program; renovation; repair","2/800 captured result references","unavailable","unavailable","Wins through exact local commercial intent, scenario specificity, speed/equity language, strong CTAs, and service-page relevance.","Commercially relevant but many pages rely on generic approval/speed claims, weak citations, opaque total cost, and little proof of exit planning.","observed SERP recurrence; not a traffic estimate"
"84","tembofinancial.com","direct lender, brokerage, or specialist","2","0","2","2","renovation|bridge","employed; lender; loans; private; renovation","2/800 captured result references","unavailable","unavailable","Wins through exact local commercial intent, scenario specificity, speed/equity language, strong CTAs, and service-page relevance.","Commercially relevant but many pages rely on generic approval/speed claims, weak citations, opaque total cost, and little proof of exit planning.","observed SERP recurrence; not a traffic estimate"
"85","fastmortgages.ca","direct lender, brokerage, or specialist","2","0","2","2","renovation|heloc-equity","mortgages","2/800 captured result references","unavailable","unavailable","Wins through exact local commercial intent, scenario specificity, speed/equity language, strong CTAs, and service-page relevance.","Commercially relevant but many pages rely on generic approval/speed claims, weak citations, opaque total cost, and little proof of exit planning.","observed SERP recurrence; not a traffic estimate"
"86","td.com","bank / institutional product provider","2","0","2","1","bridge","bridge; financing; trust","2/800 captured result references","unavailable","unavailable","Wins through product authority, recognizable brand trust, concrete terms, and direct application paths.","Detailed about its own product but cannot neutrally route a borrower across A, B, private, bridge, refinance, and equity structures.","observed SERP recurrence; not a traffic estimate"
"87","sofi.com","direct lender, brokerage, or specialist","2","0","2","2","bridge|heloc-equity","heloc; bridge; credit; difference; personal","2/800 captured result references","unavailable","unavailable","Wins through exact local commercial intent, scenario specificity, speed/equity language, strong CTAs, and service-page relevance.","Commercially relevant but many pages rely on generic approval/speed claims, weak citations, opaque total cost, and little proof of exit planning.","observed SERP recurrence; not a traffic estimate"
"88","ratescout.ca","direct lender, brokerage, or specialist","2","0","2","1","heloc-equity","equity; guide; heloc; rates; ratescout","2/800 captured result references","unavailable","unavailable","Wins through exact local commercial intent, scenario specificity, speed/equity language, strong CTAs, and service-page relevance.","Commercially relevant but many pages rely on generic approval/speed claims, weak citations, opaque total cost, and little proof of exit planning.","observed SERP recurrence; not a traffic estimate"
"89","bills.com","direct lender, brokerage, or specialist","2","0","2","1","heloc-equity","bills; heloc; requirements","2/800 captured result references","unavailable","unavailable","Wins through exact local commercial intent, scenario specificity, speed/equity language, strong CTAs, and service-page relevance.","Commercially relevant but many pages rely on generic approval/speed claims, weak citations, opaque total cost, and little proof of exit planning.","observed SERP recurrence; not a traffic estimate"
"90","lendingtree.com","direct lender, brokerage, or specialist","2","0","2","1","heloc-equity","credit; equity; lendingtree; heloc; income; minimum; needed; requirements","2/800 captured result references","unavailable","unavailable","Wins through exact local commercial intent, scenario specificity, speed/equity language, strong CTAs, and service-page relevance.","Commercially relevant but many pages rely on generic approval/speed claims, weak citations, opaque total cost, and little proof of exit planning.","observed SERP recurrence; not a traffic estimate"
"91","homeequityloans.ca","direct lender, brokerage, or specialist","2","0","2","1","heloc-equity","equity; helocs; homeequityloans; loans","2/800 captured result references","unavailable","unavailable","Wins through exact local commercial intent, scenario specificity, speed/equity language, strong CTAs, and service-page relevance.","Commercially relevant but many pages rely on generic approval/speed claims, weak citations, opaque total cost, and little proof of exit planning.","observed SERP recurrence; not a traffic estimate"
"92","moneyhelper.org.uk","direct lender, brokerage, or specialist","2","0","2","1","rescue","application; declined; moneyhelper","2/800 captured result references","unavailable","unavailable","Wins through exact local commercial intent, scenario specificity, speed/equity language, strong CTAs, and service-page relevance.","Commercially relevant but many pages rely on generic approval/speed claims, weak citations, opaque total cost, and little proof of exit planning.","observed SERP recurrence; not a traffic estimate"
"93","equifax.com","direct lender, brokerage, or specialist","2","0","2","1","rescue","application; denied","2/800 captured result references","unavailable","unavailable","Wins through exact local commercial intent, scenario specificity, speed/equity language, strong CTAs, and service-page relevance.","Commercially relevant but many pages rely on generic approval/speed claims, weak citations, opaque total cost, and little proof of exit planning.","observed SERP recurrence; not a traffic estimate"
"94","fidelity.ca","direct lender, brokerage, or specialist","1","1","1","1","prime-a","credit; minimum; needed; score","1/800 captured result references","unavailable","unavailable","Wins through exact local commercial intent, scenario specificity, speed/equity language, strong CTAs, and service-page relevance.","Commercially relevant but many pages rely on generic approval/speed claims, weak citations, opaque total cost, and little proof of exit planning.","observed SERP recurrence; not a traffic estimate"
"95","cornellmortgages.ca","direct lender, brokerage, or specialist","1","1","1","1","prime-a","commercial; estate; solutions","1/800 captured result references","unavailable","unavailable","Wins through exact local commercial intent, scenario specificity, speed/equity language, strong CTAs, and service-page relevance.","Commercially relevant but many pages rely on generic approval/speed claims, weak citations, opaque total cost, and little proof of exit planning.","observed SERP recurrence; not a traffic estimate"
"96","altrua.ca","direct lender, brokerage, or specialist","1","1","1","1","alternative-b","lender; rates","1/800 captured result references","unavailable","unavailable","Wins through exact local commercial intent, scenario specificity, speed/equity language, strong CTAs, and service-page relevance.","Commercially relevant but many pages rely on generic approval/speed claims, weak citations, opaque total cost, and little proof of exit planning.","observed SERP recurrence; not a traffic estimate"
"97","lighthouselending.ca","direct lender, brokerage, or specialist","1","1","1","1","private","broker; close; faster","1/800 captured result references","unavailable","unavailable","Wins through exact local commercial intent, scenario specificity, speed/equity language, strong CTAs, and service-page relevance.","Commercially relevant but many pages rely on generic approval/speed claims, weak citations, opaque total cost, and little proof of exit planning.","observed SERP recurrence; not a traffic estimate"
"98","manulifebank.ca","bank / institutional product provider","1","1","1","1","renovation","financing; manulife; renovation","1/800 captured result references","unavailable","unavailable","Wins through product authority, recognizable brand trust, concrete terms, and direct application paths.","Detailed about its own product but cannot neutrally route a borrower across A, B, private, bridge, refinance, and equity structures.","observed SERP recurrence; not a traffic estimate"
"99","renofi.com","direct lender, brokerage, or specialist","1","1","1","1","renovation","renofi; contractors","1/800 captured result references","unavailable","unavailable","Wins through exact local commercial intent, scenario specificity, speed/equity language, strong CTAs, and service-page relevance.","Commercially relevant but many pages rely on generic approval/speed claims, weak citations, opaque total cost, and little proof of exit planning.","observed SERP recurrence; not a traffic estimate"
"100","sagen.ca","direct lender, brokerage, or specialist","1","1","1","1","renovation","improvements; program; purchase","1/800 captured result references","unavailable","unavailable","Wins through exact local commercial intent, scenario specificity, speed/equity language, strong CTAs, and service-page relevance.","Commercially relevant but many pages rely on generic approval/speed claims, weak citations, opaque total cost, and little proof of exit planning.","observed SERP recurrence; not a traffic estimate"
"101","merriam-webster.com","direct lender, brokerage, or specialist","1","1","1","1","renovation","definition; meaning; urgent","1/800 captured result references","unavailable","unavailable","Wins through exact local commercial intent, scenario specificity, speed/equity language, strong CTAs, and service-page relevance.","Commercially relevant but many pages rely on generic approval/speed claims, weak citations, opaque total cost, and little proof of exit planning.","observed SERP recurrence; not a traffic estimate"
"102","lesolace.com","direct lender, brokerage, or specialist","1","1","1","1","bridge","bridge; corporation; explained; financing; lesolace; refinance","1/800 captured result references","unavailable","unavailable","Wins through exact local commercial intent, scenario specificity, speed/equity language, strong CTAs, and service-page relevance.","Commercially relevant but many pages rely on generic approval/speed claims, weak citations, opaque total cost, and little proof of exit planning.","observed SERP recurrence; not a traffic estimate"
"103","itbsolutions.ca","direct lender, brokerage, or specialist","1","1","1","1","bridge","bridge; capital; exchanges; financing; incorporated; markets; solutions; stock","1/800 captured result references","unavailable","unavailable","Wins through exact local commercial intent, scenario specificity, speed/equity language, strong CTAs, and service-page relevance.","Commercially relevant but many pages rely on generic approval/speed claims, weak citations, opaque total cost, and little proof of exit planning.","observed SERP recurrence; not a traffic estimate"
"104","ahlend.com","direct lender, brokerage, or specialist","1","1","1","1","bridge","american; bridge; documentation; heritage; lenders; lending","1/800 captured result references","unavailable","unavailable","Wins through exact local commercial intent, scenario specificity, speed/equity language, strong CTAs, and service-page relevance.","Commercially relevant but many pages rely on generic approval/speed claims, weak citations, opaque total cost, and little proof of exit planning.","observed SERP recurrence; not a traffic estimate"
"105","richviewcapital.com","direct lender, brokerage, or specialist","1","1","1","1","bridge","capital; construction; financing; lending; private; richview","1/800 captured result references","unavailable","unavailable","Wins through exact local commercial intent, scenario specificity, speed/equity language, strong CTAs, and service-page relevance.","Commercially relevant but many pages rely on generic approval/speed claims, weak citations, opaque total cost, and little proof of exit planning.","observed SERP recurrence; not a traffic estimate"
"106","apply.helocrate.ca","direct lender, brokerage, or specialist","1","1","1","1","heloc-equity","helocrate","1/800 captured result references","unavailable","unavailable","Wins through exact local commercial intent, scenario specificity, speed/equity language, strong CTAs, and service-page relevance.","Commercially relevant but many pages rely on generic approval/speed claims, weak citations, opaque total cost, and little proof of exit planning.","observed SERP recurrence; not a traffic estimate"
"107","bankofcanada.ca","direct lender, brokerage, or specialist","1","0","1","1","prime-a","financial; indicators; stability","1/800 captured result references","unavailable","unavailable","Wins through exact local commercial intent, scenario specificity, speed/equity language, strong CTAs, and service-page relevance.","Commercially relevant but many pages rely on generic approval/speed claims, weak citations, opaque total cost, and little proof of exit planning.","observed SERP recurrence; not a traffic estimate"
"108","homemortgageontario.ca","direct lender, brokerage, or specialist","1","0","1","1","prime-a","employed; financing; income; options; stated","1/800 captured result references","unavailable","unavailable","Wins through exact local commercial intent, scenario specificity, speed/equity language, strong CTAs, and service-page relevance.","Commercially relevant but many pages rely on generic approval/speed claims, weak citations, opaque total cost, and little proof of exit planning.","observed SERP recurrence; not a traffic estimate"
"109","garrysidhu.ca","direct lender, brokerage, or specialist","1","0","1","1","prime-a","approvals; business; employed; garry; mortgages; sidhu","1/800 captured result references","unavailable","unavailable","Wins through exact local commercial intent, scenario specificity, speed/equity language, strong CTAs, and service-page relevance.","Commercially relevant but many pages rely on generic approval/speed claims, weak citations, opaque total cost, and little proof of exit planning.","observed SERP recurrence; not a traffic estimate"
"110","en.wikipedia.org","direct lender, brokerage, or specialist","1","0","1","1","prime-a","","1/800 captured result references","unavailable","unavailable","Wins through exact local commercial intent, scenario specificity, speed/equity language, strong CTAs, and service-page relevance.","Commercially relevant but many pages rely on generic approval/speed claims, weak citations, opaque total cost, and little proof of exit planning.","observed SERP recurrence; not a traffic estimate"
"111","bankbsf.com","direct lender, brokerage, or specialist","1","0","1","1","prime-a","francisco","1/800 captured result references","unavailable","unavailable","Wins through exact local commercial intent, scenario specificity, speed/equity language, strong CTAs, and service-page relevance.","Commercially relevant but many pages rely on generic approval/speed claims, weak citations, opaque total cost, and little proof of exit planning.","observed SERP recurrence; not a traffic estimate"
"112","bank.bank","direct lender, brokerage, or specialist","1","0","1","1","prime-a","banking; lending; premier","1/800 captured result references","unavailable","unavailable","Wins through exact local commercial intent, scenario specificity, speed/equity language, strong CTAs, and service-page relevance.","Commercially relevant but many pages rely on generic approval/speed claims, weak citations, opaque total cost, and little proof of exit planning.","observed SERP recurrence; not a traffic estimate"
"113","mrates.ca","comparison publisher / finance media","1","0","1","1","prime-a","fixed; market; mrates; outlook; variable","1/800 captured result references","unavailable","unavailable","Wins with exact-match headings, plain-language summaries, updated comparison tables, calculators, and broad long-tail coverage.","Broad and scannable but often generic, affiliate-led, thin on Ontario underwriting evidence, and disconnected from a real exit plan.","observed SERP recurrence; not a traffic estimate"
"114","money-solutions.ca","direct lender, brokerage, or specialist","1","0","1","1","prime-a","agency; excellence; history; money; solutions","1/800 captured result references","unavailable","unavailable","Wins through exact local commercial intent, scenario specificity, speed/equity language, strong CTAs, and service-page relevance.","Commercially relevant but many pages rely on generic approval/speed claims, weak citations, opaque total cost, and little proof of exit planning.","observed SERP recurrence; not a traffic estimate"
"115","keystonecmb.ca","direct lender, brokerage, or specialist","1","0","1","1","prime-a","brokers; commercial; construction; financing; keystone","1/800 captured result references","unavailable","unavailable","Wins through exact local commercial intent, scenario specificity, speed/equity language, strong CTAs, and service-page relevance.","Commercially relevant but many pages rely on generic approval/speed claims, weak citations, opaque total cost, and little proof of exit planning.","observed SERP recurrence; not a traffic estimate"
"116","epireon.com","direct lender, brokerage, or specialist","1","0","1","1","prime-a","about; brokerage; capital; epireon; group","1/800 captured result references","unavailable","unavailable","Wins through exact local commercial intent, scenario specificity, speed/equity language, strong CTAs, and service-page relevance.","Commercially relevant but many pages rely on generic approval/speed claims, weak citations, opaque total cost, and little proof of exit planning.","observed SERP recurrence; not a traffic estimate"
"117","prime-mortgage.ca","direct lender, brokerage, or specialist","1","0","1","1","prime-a","broker; prime","1/800 captured result references","unavailable","unavailable","Wins through exact local commercial intent, scenario specificity, speed/equity language, strong CTAs, and service-page relevance.","Commercially relevant but many pages rely on generic approval/speed claims, weak citations, opaque total cost, and little proof of exit planning.","observed SERP recurrence; not a traffic estimate"
"118","loanscanada.ca","direct lender, brokerage, or specialist","1","0","1","1","prime-a","application; checklist; documents; everything","1/800 captured result references","unavailable","unavailable","Wins through exact local commercial intent, scenario specificity, speed/equity language, strong CTAs, and service-page relevance.","Commercially relevant but many pages rely on generic approval/speed claims, weak citations, opaque total cost, and little proof of exit planning.","observed SERP recurrence; not a traffic estimate"
"119","equitymainlymatters.ca","direct lender, brokerage, or specialist","1","0","1","1","prime-a","agent; broker; toronto","1/800 captured result references","unavailable","unavailable","Wins through exact local commercial intent, scenario specificity, speed/equity language, strong CTAs, and service-page relevance.","Commercially relevant but many pages rely on generic approval/speed claims, weak citations, opaque total cost, and little proof of exit planning.","observed SERP recurrence; not a traffic estimate"
"120","crownmortgagecorp.ca","direct lender, brokerage, or specialist","1","0","1","1","prime-a","crown; emergency","1/800 captured result references","unavailable","unavailable","Wins through exact local commercial intent, scenario specificity, speed/equity language, strong CTAs, and service-page relevance.","Commercially relevant but many pages rely on generic approval/speed claims, weak citations, opaque total cost, and little proof of exit planning.","observed SERP recurrence; not a traffic estimate"
"121","getflowmortgage.ca","direct lender, brokerage, or specialist","1","0","1","1","prime-a","denied; renewal","1/800 captured result references","unavailable","unavailable","Wins through exact local commercial intent, scenario specificity, speed/equity language, strong CTAs, and service-page relevance.","Commercially relevant but many pages rely on generic approval/speed claims, weak citations, opaque total cost, and little proof of exit planning.","observed SERP recurrence; not a traffic estimate"
"122","lexisnexis.co.uk","direct lender, brokerage, or specialist","1","0","1","1","alternative-b","definition; glossary; institutional; legal; lender; lexisnexis","1/800 captured result references","unavailable","unavailable","Wins through exact local commercial intent, scenario specificity, speed/equity language, strong CTAs, and service-page relevance.","Commercially relevant but many pages rely on generic approval/speed claims, weak citations, opaque total cost, and little proof of exit planning.","observed SERP recurrence; not a traffic estimate"
"123","remic.ca","direct lender, brokerage, or specialist","1","0","1","1","alternative-b","lenders; lending","1/800 captured result references","unavailable","unavailable","Wins through exact local commercial intent, scenario specificity, speed/equity language, strong CTAs, and service-page relevance.","Commercially relevant but many pages rely on generic approval/speed claims, weak citations, opaque total cost, and little proof of exit planning.","observed SERP recurrence; not a traffic estimate"
"124","mortgages.ca","direct lender, brokerage, or specialist","1","0","1","1","alternative-b","lending; alternative; intro","1/800 captured result references","unavailable","unavailable","Wins through exact local commercial intent, scenario specificity, speed/equity language, strong CTAs, and service-page relevance.","Commercially relevant but many pages rely on generic approval/speed claims, weak citations, opaque total cost, and little proof of exit planning.","observed SERP recurrence; not a traffic estimate"
"125","meyermortgages.ca","direct lender, brokerage, or specialist","1","0","1","1","alternative-b","meyer; broker; jacob; mortgages; snitman; toronto","1/800 captured result references","unavailable","unavailable","Wins through exact local commercial intent, scenario specificity, speed/equity language, strong CTAs, and service-page relevance.","Commercially relevant but many pages rely on generic approval/speed claims, weak citations, opaque total cost, and little proof of exit planning.","observed SERP recurrence; not a traffic estimate"
"126","yourhome.fanniemae.com","direct lender, brokerage, or specialist","1","0","1","1","alternative-b","apply; documents; fannie","1/800 captured result references","unavailable","unavailable","Wins through exact local commercial intent, scenario specificity, speed/equity language, strong CTAs, and service-page relevance.","Commercially relevant but many pages rely on generic approval/speed claims, weak citations, opaque total cost, and little proof of exit planning.","observed SERP recurrence; not a traffic estimate"
"127","chaussemortgages.ca","direct lender, brokerage, or specialist","1","0","1","1","alternative-b","alternative; approval; chausse; falls; group; lender; niagara","1/800 captured result references","unavailable","unavailable","Wins through exact local commercial intent, scenario specificity, speed/equity language, strong CTAs, and service-page relevance.","Commercially relevant but many pages rely on generic approval/speed claims, weak citations, opaque total cost, and little proof of exit planning.","observed SERP recurrence; not a traffic estimate"
"128","mortgageslab.ca","direct lender, brokerage, or specialist","1","0","1","1","alternative-b","mortgages; lender; renewal; strategy","1/800 captured result references","unavailable","unavailable","Wins through exact local commercial intent, scenario specificity, speed/equity language, strong CTAs, and service-page relevance.","Commercially relevant but many pages rely on generic approval/speed claims, weak citations, opaque total cost, and little proof of exit planning.","observed SERP recurrence; not a traffic estimate"
"129","mortgagebrokerstore.com","direct lender, brokerage, or specialist","1","0","1","1","private","broker; guidelines; lending; pricing; store","1/800 captured result references","unavailable","unavailable","Wins through exact local commercial intent, scenario specificity, speed/equity language, strong CTAs, and service-page relevance.","Commercially relevant but many pages rely on generic approval/speed claims, weak citations, opaque total cost, and little proof of exit planning.","observed SERP recurrence; not a traffic estimate"
"130","transunion.com","direct lender, brokerage, or specialist","1","0","1","1","private","equity; refinance; transunion","1/800 captured result references","unavailable","unavailable","Wins through exact local commercial intent, scenario specificity, speed/equity language, strong CTAs, and service-page relevance.","Commercially relevant but many pages rely on generic approval/speed claims, weak citations, opaque total cost, and little proof of exit planning.","observed SERP recurrence; not a traffic estimate"
"131","fca.gov","direct lender, brokerage, or specialist","1","0","1","1","private","administration; collateral; credit; evaluations","1/800 captured result references","unavailable","unavailable","Wins through exact local commercial intent, scenario specificity, speed/equity language, strong CTAs, and service-page relevance.","Commercially relevant but many pages rely on generic approval/speed claims, weak citations, opaque total cost, and little proof of exit planning.","observed SERP recurrence; not a traffic estimate"
"132","financevine.ca","direct lender, brokerage, or specialist","1","0","1","1","private","explained; financevine; first; mortgages; second; third","1/800 captured result references","unavailable","unavailable","Wins through exact local commercial intent, scenario specificity, speed/equity language, strong CTAs, and service-page relevance.","Commercially relevant but many pages rely on generic approval/speed claims, weak citations, opaque total cost, and little proof of exit planning.","observed SERP recurrence; not a traffic estimate"
"133","dvcapitalcorp.com","direct lender, brokerage, or specialist","1","0","1","1","private","advisory; broker; capital; lender; private","1/800 captured result references","unavailable","unavailable","Wins through exact local commercial intent, scenario specificity, speed/equity language, strong CTAs, and service-page relevance.","Commercially relevant but many pages rely on generic approval/speed claims, weak citations, opaque total cost, and little proof of exit planning.","observed SERP recurrence; not a traffic estimate"
"134","privatemortgagelending.ca","direct lender, brokerage, or specialist","1","0","1","1","private","private; broker; lending; toronto","1/800 captured result references","unavailable","unavailable","Wins through exact local commercial intent, scenario specificity, speed/equity language, strong CTAs, and service-page relevance.","Commercially relevant but many pages rely on generic approval/speed claims, weak citations, opaque total cost, and little proof of exit planning.","observed SERP recurrence; not a traffic estimate"
"135","busseyainsworth.ca","direct lender, brokerage, or specialist","1","0","1","1","private","actually; closing; estate","1/800 captured result references","unavailable","unavailable","Wins through exact local commercial intent, scenario specificity, speed/equity language, strong CTAs, and service-page relevance.","Commercially relevant but many pages rely on generic approval/speed claims, weak citations, opaque total cost, and little proof of exit planning.","observed SERP recurrence; not a traffic estimate"
"136","examace.ca","direct lender, brokerage, or specialist","1","0","1","1","residential","estate; glossary; types","1/800 captured result references","unavailable","unavailable","Wins through exact local commercial intent, scenario specificity, speed/equity language, strong CTAs, and service-page relevance.","Commercially relevant but many pages rely on generic approval/speed claims, weak citations, opaque total cost, and little proof of exit planning.","observed SERP recurrence; not a traffic estimate"
"137","tejthakor.ca","direct lender, brokerage, or specialist","1","0","1","1","residential","buyer; first; thakor","1/800 captured result references","unavailable","unavailable","Wins through exact local commercial intent, scenario specificity, speed/equity language, strong CTAs, and service-page relevance.","Commercially relevant but many pages rely on generic approval/speed claims, weak citations, opaque total cost, and little proof of exit planning.","observed SERP recurrence; not a traffic estimate"
"138","mortgageproscan.ca","direct lender, brokerage, or specialist","1","0","1","1","residential","different; mortgages; types","1/800 captured result references","unavailable","unavailable","Wins through exact local commercial intent, scenario specificity, speed/equity language, strong CTAs, and service-page relevance.","Commercially relevant but many pages rely on generic approval/speed claims, weak citations, opaque total cost, and little proof of exit planning.","observed SERP recurrence; not a traffic estimate"
"139","wise.com","direct lender, brokerage, or specialist","1","0","1","1","residential","choose; mortgages; types","1/800 captured result references","unavailable","unavailable","Wins through exact local commercial intent, scenario specificity, speed/equity language, strong CTAs, and service-page relevance.","Commercially relevant but many pages rely on generic approval/speed claims, weak citations, opaque total cost, and little proof of exit planning.","observed SERP recurrence; not a traffic estimate"
"140","realtorimran.ca","direct lender, brokerage, or specialist","1","0","1","1","residential","better; broker; brokerage; group; hafeez; imran; street; which","1/800 captured result references","unavailable","unavailable","Wins through exact local commercial intent, scenario specificity, speed/equity language, strong CTAs, and service-page relevance.","Commercially relevant but many pages rely on generic approval/speed claims, weak citations, opaque total cost, and little proof of exit planning.","observed SERP recurrence; not a traffic estimate"
"141","ontariohousepartners.ca","direct lender, brokerage, or specialist","1","0","1","1","residential","broker; house; partners","1/800 captured result references","unavailable","unavailable","Wins through exact local commercial intent, scenario specificity, speed/equity language, strong CTAs, and service-page relevance.","Commercially relevant but many pages rely on generic approval/speed claims, weak citations, opaque total cost, and little proof of exit planning.","observed SERP recurrence; not a traffic estimate"
"142","getadvantage.ca","direct lender, brokerage, or specialist","1","0","1","1","residential","closed; difference","1/800 captured result references","unavailable","unavailable","Wins through exact local commercial intent, scenario specificity, speed/equity language, strong CTAs, and service-page relevance.","Commercially relevant but many pages rely on generic approval/speed claims, weak citations, opaque total cost, and little proof of exit planning.","observed SERP recurrence; not a traffic estimate"
"143","canadianrates.ca","comparison publisher / finance media","1","0","1","1","residential","rates; canadian; insured; uninsured","1/800 captured result references","unavailable","unavailable","Wins with exact-match headings, plain-language summaries, updated comparison tables, calculators, and broad long-tail coverage.","Broad and scannable but often generic, affiliate-led, thin on Ontario underwriting evidence, and disconnected from a real exit plan.","observed SERP recurrence; not a traffic estimate"
"144","hopewellmortgages.ca","direct lender, brokerage, or specialist","1","0","1","1","residential","broker; business; commercial; heloc; loans; mortgages; private; refinance","1/800 captured result references","unavailable","unavailable","Wins through exact local commercial intent, scenario specificity, speed/equity language, strong CTAs, and service-page relevance.","Commercially relevant but many pages rely on generic approval/speed claims, weak citations, opaque total cost, and little proof of exit planning.","observed SERP recurrence; not a traffic estimate"
"145","parkwoodmortgage.com","direct lender, brokerage, or specialist","1","0","1","1","residential","developers; financing; homeowners; parkwood; solutions","1/800 captured result references","unavailable","unavailable","Wins through exact local commercial intent, scenario specificity, speed/equity language, strong CTAs, and service-page relevance.","Commercially relevant but many pages rely on generic approval/speed claims, weak citations, opaque total cost, and little proof of exit planning.","observed SERP recurrence; not a traffic estimate"
"146","desjardins.com","bank / institutional product provider","1","0","1","1","residential","approved; desjardins","1/800 captured result references","unavailable","unavailable","Wins through product authority, recognizable brand trust, concrete terms, and direct application paths.","Detailed about its own product but cannot neutrally route a borrower across A, B, private, bridge, refinance, and equity structures.","observed SERP recurrence; not a traffic estimate"
"147","mcnetwork.ca","direct lender, brokerage, or specialist","1","0","1","1","residential","brokers; capital; lenders; magellan; network","1/800 captured result references","unavailable","unavailable","Wins through exact local commercial intent, scenario specificity, speed/equity language, strong CTAs, and service-page relevance.","Commercially relevant but many pages rely on generic approval/speed claims, weak citations, opaque total cost, and little proof of exit planning.","observed SERP recurrence; not a traffic estimate"
"148","riofinancial.ca","direct lender, brokerage, or specialist","1","0","1","1","residential","approvals; broker; great; rates","1/800 captured result references","unavailable","unavailable","Wins through exact local commercial intent, scenario specificity, speed/equity language, strong CTAs, and service-page relevance.","Commercially relevant but many pages rely on generic approval/speed claims, weak citations, opaque total cost, and little proof of exit planning.","observed SERP recurrence; not a traffic estimate"
"149","rabideaulaw.ca","legal / professional authority","1","0","1","1","residential","bought; close; house; rabideau; seller","1/800 captured result references","unavailable","unavailable","Wins sensitive enforcement queries through legal specificity, Ontario terminology, procedural detail, and professional trust.","Strong on procedure but usually weak on financing feasibility, all-in economics, property underwriting, and lender-path comparisons.","observed SERP recurrence; not a traffic estimate"
"150","deeded.ca","direct lender, brokerage, or specialist","1","0","1","1","residential","appraisal; buyers; deeded; deposits; losing; problem; their","1/800 captured result references","unavailable","unavailable","Wins through exact local commercial intent, scenario specificity, speed/equity language, strong CTAs, and service-page relevance.","Commercially relevant but many pages rely on generic approval/speed claims, weak citations, opaque total cost, and little proof of exit planning.","observed SERP recurrence; not a traffic estimate"
"151","propretty.ca","direct lender, brokerage, or specialist","1","0","1","1","renovation","financing; pretty; renovation","1/800 captured result references","unavailable","unavailable","Wins through exact local commercial intent, scenario specificity, speed/equity language, strong CTAs, and service-page relevance.","Commercially relevant but many pages rely on generic approval/speed claims, weak citations, opaque total cost, and little proof of exit planning.","observed SERP recurrence; not a traffic estimate"
"152","support.fig.ca","direct lender, brokerage, or specialist","1","0","1","1","renovation","support","1/800 captured result references","unavailable","unavailable","Wins through exact local commercial intent, scenario specificity, speed/equity language, strong CTAs, and service-page relevance.","Commercially relevant but many pages rely on generic approval/speed claims, weak citations, opaque total cost, and little proof of exit planning.","observed SERP recurrence; not a traffic estimate"
"153","advantecredit.com","direct lender, brokerage, or specialist","1","0","1","1","renovation","","1/800 captured result references","unavailable","unavailable","Wins through exact local commercial intent, scenario specificity, speed/equity language, strong CTAs, and service-page relevance.","Commercially relevant but many pages rely on generic approval/speed claims, weak citations, opaque total cost, and little proof of exit planning.","observed SERP recurrence; not a traffic estimate"
"154","countyofrenfrew.on.ca","direct lender, brokerage, or specialist","1","0","1","1","renovation","orprogram","1/800 captured result references","unavailable","unavailable","Wins through exact local commercial intent, scenario specificity, speed/equity language, strong CTAs, and service-page relevance.","Commercially relevant but many pages rely on generic approval/speed claims, weak citations, opaque total cost, and little proof of exit planning.","observed SERP recurrence; not a traffic estimate"
"155","hnhss.ca","direct lender, brokerage, or specialist","1","0","1","1","renovation","hnhss; program; renovates","1/800 captured result references","unavailable","unavailable","Wins through exact local commercial intent, scenario specificity, speed/equity language, strong CTAs, and service-page relevance.","Commercially relevant but many pages rely on generic approval/speed claims, weak citations, opaque total cost, and little proof of exit planning.","observed SERP recurrence; not a traffic estimate"
"156","brantford.ca","direct lender, brokerage, or specialist","1","0","1","1","renovation","brantford; funding; ownership; repairs","1/800 captured result references","unavailable","unavailable","Wins through exact local commercial intent, scenario specificity, speed/equity language, strong CTAs, and service-page relevance.","Commercially relevant but many pages rely on generic approval/speed claims, weak citations, opaque total cost, and little proof of exit planning.","observed SERP recurrence; not a traffic estimate"
"157","loandepot.com","direct lender, brokerage, or specialist","1","0","1","1","renovation","qualify; renovation","1/800 captured result references","unavailable","unavailable","Wins through exact local commercial intent, scenario specificity, speed/equity language, strong CTAs, and service-page relevance.","Commercially relevant but many pages rely on generic approval/speed claims, weak citations, opaque total cost, and little proof of exit planning.","observed SERP recurrence; not a traffic estimate"
"158","hud.gov","direct lender, brokerage, or specialist","1","0","1","1","renovation","finance; fixing","1/800 captured result references","unavailable","unavailable","Wins through exact local commercial intent, scenario specificity, speed/equity language, strong CTAs, and service-page relevance.","Commercially relevant but many pages rely on generic approval/speed claims, weak citations, opaque total cost, and little proof of exit planning.","observed SERP recurrence; not a traffic estimate"
"159","angi.com","direct lender, brokerage, or specialist","1","0","1","1","renovation","finance; options; renovations","1/800 captured result references","unavailable","unavailable","Wins through exact local commercial intent, scenario specificity, speed/equity language, strong CTAs, and service-page relevance.","Commercially relevant but many pages rely on generic approval/speed claims, weak citations, opaque total cost, and little proof of exit planning.","observed SERP recurrence; not a traffic estimate"
"160","gethearth.com","direct lender, brokerage, or specialist","1","0","1","1","renovation","close; contractor; financing; hearth; monthly; offer; payments; philadelphia","1/800 captured result references","unavailable","unavailable","Wins through exact local commercial intent, scenario specificity, speed/equity language, strong CTAs, and service-page relevance.","Commercially relevant but many pages rely on generic approval/speed claims, weak citations, opaque total cost, and little proof of exit planning.","observed SERP recurrence; not a traffic estimate"
"161","reviewbook.app","direct lender, brokerage, or specialist","1","0","1","1","renovation","contractor; financing; guide; improvements; reviewbook","1/800 captured result references","unavailable","unavailable","Wins through exact local commercial intent, scenario specificity, speed/equity language, strong CTAs, and service-page relevance.","Commercially relevant but many pages rely on generic approval/speed claims, weak citations, opaque total cost, and little proof of exit planning.","observed SERP recurrence; not a traffic estimate"
"162","build-folio.com","direct lender, brokerage, or specialist","1","0","1","1","renovation","financing; contractor; embed; every; quote; widget","1/800 captured result references","unavailable","unavailable","Wins through exact local commercial intent, scenario specificity, speed/equity language, strong CTAs, and service-page relevance.","Commercially relevant but many pages rely on generic approval/speed claims, weak citations, opaque total cost, and little proof of exit planning.","observed SERP recurrence; not a traffic estimate"
"163","homeowner.ca","direct lender, brokerage, or specialist","1","0","1","1","renovation","equity; heloc; homeowner; refinance; renovation; which","1/800 captured result references","unavailable","unavailable","Wins through exact local commercial intent, scenario specificity, speed/equity language, strong CTAs, and service-page relevance.","Commercially relevant but many pages rely on generic approval/speed claims, weak citations, opaque total cost, and little proof of exit planning.","observed SERP recurrence; not a traffic estimate"
"164","zillow.com","direct lender, brokerage, or specialist","1","0","1","1","renovation","equity; heloc; option; refinance; which; zillow","1/800 captured result references","unavailable","unavailable","Wins through exact local commercial intent, scenario specificity, speed/equity language, strong CTAs, and service-page relevance.","Commercially relevant but many pages rely on generic approval/speed claims, weak citations, opaque total cost, and little proof of exit planning.","observed SERP recurrence; not a traffic estimate"
"165","achieve.com","direct lender, brokerage, or specialist","1","0","1","1","renovation","achieve; heloc; makes; option; refinancing; sense; which","1/800 captured result references","unavailable","unavailable","Wins through exact local commercial intent, scenario specificity, speed/equity language, strong CTAs, and service-page relevance.","Commercially relevant but many pages rely on generic approval/speed claims, weak citations, opaque total cost, and little proof of exit planning.","observed SERP recurrence; not a traffic estimate"
"166","midflorida.com","direct lender, brokerage, or specialist","1","0","1","1","renovation","construction; credit; midflorida; renovation; union","1/800 captured result references","unavailable","unavailable","Wins through exact local commercial intent, scenario specificity, speed/equity language, strong CTAs, and service-page relevance.","Commercially relevant but many pages rely on generic approval/speed claims, weak citations, opaque total cost, and little proof of exit planning.","observed SERP recurrence; not a traffic estimate"
"167","elearning.dhltd.com","bank / institutional product provider","1","0","1","1","renovation","application; improvements; purchase; purpose","1/800 captured result references","unavailable","unavailable","Wins through product authority, recognizable brand trust, concrete terms, and direct application paths.","Detailed about its own product but cannot neutrally route a borrower across A, B, private, bridge, refinance, and equity structures.","observed SERP recurrence; not a traffic estimate"
"168","navyfederal.org","direct lender, brokerage, or specialist","1","0","1","1","renovation","credit; equity; federal; heloc; personal; union; which","1/800 captured result references","unavailable","unavailable","Wins through exact local commercial intent, scenario specificity, speed/equity language, strong CTAs, and service-page relevance.","Commercially relevant but many pages rely on generic approval/speed claims, weak citations, opaque total cost, and little proof of exit planning.","observed SERP recurrence; not a traffic estimate"
"169","citi.com","direct lender, brokerage, or specialist","1","0","1","1","renovation","loans; equity; personal","1/800 captured result references","unavailable","unavailable","Wins through exact local commercial intent, scenario specificity, speed/equity language, strong CTAs, and service-page relevance.","Commercially relevant but many pages rely on generic approval/speed claims, weak citations, opaque total cost, and little proof of exit planning.","observed SERP recurrence; not a traffic estimate"
"170","gertmartens.ca","direct lender, brokerage, or specialist","1","0","1","1","renovation","improvements; mortgages; purchase; understanding","1/800 captured result references","unavailable","unavailable","Wins through exact local commercial intent, scenario specificity, speed/equity language, strong CTAs, and service-page relevance.","Commercially relevant but many pages rely on generic approval/speed claims, weak citations, opaque total cost, and little proof of exit planning.","observed SERP recurrence; not a traffic estimate"
"171","servicing-guide.fanniemae.com","direct lender, brokerage, or specialist","1","0","1","1","renovation","fannie; loans; renovation","1/800 captured result references","unavailable","unavailable","Wins through exact local commercial intent, scenario specificity, speed/equity language, strong CTAs, and service-page relevance.","Commercially relevant but many pages rely on generic approval/speed claims, weak citations, opaque total cost, and little proof of exit planning.","observed SERP recurrence; not a traffic estimate"
"172","csgrenovation.ca","direct lender, brokerage, or specialist","1","0","1","1","renovation","financing; options; renovation; toronto","1/800 captured result references","unavailable","unavailable","Wins through exact local commercial intent, scenario specificity, speed/equity language, strong CTAs, and service-page relevance.","Commercially relevant but many pages rely on generic approval/speed claims, weak citations, opaque total cost, and little proof of exit planning.","observed SERP recurrence; not a traffic estimate"
"173","simcoe.ca","direct lender, brokerage, or specialist","1","0","1","1","renovation","program; renovates","1/800 captured result references","unavailable","unavailable","Wins through exact local commercial intent, scenario specificity, speed/equity language, strong CTAs, and service-page relevance.","Commercially relevant but many pages rely on generic approval/speed claims, weak citations, opaque total cost, and little proof of exit planning.","observed SERP recurrence; not a traffic estimate"
"174","open.spotify.com","direct lender, brokerage, or specialist","1","0","1","1","renovation","foreigner; lyrics; urgent","1/800 captured result references","unavailable","unavailable","Wins through exact local commercial intent, scenario specificity, speed/equity language, strong CTAs, and service-page relevance.","Commercially relevant but many pages rely on generic approval/speed claims, weak citations, opaque total cost, and little proof of exit planning.","observed SERP recurrence; not a traffic estimate"
"175","thesaurus.com","direct lender, brokerage, or specialist","1","0","1","1","renovation","antonyms; synonyms; urgent; words","1/800 captured result references","unavailable","unavailable","Wins through exact local commercial intent, scenario specificity, speed/equity language, strong CTAs, and service-page relevance.","Commercially relevant but many pages rely on generic approval/speed claims, weak citations, opaque total cost, and little proof of exit planning.","observed SERP recurrence; not a traffic estimate"
"176","en.wiktionary.org","direct lender, brokerage, or specialist","1","0","1","1","renovation","urgent","1/800 captured result references","unavailable","unavailable","Wins through exact local commercial intent, scenario specificity, speed/equity language, strong CTAs, and service-page relevance.","Commercially relevant but many pages rely on generic approval/speed claims, weak citations, opaque total cost, and little proof of exit planning.","observed SERP recurrence; not a traffic estimate"
"177","dictionary.cambridge.org","direct lender, brokerage, or specialist","1","0","1","1","renovation","cambridge; definition; dictionary; english; urgent","1/800 captured result references","unavailable","unavailable","Wins through exact local commercial intent, scenario specificity, speed/equity language, strong CTAs, and service-page relevance.","Commercially relevant but many pages rely on generic approval/speed claims, weak citations, opaque total cost, and little proof of exit planning.","observed SERP recurrence; not a traffic estimate"
"178","yorklandhomes.ca","direct lender, brokerage, or specialist","1","0","1","1","renovation","finance; homes; renovation; yorkland","1/800 captured result references","unavailable","unavailable","Wins through exact local commercial intent, scenario specificity, speed/equity language, strong CTAs, and service-page relevance.","Commercially relevant but many pages rely on generic approval/speed claims, weak citations, opaque total cost, and little proof of exit planning.","observed SERP recurrence; not a traffic estimate"
"179","leoconstra.com","direct lender, brokerage, or specialist","1","0","1","1","renovation","financing; options; renovation; toronto","1/800 captured result references","unavailable","unavailable","Wins through exact local commercial intent, scenario specificity, speed/equity language, strong CTAs, and service-page relevance.","Commercially relevant but many pages rely on generic approval/speed claims, weak citations, opaque total cost, and little proof of exit planning.","observed SERP recurrence; not a traffic estimate"
"180","monstermortgage.ca","direct lender, brokerage, or specialist","1","0","1","1","renovation","build; construction; financing; renovate; smart","1/800 captured result references","unavailable","unavailable","Wins through exact local commercial intent, scenario specificity, speed/equity language, strong CTAs, and service-page relevance.","Commercially relevant but many pages rely on generic approval/speed claims, weak citations, opaque total cost, and little proof of exit planning.","observed SERP recurrence; not a traffic estimate"
"181","money.ca","comparison publisher / finance media","1","0","1","1","bridge","bridge; about; everything; financing","1/800 captured result references","unavailable","unavailable","Wins with exact-match headings, plain-language summaries, updated comparison tables, calculators, and broad long-tail coverage.","Broad and scannable but often generic, affiliate-led, thin on Ontario underwriting evidence, and disconnected from a real exit plan.","observed SERP recurrence; not a traffic estimate"
"182","fisgard.com","direct lender, brokerage, or specialist","1","0","1","1","bridge","asset; bridge; financing; fisgard; management","1/800 captured result references","unavailable","unavailable","Wins through exact local commercial intent, scenario specificity, speed/equity language, strong CTAs, and service-page relevance.","Commercially relevant but many pages rely on generic approval/speed claims, weak citations, opaque total cost, and little proof of exit planning.","observed SERP recurrence; not a traffic estimate"
"183","smartasset.com","direct lender, brokerage, or specialist","1","0","1","1","bridge","bridge; heloc; which","1/800 captured result references","unavailable","unavailable","Wins through exact local commercial intent, scenario specificity, speed/equity language, strong CTAs, and service-page relevance.","Commercially relevant but many pages rely on generic approval/speed claims, weak citations, opaque total cost, and little proof of exit planning.","observed SERP recurrence; not a traffic estimate"
"184","better.com","direct lender, brokerage, or specialist","1","0","1","1","bridge","before; bridge; helocs; loans","1/800 captured result references","unavailable","unavailable","Wins through exact local commercial intent, scenario specificity, speed/equity language, strong CTAs, and service-page relevance.","Commercially relevant but many pages rely on generic approval/speed claims, weak citations, opaque total cost, and little proof of exit planning.","observed SERP recurrence; not a traffic estimate"
"185","burkefinancial.ca","direct lender, brokerage, or specialist","1","0","1","1","bridge","bridge; burke; financial; financing; loans; toronto","1/800 captured result references","unavailable","unavailable","Wins through exact local commercial intent, scenario specificity, speed/equity language, strong CTAs, and service-page relevance.","Commercially relevant but many pages rely on generic approval/speed claims, weak citations, opaque total cost, and little proof of exit planning.","observed SERP recurrence; not a traffic estimate"
"186","themortgageworld.ca","direct lender, brokerage, or specialist","1","0","1","1","bridge","broker; commercial; world","1/800 captured result references","unavailable","unavailable","Wins through exact local commercial intent, scenario specificity, speed/equity language, strong CTAs, and service-page relevance.","Commercially relevant but many pages rely on generic approval/speed claims, weak citations, opaque total cost, and little proof of exit planning.","observed SERP recurrence; not a traffic estimate"
"187","bridgingloan.org.uk","direct lender, brokerage, or specialist","1","0","1","1","bridge","bridging; documentation; required","1/800 captured result references","unavailable","unavailable","Wins through exact local commercial intent, scenario specificity, speed/equity language, strong CTAs, and service-page relevance.","Commercially relevant but many pages rely on generic approval/speed claims, weak citations, opaque total cost, and little proof of exit planning.","observed SERP recurrence; not a traffic estimate"
"188","tatacapital.com","direct lender, brokerage, or specialist","1","0","1","1","bridge","benefits; bridge; capital; meaning; types","1/800 captured result references","unavailable","unavailable","Wins through exact local commercial intent, scenario specificity, speed/equity language, strong CTAs, and service-page relevance.","Commercially relevant but many pages rely on generic approval/speed claims, weak citations, opaque total cost, and little proof of exit planning.","observed SERP recurrence; not a traffic estimate"
"189","pcbcanada.ca","direct lender, brokerage, or specialist","1","0","1","1","bridge","bridge; estate; financing; short","1/800 captured result references","unavailable","unavailable","Wins through exact local commercial intent, scenario specificity, speed/equity language, strong CTAs, and service-page relevance.","Commercially relevant but many pages rely on generic approval/speed claims, weak citations, opaque total cost, and little proof of exit planning.","observed SERP recurrence; not a traffic estimate"
"190","graysbrookcapital.ca","direct lender, brokerage, or specialist","1","0","1","1","bridge","bridge; capital; financial; financing; graysbrook; needs; short","1/800 captured result references","unavailable","unavailable","Wins through exact local commercial intent, scenario specificity, speed/equity language, strong CTAs, and service-page relevance.","Commercially relevant but many pages rely on generic approval/speed claims, weak citations, opaque total cost, and little proof of exit planning.","observed SERP recurrence; not a traffic estimate"
"191","pathwaylending.ca","direct lender, brokerage, or specialist","1","0","1","1","bridge","bridge; lending; pathway","1/800 captured result references","unavailable","unavailable","Wins through exact local commercial intent, scenario specificity, speed/equity language, strong CTAs, and service-page relevance.","Commercially relevant but many pages rely on generic approval/speed claims, weak citations, opaque total cost, and little proof of exit planning.","observed SERP recurrence; not a traffic estimate"
"192","pragmatic.mortgage","direct lender, brokerage, or specialist","1","0","1","1","bridge","bridge; financing; funding","1/800 captured result references","unavailable","unavailable","Wins through exact local commercial intent, scenario specificity, speed/equity language, strong CTAs, and service-page relevance.","Commercially relevant but many pages rely on generic approval/speed claims, weak citations, opaque total cost, and little proof of exit planning.","observed SERP recurrence; not a traffic estimate"
"193","documentcentre.ey.com","direct lender, brokerage, or specialist","1","0","1","1","bridge","","1/800 captured result references","unavailable","unavailable","Wins through exact local commercial intent, scenario specificity, speed/equity language, strong CTAs, and service-page relevance.","Commercially relevant but many pages rely on generic approval/speed claims, weak citations, opaque total cost, and little proof of exit planning.","observed SERP recurrence; not a traffic estimate"
"194","equitablebank.ca","bank / institutional product provider","1","0","1","1","heloc-equity","capped","1/800 captured result references","unavailable","unavailable","Wins through product authority, recognizable brand trust, concrete terms, and direct application paths.","Detailed about its own product but cannot neutrally route a borrower across A, B, private, bridge, refinance, and equity structures.","observed SERP recurrence; not a traffic estimate"
"195","forbes.com","comparison publisher / finance media","1","0","1","1","heloc-equity","advisor; complete; forbes; guide; heloc; requirements","1/800 captured result references","unavailable","unavailable","Wins with exact-match headings, plain-language summaries, updated comparison tables, calculators, and broad long-tail coverage.","Broad and scannable but often generic, affiliate-led, thin on Ontario underwriting evidence, and disconnected from a real exit plan.","observed SERP recurrence; not a traffic estimate"
"196","lendinghub.ca","direct lender, brokerage, or specialist","1","0","1","1","heloc-equity","heloc; option; refinance; right; which","1/800 captured result references","unavailable","unavailable","Wins through exact local commercial intent, scenario specificity, speed/equity language, strong CTAs, and service-page relevance.","Commercially relevant but many pages rely on generic approval/speed claims, weak citations, opaque total cost, and little proof of exit planning.","observed SERP recurrence; not a traffic estimate"
"197","scotiabank.com","bank / institutional product provider","1","0","1","1","heloc-equity","equity; between; choose; credit; posts","1/800 captured result references","unavailable","unavailable","Wins through product authority, recognizable brand trust, concrete terms, and direct application paths.","Detailed about its own product but cannot neutrally route a borrower across A, B, private, bridge, refinance, and equity structures.","observed SERP recurrence; not a traffic estimate"
"198","homebasemortgages.ca","direct lender, brokerage, or specialist","1","0","1","1","heloc-equity","homebase; mortgages","1/800 captured result references","unavailable","unavailable","Wins through exact local commercial intent, scenario specificity, speed/equity language, strong CTAs, and service-page relevance.","Commercially relevant but many pages rely on generic approval/speed claims, weak citations, opaque total cost, and little proof of exit planning.","observed SERP recurrence; not a traffic estimate"
"199","helocrate.ca","direct lender, brokerage, or specialist","1","0","1","1","heloc-equity","heloc","1/800 captured result references","unavailable","unavailable","Wins through exact local commercial intent, scenario specificity, speed/equity language, strong CTAs, and service-page relevance.","Commercially relevant but many pages rely on generic approval/speed claims, weak citations, opaque total cost, and little proof of exit planning.","observed SERP recurrence; not a traffic estimate"
"200","apply.advancemortgages.ca","direct lender, brokerage, or specialist","1","0","1","1","heloc-equity","advance; heloc; leaving; mortgages; without","1/800 captured result references","unavailable","unavailable","Wins through exact local commercial intent, scenario specificity, speed/equity language, strong CTAs, and service-page relevance.","Commercially relevant but many pages rely on generic approval/speed claims, weak citations, opaque total cost, and little proof of exit planning.","observed SERP recurrence; not a traffic estimate"
"201","reliantcu.com","direct lender, brokerage, or specialist","1","0","1","1","heloc-equity","county; credit; equity; loans; monroe; reliant; union; wayne","1/800 captured result references","unavailable","unavailable","Wins through exact local commercial intent, scenario specificity, speed/equity language, strong CTAs, and service-page relevance.","Commercially relevant but many pages rely on generic approval/speed claims, weak citations, opaque total cost, and little proof of exit planning.","observed SERP recurrence; not a traffic estimate"
"202","mtg-specialists.com","direct lender, brokerage, or specialist","1","0","1","1","heloc-equity","denied; heloc; people; reasons","1/800 captured result references","unavailable","unavailable","Wins through exact local commercial intent, scenario specificity, speed/equity language, strong CTAs, and service-page relevance.","Commercially relevant but many pages rely on generic approval/speed claims, weak citations, opaque total cost, and little proof of exit planning.","observed SERP recurrence; not a traffic estimate"
"203","helpwithmybank.gov","direct lender, brokerage, or specialist","1","0","1","1","heloc-equity","because; freeze; heloc; value","1/800 captured result references","unavailable","unavailable","Wins through exact local commercial intent, scenario specificity, speed/equity language, strong CTAs, and service-page relevance.","Commercially relevant but many pages rely on generic approval/speed claims, weak citations, opaque total cost, and little proof of exit planning.","observed SERP recurrence; not a traffic estimate"
"204","morcan.ca","direct lender, brokerage, or specialist","1","0","1","1","rescue","denied; financial; morcan","1/800 captured result references","unavailable","unavailable","Wins through exact local commercial intent, scenario specificity, speed/equity language, strong CTAs, and service-page relevance.","Commercially relevant but many pages rely on generic approval/speed claims, weak citations, opaque total cost, and little proof of exit planning.","observed SERP recurrence; not a traffic estimate"
"205","experian.co.uk","direct lender, brokerage, or specialist","1","0","1","1","rescue","declined; experian","1/800 captured result references","unavailable","unavailable","Wins through exact local commercial intent, scenario specificity, speed/equity language, strong CTAs, and service-page relevance.","Commercially relevant but many pages rely on generic approval/speed claims, weak citations, opaque total cost, and little proof of exit planning.","observed SERP recurrence; not a traffic estimate"
"206","mortgagebridge.co.uk","direct lender, brokerage, or specialist","1","0","1","1","rescue","advice; bridge; declined; expert","1/800 captured result references","unavailable","unavailable","Wins through exact local commercial intent, scenario specificity, speed/equity language, strong CTAs, and service-page relevance.","Commercially relevant but many pages rely on generic approval/speed claims, weak citations, opaque total cost, and little proof of exit planning.","observed SERP recurrence; not a traffic estimate"
"207","moneysupermarket.com","direct lender, brokerage, or specialist","1","0","1","1","rescue","after; default; moneysupermarket","1/800 captured result references","unavailable","unavailable","Wins through exact local commercial intent, scenario specificity, speed/equity language, strong CTAs, and service-page relevance.","Commercially relevant but many pages rely on generic approval/speed claims, weak citations, opaque total cost, and little proof of exit planning.","observed SERP recurrence; not a traffic estimate"
"208","centumcf.com","direct lender, brokerage, or specialist","1","0","1","1","rescue","power; rescue","1/800 captured result references","unavailable","unavailable","Wins through exact local commercial intent, scenario specificity, speed/equity language, strong CTAs, and service-page relevance.","Commercially relevant but many pages rely on generic approval/speed claims, weak citations, opaque total cost, and little proof of exit planning.","observed SERP recurrence; not a traffic estimate"
"209","powerofsalelistings.com","legal / professional authority","1","0","1","1","rescue","power; listings; options","1/800 captured result references","unavailable","unavailable","Wins sensitive enforcement queries through legal specificity, Ontario terminology, procedural detail, and professional trust.","Strong on procedure but usually weak on financing feasibility, all-in economics, property underwriting, and lender-path comparisons.","observed SERP recurrence; not a traffic estimate"
"210","davedubbin.com","direct lender, brokerage, or specialist","1","0","1","1","rescue","dubbin; associates; guide; homeowner; options; power","1/800 captured result references","unavailable","unavailable","Wins through exact local commercial intent, scenario specificity, speed/equity language, strong CTAs, and service-page relevance.","Commercially relevant but many pages rely on generic approval/speed claims, weak citations, opaque total cost, and little proof of exit planning.","observed SERP recurrence; not a traffic estimate"
"211","kraftmortgages.ca","direct lender, brokerage, or specialist","1","0","1","1","rescue","complete; guide; homeowners; lending; spring","1/800 captured result references","unavailable","unavailable","Wins through exact local commercial intent, scenario specificity, speed/equity language, strong CTAs, and service-page relevance.","Commercially relevant but many pages rely on generic approval/speed claims, weak citations, opaque total cost, and little proof of exit planning.","observed SERP recurrence; not a traffic estimate"
"212","redkeymortgage.ca","direct lender, brokerage, or specialist","1","0","1","1","rescue","alberta; lender; private; right; which","1/800 captured result references","unavailable","unavailable","Wins through exact local commercial intent, scenario specificity, speed/equity language, strong CTAs, and service-page relevance.","Commercially relevant but many pages rely on generic approval/speed claims, weak citations, opaque total cost, and little proof of exit planning.","observed SERP recurrence; not a traffic estimate"
"213","optimalfinance.ca","direct lender, brokerage, or specialist","1","0","1","1","rescue","consumer; proposal","1/800 captured result references","unavailable","unavailable","Wins through exact local commercial intent, scenario specificity, speed/equity language, strong CTAs, and service-page relevance.","Commercially relevant but many pages rely on generic approval/speed claims, weak citations, opaque total cost, and little proof of exit planning.","observed SERP recurrence; not a traffic estimate"
"214","ised-isde.canada.ca","direct lender, brokerage, or specialist","1","0","1","1","rescue","consumer; money; proposals","1/800 captured result references","unavailable","unavailable","Wins through exact local commercial intent, scenario specificity, speed/equity language, strong CTAs, and service-page relevance.","Commercially relevant but many pages rely on generic approval/speed claims, weak citations, opaque total cost, and little proof of exit planning.","observed SERP recurrence; not a traffic estimate"
"215","irs.gov","direct lender, brokerage, or specialist","1","0","1","1","rescue","federal; internal; revenue; service; there","1/800 captured result references","unavailable","unavailable","Wins through exact local commercial intent, scenario specificity, speed/equity language, strong CTAs, and service-page relevance.","Commercially relevant but many pages rely on generic approval/speed claims, weak citations, opaque total cost, and little proof of exit planning.","observed SERP recurrence; not a traffic estimate"
"216","mortgageagentontario.ca","direct lender, brokerage, or specialist","1","0","1","1","rescue","agent; approved; rossel; banks","1/800 captured result references","unavailable","unavailable","Wins through exact local commercial intent, scenario specificity, speed/equity language, strong CTAs, and service-page relevance.","Commercially relevant but many pages rely on generic approval/speed claims, weak citations, opaque total cost, and little proof of exit planning.","observed SERP recurrence; not a traffic estimate"
"217","promptfinancial.ca","direct lender, brokerage, or specialist","1","0","1","1","rescue","financial; homeowners; options; prompt; smart; solutions","1/800 captured result references","unavailable","unavailable","Wins through exact local commercial intent, scenario specificity, speed/equity language, strong CTAs, and service-page relevance.","Commercially relevant but many pages rely on generic approval/speed claims, weak citations, opaque total cost, and little proof of exit planning.","observed SERP recurrence; not a traffic estimate"
"218","kokaneemortgage.com","direct lender, brokerage, or specialist","1","0","1","1","rescue","borrowers; brokers; kokanee; lending; solutions","1/800 captured result references","unavailable","unavailable","Wins through exact local commercial intent, scenario specificity, speed/equity language, strong CTAs, and service-page relevance.","Commercially relevant but many pages rely on generic approval/speed claims, weak citations, opaque total cost, and little proof of exit planning.","observed SERP recurrence; not a traffic estimate"
"219","legalline.ca","legal / professional authority","1","0","1","1","rescue","legal; default; information","1/800 captured result references","unavailable","unavailable","Wins sensitive enforcement queries through legal specificity, Ontario terminology, procedural detail, and professional trust.","Strong on procedure but usually weak on financing feasibility, all-in economics, property underwriting, and lender-path comparisons.","observed SERP recurrence; not a traffic estimate"
"220","cibc.com","bank / institutional product provider","1","0","1","1","rescue","avoid; closing; mortgages; problems","1/800 captured result references","unavailable","unavailable","Wins through product authority, recognizable brand trust, concrete terms, and direct application paths.","Detailed about its own product but cannot neutrally route a borrower across A, B, private, bridge, refinance, and equity structures.","observed SERP recurrence; not a traffic estimate"
"221","facebook.com","direct lender, brokerage, or specialist","1","0","1","1","rescue","apply; close; closing; normal","1/800 captured result references","unavailable","unavailable","Wins through exact local commercial intent, scenario specificity, speed/equity language, strong CTAs, and service-page relevance.","Commercially relevant but many pages rely on generic approval/speed claims, weak citations, opaque total cost, and little proof of exit planning.","observed SERP recurrence; not a traffic estimate"
