"keywordId","query","segmentId","segmentName","primaryFunnelLayer","clusterId","canonicalOwner","priority","winner1Title","winner1Url","winner1Domain","winner1Type","winner1GeoFit","winner2Title","winner2Url","winner2Domain","winner2Type","winner3Title","winner3Url","winner3Domain","winner3Type","winner4Url","winner5Url","resultCount","dominantWinnerType","winningContentFormat","whyCurrentWinnersRank","currentWinnerWeakness","matchWhatWorks","improveWhatWorks","fairlendUniqueEdge","recommendedSectionOrAsset","outrankPlan","proofRequirements","cta","internalLinks","structuredData","updateCadence","evidenceSource","evidenceObservedAt","evidenceGeography","evidenceConfidence","metricStatus"
"KW-001","what is an A lender mortgage in Canada","prime-a","A / prime institutional mortgages","L1","a-guide","/resources/a-lender-mortgage-requirements-ontario","P1","Choosing a mortgage that is right for you - Canada.ca","https://www.canada.ca/en/financial-consumer-agency/services/mortgages/choose-mortgage.html","canada.ca","government / regulator","Ontario/Canada aligned","What's the difference between A lenders and Private Mortgage Lenders in Canada? | Ratehub.ca","https://www.ratehub.ca/blog/whats-the-difference-between-a-lenders-and-private-mortgage-lenders-in-canada/","ratehub.ca","comparison publisher / finance media","How to Choose the Right Mortgage Lender - NerdWallet Canada","https://www.nerdwallet.com/ca/p/article/mortgages/how-to-choose-a-mortgage-lender","nerdwallet.com","comparison publisher / finance media","https://www.oaciq.com/en/broker/professional-practices-guides/guide-mortgage-financing/mortgage-products/types-of-lenders/","https://www.canada.ca/en/financial-consumer-agency/services/mortgages/interest-on-mortgages.html","5","comparison publisher / finance media","evergreen explainer / guide","Wins with exact-match headings, plain-language summaries, updated comparison tables, calculators, and broad long-tail coverage.","Broad and scannable but often generic, affiliate-led, thin on Ontario underwriting evidence, and disconnected from a real exit plan.","Match the winners’ exact-query answer, evergreen explainer / guide, Ontario/Canada terminology, scannable structure, definitions, risks, and a clear next step. Cite the strongest primary source instead of paraphrasing unsupported rules.","Add what the dominant comparison publisher / finance media results omit: borrower-specific decision logic, transparent assumptions, a worked Ontario scenario, all-in economics, document requirements, failure modes, and a route beyond the current product.","Show the full A-lender route and the fallback/return path across institutional, B, and private capital using 28+ years and $1B+ funded principal-broker experience; start with a free, no-credit-inquiry scenario triage.","Answer-first explainer + route selector + annotated example","Open with a 40–60 word answer to “what is an A lender mortgage in Canada”; follow with answer-first explainer + route selector + annotated example; layer in show the full A-lender route and the fallback/return path across institutional, B, and private capital using 28+ years and $1B+ funded principal-broker experience; start with a free, no-credit-inquiry scenario triage. Support every material claim, answer the visible follow-up questions, and keep the full commercial pitch on /resources/a-lender-mortgage-requirements-ontario.","Cite FSRA/FCAC/CMHC or Ontario primary sources; show brokerage #13827 and administrator #13828; attribute 28+ years and $1B+ funded to the principal broker with the July 14, 2026 methodology. Add one anonymized borrower scenario and a named editorial reviewer.","See which financing route fits","/borrowers/institutional-mortgage; /resources/a-vs-b-vs-private-mortgage","Article/Service as appropriate + visible FAQPage","Semiannual","live web search, one exact query","2026-07-20","Canada/Ontario query modifiers; exact localization not guaranteed","medium — five live result references","volume/difficulty/backlinks unavailable-not-zero"
"KW-002","how A lender mortgages work Ontario","prime-a","A / prime institutional mortgages","L1","a-guide","/resources/a-lender-mortgage-requirements-ontario","P1","Mortgage Application Process | Financial Services Regulatory Authority of Ontario","https://www.fsrao.ca/consumers/mortgage-brokering/mortgage-application-process","fsrao.ca","government / regulator","Ontario/Canada aligned","Signing a Mortgage Contract | Financial Services Regulatory Authority of Ontario","https://www.fsrao.ca/consumers/mortgage-brokering/signing-mortgage-contract","fsrao.ca","government / regulator","Mortgage Brokering | Financial Services Regulatory Authority of Ontario","https://www.fsrao.ca/consumers/mortgage-brokering","fsrao.ca","government / regulator","https://www.fsrao.ca/consumers/mortgage-brokering/working-mortgage-professional","https://www.fsrao.ca/consumers/mortgage-brokering/shopping-mortgage","5","government / regulator","consumer guidance","Wins trust through primary-source authority, exhaustive process coverage, neutral risk language, and durable internal linking.","Neutral and authoritative but rarely helps a borrower compare viable routes, model a file, or act with a focused document plan.","Match the winners’ exact-query answer, consumer guidance, Ontario/Canada terminology, scannable structure, definitions, risks, and a clear next step. Cite the strongest primary source instead of paraphrasing unsupported rules.","Add what the dominant government / regulator results omit: borrower-specific decision logic, transparent assumptions, a worked Ontario scenario, all-in economics, document requirements, failure modes, and a route beyond the current product.","Show the full A-lender route and the fallback/return path across institutional, B, and private capital using 28+ years and $1B+ funded principal-broker experience; start with a free, no-credit-inquiry scenario triage.","Answer-first explainer + route selector + annotated example","Open with a 40–60 word answer to “how A lender mortgages work Ontario”; follow with answer-first explainer + route selector + annotated example; layer in show the full A-lender route and the fallback/return path across institutional, B, and private capital using 28+ years and $1B+ funded principal-broker experience; start with a free, no-credit-inquiry scenario triage. Support every material claim, answer the visible follow-up questions, and keep the full commercial pitch on /resources/a-lender-mortgage-requirements-ontario.","Cite FSRA/FCAC/CMHC or Ontario primary sources; show brokerage #13827 and administrator #13828; attribute 28+ years and $1B+ funded to the principal broker with the July 14, 2026 methodology. Add one anonymized borrower scenario and a named editorial reviewer.","See which financing route fits","/borrowers/institutional-mortgage; /resources/a-vs-b-vs-private-mortgage","Article/Service as appropriate + visible FAQPage","Semiannual","live web search, one exact query","2026-07-20","Canada/Ontario query modifiers; exact localization not guaranteed","medium — five live result references","volume/difficulty/backlinks unavailable-not-zero"
"KW-003","prime mortgage lender meaning Canada","prime-a","A / prime institutional mortgages","L1","a-guide","/resources/a-lender-mortgage-requirements-ontario","P1","Circle Mortgage Group | Mortgage Broker Burlington Ontario","https://circlemortgage.ca/resources/mortgage-glossary","circlemortgage.ca","direct lender, brokerage, or specialist","Ontario/Canada aligned","Interest on mortgages - Canada.ca","https://www.canada.ca/en/financial-consumer-agency/services/mortgages/interest-on-mortgages.html","canada.ca","government / regulator","Prime Rate in Canada | Ratehub.ca","https://www.ratehub.ca/prime-rate","ratehub.ca","comparison publisher / finance media","https://bips.ca/resources/glossary","https://wealthnorth.ca/mortgages/rates/canada-prime-rate-explained/","5","direct lender, brokerage, or specialist","commercial service / product page","Wins through exact local commercial intent, scenario specificity, speed/equity language, strong CTAs, and service-page relevance.","Commercially relevant but many pages rely on generic approval/speed claims, weak citations, opaque total cost, and little proof of exit planning.","Match the winners’ exact-query answer, commercial service / product page, Ontario/Canada terminology, scannable structure, definitions, risks, and a clear next step. Cite the strongest primary source instead of paraphrasing unsupported rules.","Add what the dominant direct lender, brokerage, or specialist results omit: borrower-specific decision logic, transparent assumptions, a worked Ontario scenario, all-in economics, document requirements, failure modes, and a route beyond the current product.","Show the full A-lender route and the fallback/return path across institutional, B, and private capital using 28+ years and $1B+ funded principal-broker experience; start with a free, no-credit-inquiry scenario triage.","Answer-first explainer + route selector + annotated example","Open with a 40–60 word answer to “prime mortgage lender meaning Canada”; follow with answer-first explainer + route selector + annotated example; layer in show the full A-lender route and the fallback/return path across institutional, B, and private capital using 28+ years and $1B+ funded principal-broker experience; start with a free, no-credit-inquiry scenario triage. Support every material claim, answer the visible follow-up questions, and keep the full commercial pitch on /resources/a-lender-mortgage-requirements-ontario.","Cite FSRA/FCAC/CMHC or Ontario primary sources; show brokerage #13827 and administrator #13828; attribute 28+ years and $1B+ funded to the principal broker with the July 14, 2026 methodology. Add one anonymized borrower scenario and a named editorial reviewer.","See which financing route fits","/borrowers/institutional-mortgage; /resources/a-vs-b-vs-private-mortgage","Article/Service as appropriate + visible FAQPage","Semiannual","live web search, one exact query","2026-07-20","Canada/Ontario query modifiers; exact localization not guaranteed","medium — five live result references","volume/difficulty/backlinks unavailable-not-zero"
"KW-004","institutional mortgage explained Ontario","prime-a","A / prime institutional mortgages","L1","a-guide","/resources/a-lender-mortgage-requirements-ontario","P1","O. Reg. 237/09: GENERAL""","https://www.ontario.ca/laws/regulation/r09237","ontario.ca","government / regulator","Ontario/Canada aligned","Private Mortgages | Financial Services Regulatory Authority of Ontario","https://www.fsrao.ca/privatemortgage","fsrao.ca","government / regulator","Signing a Mortgage Contract | Financial Services Regulatory Authority of Ontario","https://www.fsrao.ca/consumers/mortgage-brokering/signing-mortgage-contract","fsrao.ca","government / regulator","https://www.ontario.ca/laws/statute/s06029","https://jahanlaw.ca/client-resources/real-estate-law-insights/what-is-an-institutional-mortgage/","5","government / regulator","evergreen explainer / guide","Wins trust through primary-source authority, exhaustive process coverage, neutral risk language, and durable internal linking.","Neutral and authoritative but rarely helps a borrower compare viable routes, model a file, or act with a focused document plan.","Match the winners’ exact-query answer, evergreen explainer / guide, Ontario/Canada terminology, scannable structure, definitions, risks, and a clear next step. Cite the strongest primary source instead of paraphrasing unsupported rules.","Add what the dominant government / regulator results omit: borrower-specific decision logic, transparent assumptions, a worked Ontario scenario, all-in economics, document requirements, failure modes, and a route beyond the current product.","Show the full A-lender route and the fallback/return path across institutional, B, and private capital using 28+ years and $1B+ funded principal-broker experience; start with a free, no-credit-inquiry scenario triage.","Answer-first explainer + route selector + annotated example","Open with a 40–60 word answer to “institutional mortgage explained Ontario”; follow with answer-first explainer + route selector + annotated example; layer in show the full A-lender route and the fallback/return path across institutional, B, and private capital using 28+ years and $1B+ funded principal-broker experience; start with a free, no-credit-inquiry scenario triage. Support every material claim, answer the visible follow-up questions, and keep the full commercial pitch on /resources/a-lender-mortgage-requirements-ontario.","Cite FSRA/FCAC/CMHC or Ontario primary sources; show brokerage #13827 and administrator #13828; attribute 28+ years and $1B+ funded to the principal broker with the July 14, 2026 methodology. Add one anonymized borrower scenario and a named editorial reviewer.","See which financing route fits","/borrowers/institutional-mortgage; /resources/a-vs-b-vs-private-mortgage","Article/Service as appropriate + visible FAQPage","Semiannual","live web search, one exact query","2026-07-20","Canada/Ontario query modifiers; exact localization not guaranteed","medium — five live result references","volume/difficulty/backlinks unavailable-not-zero"
"KW-005","A lender mortgage requirements Ontario","prime-a","A / prime institutional mortgages","L2","a-guide","/resources/a-lender-mortgage-requirements-ontario","P1","Mortgage Application Process | Financial Services Regulatory Authority of Ontario","https://www.fsrao.ca/consumers/mortgage-brokering/mortgage-application-process","fsrao.ca","government / regulator","Ontario/Canada aligned","Working with a Mortgage Professional | Financial Services Regulatory Authority of Ontario","https://www.fsrao.ca/consumers/mortgage-brokering/working-mortgage-professional","fsrao.ca","government / regulator","Due Diligence in Mortgage or Loan Transactions - Lawyer | Law Society of Ontario","https://lso.ca/lawyers/practice-supports-and-resources/practice-area/real-estate-law/due-diligence-in-mortgage-or-loan-transactions?lang=en-ca","lso.ca","legal / professional authority","https://www.fsrao.ca/licensing/licensing-updates/attention-mortgage-professionals-you-need-licence","https://www.ontario.ca/files/2026-03/140-32.pdf","5","government / regulator","qualification process / checklist","Wins trust through primary-source authority, exhaustive process coverage, neutral risk language, and durable internal linking.","Neutral and authoritative but rarely helps a borrower compare viable routes, model a file, or act with a focused document plan.","Match the winners’ exact-query answer, qualification process / checklist, Ontario/Canada terminology, scannable structure, definitions, risks, and a clear next step. Cite the strongest primary source instead of paraphrasing unsupported rules.","Add what the dominant government / regulator results omit: borrower-specific decision logic, transparent assumptions, a worked Ontario scenario, all-in economics, document requirements, failure modes, and a route beyond the current product.","Show the full A-lender route and the fallback/return path across institutional, B, and private capital using 28+ years and $1B+ funded principal-broker experience; start with a free, no-credit-inquiry scenario triage.","Document-readiness checklist + qualification decision tree","Open with a 40–60 word answer to “A lender mortgage requirements Ontario”; follow with document-readiness checklist + qualification decision tree; layer in show the full A-lender route and the fallback/return path across institutional, B, and private capital using 28+ years and $1B+ funded principal-broker experience; start with a free, no-credit-inquiry scenario triage. Support every material claim, answer the visible follow-up questions, and keep the full commercial pitch on /resources/a-lender-mortgage-requirements-ontario.","Cite FSRA/FCAC/CMHC or Ontario primary sources; show brokerage #13827 and administrator #13828; attribute 28+ years and $1B+ funded to the principal broker with the July 14, 2026 methodology. Add one anonymized borrower scenario and a named editorial reviewer.","Pressure-test my scenario","/borrowers/institutional-mortgage; /resources/a-vs-b-vs-private-mortgage","Article/Service as appropriate + visible FAQPage","Semiannual","live web search, one exact query","2026-07-20","Canada/Ontario query modifiers; exact localization not guaranteed","medium — five live result references","volume/difficulty/backlinks unavailable-not-zero"
"KW-006","minimum credit score for A lender mortgage Canada","prime-a","A / prime institutional mortgages","L2","a-guide","/resources/a-lender-mortgage-requirements-ontario","P1","What is the minimum credit score needed for a mortgage in Canada?","https://www.fidelity.ca/en/insights/articles/minimum-credit-score-mortgage-canada/?language=en","fidelity.ca","direct lender, brokerage, or specialist","Ontario/Canada aligned","Minimum Credit Score for a Mortgage: Depends on the Lender - NerdWallet Canada","https://www.nerdwallet.com/ca/p/article/mortgages/minimum-credit-score-for-mortgage-canada?msockid=1ca58e9dbc5669b82b8498c4bd3a68ec","nerdwallet.com","comparison publisher / finance media","credit score for mortgage loan in Canada | RateFinder Canada","https://www.theratefinder.ca/credit-score-for-mortgage-loan-in-canada","theratefinder.ca","direct lender, brokerage, or specialist","https://wealthnorth.ca/mortgages/credit-score-needed-for-mortgage/","https://wealthnorth.ca/banking/what-credit-score-do-you-need-for-mortgage-canada/","5","direct lender, brokerage, or specialist","commercial service / product page","Wins through exact local commercial intent, scenario specificity, speed/equity language, strong CTAs, and service-page relevance.","Commercially relevant but many pages rely on generic approval/speed claims, weak citations, opaque total cost, and little proof of exit planning.","Match the winners’ exact-query answer, commercial service / product page, Ontario/Canada terminology, scannable structure, definitions, risks, and a clear next step. Cite the strongest primary source instead of paraphrasing unsupported rules.","Add what the dominant direct lender, brokerage, or specialist results omit: borrower-specific decision logic, transparent assumptions, a worked Ontario scenario, all-in economics, document requirements, failure modes, and a route beyond the current product.","Show the full A-lender route and the fallback/return path across institutional, B, and private capital using 28+ years and $1B+ funded principal-broker experience; start with a free, no-credit-inquiry scenario triage.","Document-readiness checklist + qualification decision tree","Open with a 40–60 word answer to “minimum credit score for A lender mortgage Canada”; follow with document-readiness checklist + qualification decision tree; layer in show the full A-lender route and the fallback/return path across institutional, B, and private capital using 28+ years and $1B+ funded principal-broker experience; start with a free, no-credit-inquiry scenario triage. Support every material claim, answer the visible follow-up questions, and keep the full commercial pitch on /resources/a-lender-mortgage-requirements-ontario.","Cite FSRA/FCAC/CMHC or Ontario primary sources; show brokerage #13827 and administrator #13828; attribute 28+ years and $1B+ funded to the principal broker with the July 14, 2026 methodology. Add one anonymized borrower scenario and a named editorial reviewer.","Pressure-test my scenario","/borrowers/institutional-mortgage; /resources/a-vs-b-vs-private-mortgage","Article/Service as appropriate + visible FAQPage","Semiannual","live web search, one exact query","2026-07-20","Canada/Ontario query modifiers; exact localization not guaranteed","medium — five live result references","volume/difficulty/backlinks unavailable-not-zero"
"KW-007","A lender debt service ratios Canada","prime-a","A / prime institutional mortgages","L2","a-guide","/resources/a-lender-mortgage-requirements-ontario","P1","GDS and TDS Ratios Explained for Canadian Mortgages 2026: Formulas & Limits | WealthNorth","https://wealthnorth.ca/mortgages/debt-service-ratios-gds-tds-explained/","wealthnorth.ca","direct lender, brokerage, or specialist","Ontario/Canada aligned","Calculating GDS / TDS | CMHC","https://www.cmhc-schl.gc.ca/professionals/project-funding-and-mortgage-financing/mortgage-loan-insurance/calculating-gds-tds","cmhc-schl.gc.ca","government / regulator","Preparing to get a mortgage - Canada.ca","https://www.canada.ca/en/financial-consumer-agency/services/mortgages/preparing-mortgage.html","canada.ca","government / regulator","https://www.ratehub.ca/debt-service-ratios","https://www.bankofcanada.ca/rates/indicators/financial-stability-indicators/?chart6=2","5","direct lender, brokerage, or specialist","commercial service / product page","Wins through exact local commercial intent, scenario specificity, speed/equity language, strong CTAs, and service-page relevance.","Commercially relevant but many pages rely on generic approval/speed claims, weak citations, opaque total cost, and little proof of exit planning.","Match the winners’ exact-query answer, commercial service / product page, Ontario/Canada terminology, scannable structure, definitions, risks, and a clear next step. Cite the strongest primary source instead of paraphrasing unsupported rules.","Add what the dominant direct lender, brokerage, or specialist results omit: borrower-specific decision logic, transparent assumptions, a worked Ontario scenario, all-in economics, document requirements, failure modes, and a route beyond the current product.","Show the full A-lender route and the fallback/return path across institutional, B, and private capital using 28+ years and $1B+ funded principal-broker experience; start with a free, no-credit-inquiry scenario triage.","Document-readiness checklist + qualification decision tree","Open with a 40–60 word answer to “A lender debt service ratios Canada”; follow with document-readiness checklist + qualification decision tree; layer in show the full A-lender route and the fallback/return path across institutional, B, and private capital using 28+ years and $1B+ funded principal-broker experience; start with a free, no-credit-inquiry scenario triage. Support every material claim, answer the visible follow-up questions, and keep the full commercial pitch on /resources/a-lender-mortgage-requirements-ontario.","Cite FSRA/FCAC/CMHC or Ontario primary sources; show brokerage #13827 and administrator #13828; attribute 28+ years and $1B+ funded to the principal broker with the July 14, 2026 methodology. Add one anonymized borrower scenario and a named editorial reviewer.","Pressure-test my scenario","/borrowers/institutional-mortgage; /resources/a-vs-b-vs-private-mortgage","Article/Service as appropriate + visible FAQPage","Semiannual","live web search, one exact query","2026-07-20","Canada/Ontario query modifiers; exact localization not guaranteed","medium — five live result references","volume/difficulty/backlinks unavailable-not-zero"
"KW-008","self employed A lender mortgage Ontario","prime-a","A / prime institutional mortgages","L2","a-guide","/resources/a-lender-mortgage-requirements-ontario","P1","Self-Employed Mortgage Guide Ontario 2026 — Get Approved With Business Income | RATECORE Mortgage","https://ratecore.ca/self-employed/","ratecore.ca","direct lender, brokerage, or specialist","Ontario/Canada aligned","Stated Income Self Employed Home Mortgage Financing Options | Home Mortgage Ontario","https://homemortgageontario.ca/getting-started/mortgage-possibilities/self-employed/","homemortgageontario.ca","direct lender, brokerage, or specialist","Self-Employed Mortgage Ontario | Business-for-Self Approvals | Garry Sidhu Mortgages","https://garrysidhu.ca/programs/self-employed/","garrysidhu.ca","direct lender, brokerage, or specialist","https://www.ratehub.ca/self-employed-mortgage","https://gtamortgagesolutions.ca/self-employed-mortgage-ontario","5","direct lender, brokerage, or specialist","commercial service / product page","Wins through exact local commercial intent, scenario specificity, speed/equity language, strong CTAs, and service-page relevance.","Commercially relevant but many pages rely on generic approval/speed claims, weak citations, opaque total cost, and little proof of exit planning.","Match the winners’ exact-query answer, commercial service / product page, Ontario/Canada terminology, scannable structure, definitions, risks, and a clear next step. Cite the strongest primary source instead of paraphrasing unsupported rules.","Add what the dominant direct lender, brokerage, or specialist results omit: borrower-specific decision logic, transparent assumptions, a worked Ontario scenario, all-in economics, document requirements, failure modes, and a route beyond the current product.","Show the full A-lender route and the fallback/return path across institutional, B, and private capital using 28+ years and $1B+ funded principal-broker experience; start with a free, no-credit-inquiry scenario triage.","Service decision module + lender-tier route selector + focused intake","Open with a 40–60 word answer to “self employed A lender mortgage Ontario”; follow with service decision module + lender-tier route selector + focused intake; layer in show the full A-lender route and the fallback/return path across institutional, B, and private capital using 28+ years and $1B+ funded principal-broker experience; start with a free, no-credit-inquiry scenario triage. Support every material claim, answer the visible follow-up questions, and keep the full commercial pitch on /resources/a-lender-mortgage-requirements-ontario.","Cite FSRA/FCAC/CMHC or Ontario primary sources; show brokerage #13827 and administrator #13828; attribute 28+ years and $1B+ funded to the principal broker with the July 14, 2026 methodology. Add one anonymized borrower scenario and a named editorial reviewer.","Pressure-test my scenario","/borrowers/institutional-mortgage; /resources/a-vs-b-vs-private-mortgage","Article/Service as appropriate + visible FAQPage","Semiannual","live web search, one exact query","2026-07-20","Canada/Ontario query modifiers; exact localization not guaranteed","medium — five live result references","volume/difficulty/backlinks unavailable-not-zero"
"KW-009","A lender vs B lender mortgage Ontario","prime-a","A / prime institutional mortgages","L3","lender-comparison","/resources/a-vs-b-vs-private-mortgage","P0","A-Lender vs B-Lender Mortgages in Canada: When to Use Each (Broker Guide) | bips","https://bips.ca/resources/blog/a-lender-vs-b-lender-canada","bips.ca","direct lender, brokerage, or specialist","Ontario/Canada aligned","B Lender vs Private Lender: Which Is Cheaper, and When? | RATECORE Mortgage","https://ratecore.ca/blog/b-lender-vs-private-lender-ontario/","ratecore.ca","direct lender, brokerage, or specialist","Private vs B Lender Ontario | Lendworth","https://www.lendworth.ca/blog/lendworth-blog-1/private-vs-b-lender-in-ontario-what-s-the-difference-and-which-one-is-right-for-you-880","lendworth.ca","direct lender, brokerage, or specialist","https://greenhousemortgage.ca/education/alt-lenders-b-lenders-ontario","https://wowa.ca/private-mortgage-lenders-ontario","5","direct lender, brokerage, or specialist","comparison / decision guide","Wins through exact local commercial intent, scenario specificity, speed/equity language, strong CTAs, and service-page relevance.","Commercially relevant but many pages rely on generic approval/speed claims, weak citations, opaque total cost, and little proof of exit planning.","Match the winners’ exact-query answer, comparison / decision guide, Ontario/Canada terminology, scannable structure, definitions, risks, and a clear next step. Cite the strongest primary source instead of paraphrasing unsupported rules.","Add what the dominant direct lender, brokerage, or specialist results omit: borrower-specific decision logic, transparent assumptions, a worked Ontario scenario, all-in economics, document requirements, failure modes, and a route beyond the current product.","Show the full A-lender route and the fallback/return path across institutional, B, and private capital using 28+ years and $1B+ funded principal-broker experience; start with a free, no-credit-inquiry scenario triage.","Original comparison matrix + scenario calculator","Open with a 40–60 word answer to “A lender vs B lender mortgage Ontario”; follow with original comparison matrix + scenario calculator; layer in show the full A-lender route and the fallback/return path across institutional, B, and private capital using 28+ years and $1B+ funded principal-broker experience; start with a free, no-credit-inquiry scenario triage. Support every material claim, answer the visible follow-up questions, and keep the full commercial pitch on /resources/a-vs-b-vs-private-mortgage.","Cite FSRA/FCAC/CMHC or Ontario primary sources; show brokerage #13827 and administrator #13828; attribute 28+ years and $1B+ funded to the principal broker with the July 14, 2026 methodology. Add one anonymized borrower scenario and a named editorial reviewer.","Compare my realistic financing routes","/borrowers/institutional-mortgage; /borrowers/alternative-mortgage; /borrowers/private-mortgage-financing","Article + WebApplication + visible FAQPage","Semiannual","live web search, one exact query","2026-07-20","Canada/Ontario query modifiers; exact localization not guaranteed","medium — five live result references","volume/difficulty/backlinks unavailable-not-zero"
"KW-010","bank vs monoline mortgage lender Canada","prime-a","A / prime institutional mortgages","L3","lender-comparison","/resources/a-vs-b-vs-private-mortgage","P0","Bank of America - Banking, Credit Cards, Loans and Merrill ...","https://www.bankofamerica.com/","bankofamerica.com","bank / institutional product provider","foreign/US context — localization gap","U.S. Bank: Personal Banking, Credit Cards, Loans & Investing","https://www.usbank.com/index.html","usbank.com","direct lender, brokerage, or specialist","Bank","https://en.wikipedia.org/wiki/Bank","en.wikipedia.org","direct lender, brokerage, or specialist","https://www.bankbsf.com/","https://www.bank.bank/","5","direct lender, brokerage, or specialist","comparison / decision guide","Wins through exact local commercial intent, scenario specificity, speed/equity language, strong CTAs, and service-page relevance.","Commercially relevant but many pages rely on generic approval/speed claims, weak citations, opaque total cost, and little proof of exit planning.","Match the winners’ exact-query answer, comparison / decision guide, Ontario/Canada terminology, scannable structure, definitions, risks, and a clear next step. Cite the strongest primary source instead of paraphrasing unsupported rules.","Add what the dominant direct lender, brokerage, or specialist results omit: borrower-specific decision logic, transparent assumptions, a worked Ontario scenario, all-in economics, document requirements, failure modes, and a route beyond the current product.","Show the full A-lender route and the fallback/return path across institutional, B, and private capital using 28+ years and $1B+ funded principal-broker experience; start with a free, no-credit-inquiry scenario triage.","Original comparison matrix + scenario calculator","Open with a 40–60 word answer to “bank vs monoline mortgage lender Canada”; follow with original comparison matrix + scenario calculator; layer in show the full A-lender route and the fallback/return path across institutional, B, and private capital using 28+ years and $1B+ funded principal-broker experience; start with a free, no-credit-inquiry scenario triage. Support every material claim, answer the visible follow-up questions, and keep the full commercial pitch on /resources/a-vs-b-vs-private-mortgage.","Cite FSRA/FCAC/CMHC or Ontario primary sources; show brokerage #13827 and administrator #13828; attribute 28+ years and $1B+ funded to the principal broker with the July 14, 2026 methodology. Add one anonymized borrower scenario and a named editorial reviewer.","Compare my realistic financing routes","/borrowers/institutional-mortgage; /borrowers/alternative-mortgage; /borrowers/private-mortgage-financing","Article + WebApplication + visible FAQPage","Semiannual","live web search, one exact query","2026-07-20","Canada/Ontario query modifiers; exact localization not guaranteed","medium — five live result references","volume/difficulty/backlinks unavailable-not-zero"
"KW-011","institutional vs private mortgage Ontario","prime-a","A / prime institutional mortgages","L3","lender-comparison","/resources/a-vs-b-vs-private-mortgage","P0","Private Mortgages | Financial Services Regulatory Authority of Ontario","https://www.fsrao.ca/privatemortgage","fsrao.ca","government / regulator","Ontario/Canada aligned","Ontario Private Mortgage Guide 2026 | Rates, Rules & How to Qualify","https://www.lendworth.ca/blog/lendworth-blog-1/the-2026-ontario-private-mortgage-guide-rates-rules-risks-how-to-qualify-764","lendworth.ca","direct lender, brokerage, or specialist","Private Mortgages - Record Keeping - Lawyer | Law Society of Ontario","https://lso.ca/getdoc/42fa10b2-9920-4f51-9278-7d76d99a2a15/Private-Mortgages-Record-Keeping","lso.ca","legal / professional authority","https://yieldthenorth.ca/articles/private-lending-ontario-guide-2026","https://ratecore.ca/blog/b-lender-vs-private-lender-ontario/","5","direct lender, brokerage, or specialist","comparison / decision guide","Wins through exact local commercial intent, scenario specificity, speed/equity language, strong CTAs, and service-page relevance.","Commercially relevant but many pages rely on generic approval/speed claims, weak citations, opaque total cost, and little proof of exit planning.","Match the winners’ exact-query answer, comparison / decision guide, Ontario/Canada terminology, scannable structure, definitions, risks, and a clear next step. Cite the strongest primary source instead of paraphrasing unsupported rules.","Add what the dominant direct lender, brokerage, or specialist results omit: borrower-specific decision logic, transparent assumptions, a worked Ontario scenario, all-in economics, document requirements, failure modes, and a route beyond the current product.","Show the full A-lender route and the fallback/return path across institutional, B, and private capital using 28+ years and $1B+ funded principal-broker experience; start with a free, no-credit-inquiry scenario triage.","Original comparison matrix + scenario calculator","Open with a 40–60 word answer to “institutional vs private mortgage Ontario”; follow with original comparison matrix + scenario calculator; layer in show the full A-lender route and the fallback/return path across institutional, B, and private capital using 28+ years and $1B+ funded principal-broker experience; start with a free, no-credit-inquiry scenario triage. Support every material claim, answer the visible follow-up questions, and keep the full commercial pitch on /resources/a-vs-b-vs-private-mortgage.","Cite FSRA/FCAC/CMHC or Ontario primary sources; show brokerage #13827 and administrator #13828; attribute 28+ years and $1B+ funded to the principal broker with the July 14, 2026 methodology. Add one anonymized borrower scenario and a named editorial reviewer.","Compare my realistic financing routes","/borrowers/institutional-mortgage; /borrowers/alternative-mortgage; /borrowers/private-mortgage-financing","Article + WebApplication + visible FAQPage","Semiannual","live web search, one exact query","2026-07-20","Canada/Ontario query modifiers; exact localization not guaranteed","medium — five live result references","volume/difficulty/backlinks unavailable-not-zero"
"KW-012","fixed vs variable prime mortgage Ontario","prime-a","A / prime institutional mortgages","L3","lender-comparison","/resources/a-vs-b-vs-private-mortgage","P0","Fixed vs Variable Mortgage in Ontario — Which Wins in 2026? | Summitly News | Summitly","https://www.summitly.ca/news/advice-financing/fixed-vs-variable-mortgage-ontario-2026","summitly.ca","direct lender, brokerage, or specialist","Ontario/Canada aligned","Fixed vs. variable rate mortgages: which is right for you?","https://www.ig.ca/en/insights/fixed-vs-variable-mortgage","ig.ca","direct lender, brokerage, or specialist","Variable vs Fixed Mortgage Rate Ontario 2026 — Which Is Better? | RATECORE Mortgage","https://ratecore.ca/variable-vs-fixed/","ratecore.ca","direct lender, brokerage, or specialist","https://mrates.ca/fixed-vs-variable-the-2026-ontario-market-outlook/","https://thehousingmarket.ca/guides/buyers/fixed-vs-variable-mortgage","5","direct lender, brokerage, or specialist","comparison / decision guide","Wins through exact local commercial intent, scenario specificity, speed/equity language, strong CTAs, and service-page relevance.","Commercially relevant but many pages rely on generic approval/speed claims, weak citations, opaque total cost, and little proof of exit planning.","Match the winners’ exact-query answer, comparison / decision guide, Ontario/Canada terminology, scannable structure, definitions, risks, and a clear next step. Cite the strongest primary source instead of paraphrasing unsupported rules.","Add what the dominant direct lender, brokerage, or specialist results omit: borrower-specific decision logic, transparent assumptions, a worked Ontario scenario, all-in economics, document requirements, failure modes, and a route beyond the current product.","Show the full A-lender route and the fallback/return path across institutional, B, and private capital using 28+ years and $1B+ funded principal-broker experience; start with a free, no-credit-inquiry scenario triage.","Original comparison matrix + scenario calculator","Open with a 40–60 word answer to “fixed vs variable prime mortgage Ontario”; follow with original comparison matrix + scenario calculator; layer in show the full A-lender route and the fallback/return path across institutional, B, and private capital using 28+ years and $1B+ funded principal-broker experience; start with a free, no-credit-inquiry scenario triage. Support every material claim, answer the visible follow-up questions, and keep the full commercial pitch on /resources/a-vs-b-vs-private-mortgage.","Cite FSRA/FCAC/CMHC or Ontario primary sources; show brokerage #13827 and administrator #13828; attribute 28+ years and $1B+ funded to the principal broker with the July 14, 2026 methodology. Add one anonymized borrower scenario and a named editorial reviewer.","Compare my realistic financing routes","/borrowers/institutional-mortgage; /borrowers/alternative-mortgage; /borrowers/private-mortgage-financing","Article + WebApplication + visible FAQPage","Semiannual","live web search, one exact query","2026-07-20","Canada/Ontario query modifiers; exact localization not guaranteed","medium — five live result references","volume/difficulty/backlinks unavailable-not-zero"
"KW-013","A lender mortgage broker Ontario","prime-a","A / prime institutional mortgages","L4","a-service","/borrowers/institutional-mortgage","P1","Working with a Mortgage Professional | Financial Services Regulatory Authority of Ontario","https://www.fsrao.ca/consumers/mortgage-brokering/working-mortgage-professional","fsrao.ca","government / regulator","Ontario/Canada aligned","Stonefield Capital — Private Mortgage Lender Ontario","https://www.stonefieldcapital.ca/","stonefieldcapital.ca","direct lender, brokerage, or specialist","Mortgage Application Process | Financial Services Regulatory Authority of Ontario","https://www.fsrao.ca/consumers/mortgage-brokering/mortgage-application-process","fsrao.ca","government / regulator","https://www.paulsawhney.ca/","https://www.360lending.ca/","5","direct lender, brokerage, or specialist","commercial service / product page","Wins through exact local commercial intent, scenario specificity, speed/equity language, strong CTAs, and service-page relevance.","Commercially relevant but many pages rely on generic approval/speed claims, weak citations, opaque total cost, and little proof of exit planning.","Match the winners’ exact-query answer, commercial service / product page, Ontario/Canada terminology, scannable structure, definitions, risks, and a clear next step. Cite the strongest primary source instead of paraphrasing unsupported rules.","Add what the dominant direct lender, brokerage, or specialist results omit: borrower-specific decision logic, transparent assumptions, a worked Ontario scenario, all-in economics, document requirements, failure modes, and a route beyond the current product.","Show the full A-lender route and the fallback/return path across institutional, B, and private capital using 28+ years and $1B+ funded principal-broker experience; start with a free, no-credit-inquiry scenario triage.","Service decision module + lender-tier route selector + focused intake","Open with a 40–60 word answer to “A lender mortgage broker Ontario”; follow with service decision module + lender-tier route selector + focused intake; layer in show the full A-lender route and the fallback/return path across institutional, B, and private capital using 28+ years and $1B+ funded principal-broker experience; start with a free, no-credit-inquiry scenario triage. Support every material claim, answer the visible follow-up questions, and keep the full commercial pitch on /borrowers/institutional-mortgage.","Cite FSRA/FCAC/CMHC or Ontario primary sources; show brokerage #13827 and administrator #13828; attribute 28+ years and $1B+ funded to the principal broker with the July 14, 2026 methodology. Add one anonymized borrower scenario and a named editorial reviewer.","Get a focused eligibility and document review","/resources/a-lender-mortgage-requirements-ontario; /resources/a-vs-b-vs-private-mortgage","Article/Service as appropriate + visible FAQPage","Semiannual","live web search, one exact query","2026-07-20","Canada/Ontario query modifiers; exact localization not guaranteed","medium — five live result references","volume/difficulty/backlinks unavailable-not-zero"
"KW-014","institutional mortgage lenders Ontario","prime-a","A / prime institutional mortgages","L4","a-service","/borrowers/institutional-mortgage","P1","Commercial Real Estate Mortgage Solutions in Ontario","https://www.cornellmortgages.ca/","cornellmortgages.ca","direct lender, brokerage, or specialist","Ontario/Canada aligned","Mortgage Agency with History of Excellence | Money Solutions","https://www.money-solutions.ca/about/","money-solutions.ca","direct lender, brokerage, or specialist","Stonefield Capital — Private Mortgage Lender Ontario","https://www.stonefieldcapital.ca/","stonefieldcapital.ca","direct lender, brokerage, or specialist","https://www.keystonecmb.ca/about","https://epireon.com/brokerage-about-us/","5","direct lender, brokerage, or specialist","commercial service / product page","Wins through exact local commercial intent, scenario specificity, speed/equity language, strong CTAs, and service-page relevance.","Commercially relevant but many pages rely on generic approval/speed claims, weak citations, opaque total cost, and little proof of exit planning.","Match the winners’ exact-query answer, commercial service / product page, Ontario/Canada terminology, scannable structure, definitions, risks, and a clear next step. Cite the strongest primary source instead of paraphrasing unsupported rules.","Add what the dominant direct lender, brokerage, or specialist results omit: borrower-specific decision logic, transparent assumptions, a worked Ontario scenario, all-in economics, document requirements, failure modes, and a route beyond the current product.","Show the full A-lender route and the fallback/return path across institutional, B, and private capital using 28+ years and $1B+ funded principal-broker experience; start with a free, no-credit-inquiry scenario triage.","Service decision module + lender-tier route selector + focused intake","Open with a 40–60 word answer to “institutional mortgage lenders Ontario”; follow with service decision module + lender-tier route selector + focused intake; layer in show the full A-lender route and the fallback/return path across institutional, B, and private capital using 28+ years and $1B+ funded principal-broker experience; start with a free, no-credit-inquiry scenario triage. Support every material claim, answer the visible follow-up questions, and keep the full commercial pitch on /borrowers/institutional-mortgage.","Cite FSRA/FCAC/CMHC or Ontario primary sources; show brokerage #13827 and administrator #13828; attribute 28+ years and $1B+ funded to the principal broker with the July 14, 2026 methodology. Add one anonymized borrower scenario and a named editorial reviewer.","Get a focused eligibility and document review","/resources/a-lender-mortgage-requirements-ontario; /resources/a-vs-b-vs-private-mortgage","Article/Service as appropriate + visible FAQPage","Semiannual","live web search, one exact query","2026-07-20","Canada/Ontario query modifiers; exact localization not guaranteed","medium — five live result references","volume/difficulty/backlinks unavailable-not-zero"
"KW-015","prime mortgage pre approval Ontario","prime-a","A / prime institutional mortgages","L4","a-service","/borrowers/institutional-mortgage","P1","Mortgage Application Process | Financial Services Regulatory Authority of Ontario","https://www.fsrao.ca/consumers/mortgage-brokering/mortgage-application-process","fsrao.ca","government / regulator","Ontario/Canada aligned","Mortgage Pre-Approval Ontario 2026 — What It Is, How to Get It Fast | RATECORE Mortgage","https://ratecore.ca/pre-approval/","ratecore.ca","direct lender, brokerage, or specialist","Getting preapproved for a mortgage - Canada.ca","https://www.canada.ca/en/financial-consumer-agency/services/mortgages/preapproval-qualify-mortgage.html","canada.ca","government / regulator","https://www.prime-mortgage.ca/","https://www.ratehub.ca/banks/td-bank-mortgage-pre-approval","5","direct lender, brokerage, or specialist","commercial service / product page","Wins through exact local commercial intent, scenario specificity, speed/equity language, strong CTAs, and service-page relevance.","Commercially relevant but many pages rely on generic approval/speed claims, weak citations, opaque total cost, and little proof of exit planning.","Match the winners’ exact-query answer, commercial service / product page, Ontario/Canada terminology, scannable structure, definitions, risks, and a clear next step. Cite the strongest primary source instead of paraphrasing unsupported rules.","Add what the dominant direct lender, brokerage, or specialist results omit: borrower-specific decision logic, transparent assumptions, a worked Ontario scenario, all-in economics, document requirements, failure modes, and a route beyond the current product.","Show the full A-lender route and the fallback/return path across institutional, B, and private capital using 28+ years and $1B+ funded principal-broker experience; start with a free, no-credit-inquiry scenario triage.","Service decision module + lender-tier route selector + focused intake","Open with a 40–60 word answer to “prime mortgage pre approval Ontario”; follow with service decision module + lender-tier route selector + focused intake; layer in show the full A-lender route and the fallback/return path across institutional, B, and private capital using 28+ years and $1B+ funded principal-broker experience; start with a free, no-credit-inquiry scenario triage. Support every material claim, answer the visible follow-up questions, and keep the full commercial pitch on /borrowers/institutional-mortgage.","Cite FSRA/FCAC/CMHC or Ontario primary sources; show brokerage #13827 and administrator #13828; attribute 28+ years and $1B+ funded to the principal broker with the July 14, 2026 methodology. Add one anonymized borrower scenario and a named editorial reviewer.","Get a focused eligibility and document review","/resources/a-lender-mortgage-requirements-ontario; /resources/a-vs-b-vs-private-mortgage","Article/Service as appropriate + visible FAQPage","Semiannual","live web search, one exact query","2026-07-20","Canada/Ontario query modifiers; exact localization not guaranteed","medium — five live result references","volume/difficulty/backlinks unavailable-not-zero"
"KW-016","documents for A lender mortgage Canada","prime-a","A / prime institutional mortgages","L4","a-service","/borrowers/institutional-mortgage","P1","Getting preapproved for a mortgage - Canada.ca","https://www.canada.ca/en/financial-consumer-agency/services/mortgages/preapproval-qualify-mortgage.html","canada.ca","government / regulator","Ontario/Canada aligned","Mortgage Application Process | Financial Services Regulatory Authority of Ontario","https://www.fsrao.ca/consumers/mortgage-brokering/mortgage-application-process","fsrao.ca","government / regulator","Mortgage Document Checklist Canada: Everything You Need to Apply (2026) | WealthNorth","https://wealthnorth.ca/mortgages/mortgage-document-checklist/","wealthnorth.ca","direct lender, brokerage, or specialist","https://loanscanada.ca/mortgage/mortgage-documents-checklist/","https://www.mortgagesquad.ca/blog/what-documents-do-you-need-for-a-mortgage-in-canada","5","direct lender, brokerage, or specialist","qualification process / checklist","Wins through exact local commercial intent, scenario specificity, speed/equity language, strong CTAs, and service-page relevance.","Commercially relevant but many pages rely on generic approval/speed claims, weak citations, opaque total cost, and little proof of exit planning.","Match the winners’ exact-query answer, qualification process / checklist, Ontario/Canada terminology, scannable structure, definitions, risks, and a clear next step. Cite the strongest primary source instead of paraphrasing unsupported rules.","Add what the dominant direct lender, brokerage, or specialist results omit: borrower-specific decision logic, transparent assumptions, a worked Ontario scenario, all-in economics, document requirements, failure modes, and a route beyond the current product.","Show the full A-lender route and the fallback/return path across institutional, B, and private capital using 28+ years and $1B+ funded principal-broker experience; start with a free, no-credit-inquiry scenario triage.","Document-readiness checklist + qualification decision tree","Open with a 40–60 word answer to “documents for A lender mortgage Canada”; follow with document-readiness checklist + qualification decision tree; layer in show the full A-lender route and the fallback/return path across institutional, B, and private capital using 28+ years and $1B+ funded principal-broker experience; start with a free, no-credit-inquiry scenario triage. Support every material claim, answer the visible follow-up questions, and keep the full commercial pitch on /borrowers/institutional-mortgage.","Cite FSRA/FCAC/CMHC or Ontario primary sources; show brokerage #13827 and administrator #13828; attribute 28+ years and $1B+ funded to the principal broker with the July 14, 2026 methodology. Add one anonymized borrower scenario and a named editorial reviewer.","Get a focused eligibility and document review","/resources/a-lender-mortgage-requirements-ontario; /resources/a-vs-b-vs-private-mortgage","Article/Service as appropriate + visible FAQPage","Semiannual","live web search, one exact query","2026-07-20","Canada/Ontario query modifiers; exact localization not guaranteed","medium — five live result references","volume/difficulty/backlinks unavailable-not-zero"
"KW-017","switch private mortgage to A lender Ontario","prime-a","A / prime institutional mortgages","L5","a-service","/borrowers/institutional-mortgage","P1","Making It Easier for You to Get a Private Mortgage","https://switchmortgages.ca/","switchmortgages.ca","direct lender, brokerage, or specialist","Ontario/Canada aligned","Responses to Frequently Asked Questions on Loans","https://switchmortgages.ca/faq/","switchmortgages.ca","direct lender, brokerage, or specialist","Mortgage Switch / Transfer Program - Mortgage Broker in Ontario","https://www.ontariolend.ca/mortgage-switch-transfer-program/","ontariolend.ca","direct lender, brokerage, or specialist","https://switchmortgages.ca/about/","https://www.fsrao.ca/industry/mortgage-brokering/regulatory-framework/supervision/holding-agent-or-broker-licence-does-not-make-you-exempt-private-lender","5","direct lender, brokerage, or specialist","commercial service / product page","Wins through exact local commercial intent, scenario specificity, speed/equity language, strong CTAs, and service-page relevance.","Commercially relevant but many pages rely on generic approval/speed claims, weak citations, opaque total cost, and little proof of exit planning.","Match the winners’ exact-query answer, commercial service / product page, Ontario/Canada terminology, scannable structure, definitions, risks, and a clear next step. Cite the strongest primary source instead of paraphrasing unsupported rules.","Add what the dominant direct lender, brokerage, or specialist results omit: borrower-specific decision logic, transparent assumptions, a worked Ontario scenario, all-in economics, document requirements, failure modes, and a route beyond the current product.","Show the full A-lender route and the fallback/return path across institutional, B, and private capital using 28+ years and $1B+ funded principal-broker experience; start with a free, no-credit-inquiry scenario triage.","Service decision module + lender-tier route selector + focused intake","Open with a 40–60 word answer to “switch private mortgage to A lender Ontario”; follow with service decision module + lender-tier route selector + focused intake; layer in show the full A-lender route and the fallback/return path across institutional, B, and private capital using 28+ years and $1B+ funded principal-broker experience; start with a free, no-credit-inquiry scenario triage. Support every material claim, answer the visible follow-up questions, and keep the full commercial pitch on /borrowers/institutional-mortgage.","Cite FSRA/FCAC/CMHC or Ontario primary sources; show brokerage #13827 and administrator #13828; attribute 28+ years and $1B+ funded to the principal broker with the July 14, 2026 methodology. Add one anonymized borrower scenario and a named editorial reviewer.","Request a time-sensitive scenario triage","/resources/a-lender-mortgage-requirements-ontario; /resources/a-vs-b-vs-private-mortgage","Article/Service as appropriate + visible FAQPage","Semiannual","live web search, one exact query","2026-07-20","Canada/Ontario query modifiers; exact localization not guaranteed","medium — five live result references","volume/difficulty/backlinks unavailable-not-zero"
"KW-018","urgent institutional mortgage closing Ontario","prime-a","A / prime institutional mortgages","L5","a-service","/borrowers/institutional-mortgage","P1","Private Bridge Mortgage Services in Ontario | Trillium Mortgage","https://bestratesgta.ca/bridge-mortgage-service-ontario","bestratesgta.ca","direct lender, brokerage, or specialist","Ontario/Canada aligned","Mortgage Transactions in Electronic Registration - Lawyer | Law Society of Ontario","https://lso.ca/lawyers/practice-supports-and-resources/practice-area/real-estate-law/electronic-registration-of-title-documents/mortgage-transactions-in-electronic-registration","lso.ca","legal / professional authority","Mortgage Agent In Ontario | Toronto Mortgage Broker | Mortgage Agent","https://equitymainlymatters.ca/?v=e2ggdh4zt14e6el","equitymainlymatters.ca","direct lender, brokerage, or specialist","https://crownmortgagecorp.ca/services/emergency-mortgage/","https://bestratesgta.ca/stop-power-of-sale-ontario","5","direct lender, brokerage, or specialist","commercial service / product page","Wins through exact local commercial intent, scenario specificity, speed/equity language, strong CTAs, and service-page relevance.","Commercially relevant but many pages rely on generic approval/speed claims, weak citations, opaque total cost, and little proof of exit planning.","Match the winners’ exact-query answer, commercial service / product page, Ontario/Canada terminology, scannable structure, definitions, risks, and a clear next step. Cite the strongest primary source instead of paraphrasing unsupported rules.","Add what the dominant direct lender, brokerage, or specialist results omit: borrower-specific decision logic, transparent assumptions, a worked Ontario scenario, all-in economics, document requirements, failure modes, and a route beyond the current product.","Show the full A-lender route and the fallback/return path across institutional, B, and private capital using 28+ years and $1B+ funded principal-broker experience; start with a free, no-credit-inquiry scenario triage.","Deadline triage flow + evidence checklist + sober risk notice","Open with a 40–60 word answer to “urgent institutional mortgage closing Ontario”; follow with deadline triage flow + evidence checklist + sober risk notice; layer in show the full A-lender route and the fallback/return path across institutional, B, and private capital using 28+ years and $1B+ funded principal-broker experience; start with a free, no-credit-inquiry scenario triage. Support every material claim, answer the visible follow-up questions, and keep the full commercial pitch on /borrowers/institutional-mortgage.","Cite FSRA/FCAC/CMHC or Ontario primary sources; show brokerage #13827 and administrator #13828; attribute 28+ years and $1B+ funded to the principal broker with the July 14, 2026 methodology. Add one anonymized borrower scenario and a named editorial reviewer.","Request a time-sensitive scenario triage","/resources/a-lender-mortgage-requirements-ontario; /resources/a-vs-b-vs-private-mortgage","Article/Service as appropriate + visible FAQPage","Semiannual","live web search, one exact query","2026-07-20","Canada/Ontario query modifiers; exact localization not guaranteed","medium — five live result references","volume/difficulty/backlinks unavailable-not-zero"
"KW-019","move from B lender to bank mortgage","prime-a","A / prime institutional mortgages","L5","a-service","/borrowers/institutional-mortgage","P1","Can You Switch From a B Lender Back to a Bank? The 12–24 Month Exit Plan | RATECORE Mortgage","https://ratecore.ca/blog/switch-b-lender-back-to-bank/","ratecore.ca","direct lender, brokerage, or specialist","Ontario/Canada aligned","B Lender Mortgages in Canada - NerdWallet Canada","https://www.nerdwallet.com/ca/p/article/mortgages/understanding-b-lender-mortgages","nerdwallet.com","comparison publisher / finance media","Product transfer mortgages - MoneySavingExpert","https://www.moneysavingexpert.com/mortgages/product-transfers/","moneysavingexpert.com","direct lender, brokerage, or specialist","https://www.experian.com/blogs/ask-experian/is-it-better-to-use-a-mortgage-broker-or-bank/","https://legalclarity.org/can-i-move-my-mortgage-to-another-bank-how-it-works/","5","comparison publisher / finance media","commercial service / product page","Wins with exact-match headings, plain-language summaries, updated comparison tables, calculators, and broad long-tail coverage.","Broad and scannable but often generic, affiliate-led, thin on Ontario underwriting evidence, and disconnected from a real exit plan.","Match the winners’ exact-query answer, commercial service / product page, Ontario/Canada terminology, scannable structure, definitions, risks, and a clear next step. Cite the strongest primary source instead of paraphrasing unsupported rules.","Add what the dominant comparison publisher / finance media results omit: borrower-specific decision logic, transparent assumptions, a worked Ontario scenario, all-in economics, document requirements, failure modes, and a route beyond the current product.","Show the full A-lender route and the fallback/return path across institutional, B, and private capital using 28+ years and $1B+ funded principal-broker experience; start with a free, no-credit-inquiry scenario triage.","Service decision module + lender-tier route selector + focused intake","Open with a 40–60 word answer to “move from B lender to bank mortgage”; follow with service decision module + lender-tier route selector + focused intake; layer in show the full A-lender route and the fallback/return path across institutional, B, and private capital using 28+ years and $1B+ funded principal-broker experience; start with a free, no-credit-inquiry scenario triage. Support every material claim, answer the visible follow-up questions, and keep the full commercial pitch on /borrowers/institutional-mortgage.","Cite FSRA/FCAC/CMHC or Ontario primary sources; show brokerage #13827 and administrator #13828; attribute 28+ years and $1B+ funded to the principal broker with the July 14, 2026 methodology. Add one anonymized borrower scenario and a named editorial reviewer.","Request a time-sensitive scenario triage","/resources/a-lender-mortgage-requirements-ontario; /resources/a-vs-b-vs-private-mortgage","Article/Service as appropriate + visible FAQPage","Semiannual","live web search, one exact query","2026-07-20","Canada/Ontario query modifiers; exact localization not guaranteed","medium — five live result references","volume/difficulty/backlinks unavailable-not-zero"
"KW-020","A lender mortgage renewal denied options","prime-a","A / prime institutional mortgages","L5","a-service","/borrowers/institutional-mortgage","P1","Mortgage Renewal Denied | Options If Denied by Lenders | Ratehub.ca","https://www.ratehub.ca/mortgage-renewal-denied","ratehub.ca","comparison publisher / finance media","Ontario/Canada aligned","Mortgage Renewal Denied in Canada? Here's What to Do Next | Flow Mortgage Co.","https://www.getflowmortgage.ca/guides/mortgage-renewal-denied","getflowmortgage.ca","direct lender, brokerage, or specialist","Can You Be Denied a Mortgage Renewal: What to Do - LegalClarity","https://legalclarity.org/can-you-be-denied-a-mortgage-renewal-what-to-do/","legalclarity.org","legal / professional authority","https://www.ratehub.ca/blog/what-happens-if-your-mortgage-renewal-is-denied/","https://legalclarity.org/can-your-mortgage-renewal-be-denied-what-to-do-next/","5","comparison publisher / finance media","evergreen explainer / guide","Wins with exact-match headings, plain-language summaries, updated comparison tables, calculators, and broad long-tail coverage.","Broad and scannable but often generic, affiliate-led, thin on Ontario underwriting evidence, and disconnected from a real exit plan.","Match the winners’ exact-query answer, evergreen explainer / guide, Ontario/Canada terminology, scannable structure, definitions, risks, and a clear next step. Cite the strongest primary source instead of paraphrasing unsupported rules.","Add what the dominant comparison publisher / finance media results omit: borrower-specific decision logic, transparent assumptions, a worked Ontario scenario, all-in economics, document requirements, failure modes, and a route beyond the current product.","Show the full A-lender route and the fallback/return path across institutional, B, and private capital using 28+ years and $1B+ funded principal-broker experience; start with a free, no-credit-inquiry scenario triage.","Service decision module + lender-tier route selector + focused intake","Open with a 40–60 word answer to “A lender mortgage renewal denied options”; follow with service decision module + lender-tier route selector + focused intake; layer in show the full A-lender route and the fallback/return path across institutional, B, and private capital using 28+ years and $1B+ funded principal-broker experience; start with a free, no-credit-inquiry scenario triage. Support every material claim, answer the visible follow-up questions, and keep the full commercial pitch on /borrowers/institutional-mortgage.","Cite FSRA/FCAC/CMHC or Ontario primary sources; show brokerage #13827 and administrator #13828; attribute 28+ years and $1B+ funded to the principal broker with the July 14, 2026 methodology. Add one anonymized borrower scenario and a named editorial reviewer.","Request a time-sensitive scenario triage","/resources/a-lender-mortgage-requirements-ontario; /resources/a-vs-b-vs-private-mortgage","Article/Service as appropriate + visible FAQPage","Semiannual","live web search, one exact query","2026-07-20","Canada/Ontario query modifiers; exact localization not guaranteed","medium — five live result references","volume/difficulty/backlinks unavailable-not-zero"
"KW-021","what is a B lender mortgage in Canada","alternative-b","B / alternative institutional mortgages","L1","b-guide","/resources/b-lender-mortgage-ontario","P1","B Lender Mortgages in Canada - NerdWallet Canada","https://www.nerdwallet.com/ca/p/article/mortgages/understanding-b-lender-mortgages","nerdwallet.com","comparison publisher / finance media","Ontario/Canada aligned","B-Lender Mortgages Canada 2026 | Alternative Lending | WealthNorth","https://wealthnorth.ca/mortgages/b-lender-mortgage-canada/","wealthnorth.ca","direct lender, brokerage, or specialist","B Lenders in Canada","https://rates.ca/guides/mortgage/b-lenders","rates.ca","comparison publisher / finance media","https://www.360lending.ca/blog/what-is-a-b-lender-mortgage-canada","https://www.nesto.ca/glossary/b-lender/","5","comparison publisher / finance media","evergreen explainer / guide","Wins with exact-match headings, plain-language summaries, updated comparison tables, calculators, and broad long-tail coverage.","Broad and scannable but often generic, affiliate-led, thin on Ontario underwriting evidence, and disconnected from a real exit plan.","Match the winners’ exact-query answer, evergreen explainer / guide, Ontario/Canada terminology, scannable structure, definitions, risks, and a clear next step. Cite the strongest primary source instead of paraphrasing unsupported rules.","Add what the dominant comparison publisher / finance media results omit: borrower-specific decision logic, transparent assumptions, a worked Ontario scenario, all-in economics, document requirements, failure modes, and a route beyond the current product.","Explain why the bank box failed, compare B versus private on all-in cost and exit, and provide a documented graduation path back to A instead of selling “approval” as the outcome.","Answer-first explainer + route selector + annotated example","Open with a 40–60 word answer to “what is a B lender mortgage in Canada”; follow with answer-first explainer + route selector + annotated example; layer in explain why the bank box failed, compare B versus private on all-in cost and exit, and provide a documented graduation path back to A instead of selling “approval” as the outcome. Support every material claim, answer the visible follow-up questions, and keep the full commercial pitch on /resources/b-lender-mortgage-ontario.","Cite FSRA/FCAC/CMHC or Ontario primary sources; show brokerage #13827 and administrator #13828; attribute 28+ years and $1B+ funded to the principal broker with the July 14, 2026 methodology. Add one anonymized borrower scenario and a named editorial reviewer.","See which financing route fits","/borrowers/alternative-mortgage; /resources/a-vs-b-vs-private-mortgage","Article/Service as appropriate + visible FAQPage","Semiannual","live web search, one exact query","2026-07-20","Canada/Ontario query modifiers; exact localization not guaranteed","medium — five live result references","volume/difficulty/backlinks unavailable-not-zero"
"KW-022","how alternative mortgages work Ontario","alternative-b","B / alternative institutional mortgages","L1","b-guide","/resources/b-lender-mortgage-ontario","P1","Private Mortgages | Financial Services Regulatory Authority of Ontario","https://www.fsrao.ca/privatemortgage","fsrao.ca","government / regulator","Ontario/Canada aligned","Mortgage Brokering | Financial Services Regulatory Authority of Ontario","https://www.fsrao.ca/consumers/mortgage-brokering","fsrao.ca","government / regulator","Mortgage Application Process | Financial Services Regulatory Authority of Ontario","https://www.fsrao.ca/consumers/mortgage-brokering/mortgage-application-process","fsrao.ca","government / regulator","https://www.fsrao.ca/consumers/mortgage-brokering/shopping-mortgage","https://www.ontariolend.ca/alternative-lending/","5","government / regulator","consumer guidance","Wins trust through primary-source authority, exhaustive process coverage, neutral risk language, and durable internal linking.","Neutral and authoritative but rarely helps a borrower compare viable routes, model a file, or act with a focused document plan.","Match the winners’ exact-query answer, consumer guidance, Ontario/Canada terminology, scannable structure, definitions, risks, and a clear next step. Cite the strongest primary source instead of paraphrasing unsupported rules.","Add what the dominant government / regulator results omit: borrower-specific decision logic, transparent assumptions, a worked Ontario scenario, all-in economics, document requirements, failure modes, and a route beyond the current product.","Explain why the bank box failed, compare B versus private on all-in cost and exit, and provide a documented graduation path back to A instead of selling “approval” as the outcome.","Answer-first explainer + route selector + annotated example","Open with a 40–60 word answer to “how alternative mortgages work Ontario”; follow with answer-first explainer + route selector + annotated example; layer in explain why the bank box failed, compare B versus private on all-in cost and exit, and provide a documented graduation path back to A instead of selling “approval” as the outcome. Support every material claim, answer the visible follow-up questions, and keep the full commercial pitch on /resources/b-lender-mortgage-ontario.","Cite FSRA/FCAC/CMHC or Ontario primary sources; show brokerage #13827 and administrator #13828; attribute 28+ years and $1B+ funded to the principal broker with the July 14, 2026 methodology. Add one anonymized borrower scenario and a named editorial reviewer.","See which financing route fits","/borrowers/alternative-mortgage; /resources/a-vs-b-vs-private-mortgage","Article/Service as appropriate + visible FAQPage","Semiannual","live web search, one exact query","2026-07-20","Canada/Ontario query modifiers; exact localization not guaranteed","medium — five live result references","volume/difficulty/backlinks unavailable-not-zero"
"KW-023","alternative institutional lender meaning","alternative-b","B / alternative institutional mortgages","L1","b-guide","/resources/b-lender-mortgage-ontario","P1","What Is an Institutional Lender? - LegalClarity","https://legalclarity.org/what-is-an-institutional-lender/","legalclarity.org","legal / professional authority","geography unclear","Institutional lender Definition | Legal Glossary | LexisNexis","https://www.lexisnexis.co.uk/legal/glossary/institutional-lender","lexisnexis.co.uk","direct lender, brokerage, or specialist","What Is an Alternative Mortgage Lender? - NerdWallet Canada","https://www.nerdwallet.com/ca/p/article/mortgages/what-is-an-alternative-mortgage-lender","nerdwallet.com","comparison publisher / finance media","https://www.law.cornell.edu/definitions/uscode.php?def_id=42-USC-1106367012-833677514&height=800&iframe=true&term_occur=999&term_src=title%3A42%3Achapter%3A149%3Asubchapter%3AIX%3Apart%3AJ%3Asection%3A16371&width=840","https://www.truenorthmortgage.ca/blog/alternative-b-lender","5","direct lender, brokerage, or specialist","commercial service / product page","Wins through exact local commercial intent, scenario specificity, speed/equity language, strong CTAs, and service-page relevance.","Commercially relevant but many pages rely on generic approval/speed claims, weak citations, opaque total cost, and little proof of exit planning.","Match the winners’ exact-query answer, commercial service / product page, Ontario/Canada terminology, scannable structure, definitions, risks, and a clear next step. Cite the strongest primary source instead of paraphrasing unsupported rules.","Add what the dominant direct lender, brokerage, or specialist results omit: borrower-specific decision logic, transparent assumptions, a worked Ontario scenario, all-in economics, document requirements, failure modes, and a route beyond the current product.","Explain why the bank box failed, compare B versus private on all-in cost and exit, and provide a documented graduation path back to A instead of selling “approval” as the outcome.","Answer-first explainer + route selector + annotated example","Open with a 40–60 word answer to “alternative institutional lender meaning”; follow with answer-first explainer + route selector + annotated example; layer in explain why the bank box failed, compare B versus private on all-in cost and exit, and provide a documented graduation path back to A instead of selling “approval” as the outcome. Support every material claim, answer the visible follow-up questions, and keep the full commercial pitch on /resources/b-lender-mortgage-ontario.","Cite FSRA/FCAC/CMHC or Ontario primary sources; show brokerage #13827 and administrator #13828; attribute 28+ years and $1B+ funded to the principal broker with the July 14, 2026 methodology. Add one anonymized borrower scenario and a named editorial reviewer.","See which financing route fits","/borrowers/alternative-mortgage; /resources/a-vs-b-vs-private-mortgage","Article/Service as appropriate + visible FAQPage","Semiannual","live web search, one exact query","2026-07-20","Canada/Ontario query modifiers; exact localization not guaranteed","medium — five live result references","volume/difficulty/backlinks unavailable-not-zero"
"KW-024","who are B mortgage lenders in Ontario","alternative-b","B / alternative institutional mortgages","L1","b-guide","/resources/b-lender-mortgage-ontario","P1","B-Lender Mortgages in Ontario: Your Alternative to the Big Banks - CreditReboot Mortgages","https://www.creditreboot.ca/blog/b-lender-mortgages-ontario/","creditreboot.ca","direct lender, brokerage, or specialist","Ontario/Canada aligned","B Lenders Ontario: Alt Mortgage Lenders Explained | Greenhouse","https://greenhousemortgage.ca/education/alt-lenders-b-lenders-ontario","greenhousemortgage.ca","direct lender, brokerage, or specialist","Bank-Alternative “B” Mortgage Broker in Ontario | Mortgage Wars","https://mortgagewars.ca/home","mortgagewars.ca","direct lender, brokerage, or specialist","https://remic.ca/lenders/","https://www.oaciq.com/en/broker/professional-practices-guides/guide-mortgage-financing/mortgage-products/types-of-lenders/","5","direct lender, brokerage, or specialist","commercial service / product page","Wins through exact local commercial intent, scenario specificity, speed/equity language, strong CTAs, and service-page relevance.","Commercially relevant but many pages rely on generic approval/speed claims, weak citations, opaque total cost, and little proof of exit planning.","Match the winners’ exact-query answer, commercial service / product page, Ontario/Canada terminology, scannable structure, definitions, risks, and a clear next step. Cite the strongest primary source instead of paraphrasing unsupported rules.","Add what the dominant direct lender, brokerage, or specialist results omit: borrower-specific decision logic, transparent assumptions, a worked Ontario scenario, all-in economics, document requirements, failure modes, and a route beyond the current product.","Explain why the bank box failed, compare B versus private on all-in cost and exit, and provide a documented graduation path back to A instead of selling “approval” as the outcome.","Service decision module + lender-tier route selector + focused intake","Open with a 40–60 word answer to “who are B mortgage lenders in Ontario”; follow with service decision module + lender-tier route selector + focused intake; layer in explain why the bank box failed, compare B versus private on all-in cost and exit, and provide a documented graduation path back to A instead of selling “approval” as the outcome. Support every material claim, answer the visible follow-up questions, and keep the full commercial pitch on /resources/b-lender-mortgage-ontario.","Cite FSRA/FCAC/CMHC or Ontario primary sources; show brokerage #13827 and administrator #13828; attribute 28+ years and $1B+ funded to the principal broker with the July 14, 2026 methodology. Add one anonymized borrower scenario and a named editorial reviewer.","See which financing route fits","/borrowers/alternative-mortgage; /resources/a-vs-b-vs-private-mortgage","Article/Service as appropriate + visible FAQPage","Semiannual","live web search, one exact query","2026-07-20","Canada/Ontario query modifiers; exact localization not guaranteed","medium — five live result references","volume/difficulty/backlinks unavailable-not-zero"
"KW-025","B lender mortgage requirements Ontario","alternative-b","B / alternative institutional mortgages","L2","b-guide","/resources/b-lender-mortgage-ontario","P1","Mortgage Application Process | Financial Services Regulatory Authority of Ontario","https://www.fsrao.ca/consumers/mortgage-brokering/mortgage-application-process","fsrao.ca","government / regulator","Ontario/Canada aligned","Working with a Mortgage Professional | Financial Services Regulatory Authority of Ontario","https://www.fsrao.ca/consumers/mortgage-brokering/working-mortgage-professional","fsrao.ca","government / regulator","Best B-Lender Mortgages in Canada (2026) | WealthNorth","https://wealthnorth.ca/mortgages/best-b-lender-mortgages-canada/","wealthnorth.ca","direct lender, brokerage, or specialist","https://www.ontario.ca/laws/regulation/070407","https://www.nerdwallet.com/ca/p/article/mortgages/understanding-b-lender-mortgages","5","government / regulator","qualification process / checklist","Wins trust through primary-source authority, exhaustive process coverage, neutral risk language, and durable internal linking.","Neutral and authoritative but rarely helps a borrower compare viable routes, model a file, or act with a focused document plan.","Match the winners’ exact-query answer, qualification process / checklist, Ontario/Canada terminology, scannable structure, definitions, risks, and a clear next step. Cite the strongest primary source instead of paraphrasing unsupported rules.","Add what the dominant government / regulator results omit: borrower-specific decision logic, transparent assumptions, a worked Ontario scenario, all-in economics, document requirements, failure modes, and a route beyond the current product.","Explain why the bank box failed, compare B versus private on all-in cost and exit, and provide a documented graduation path back to A instead of selling “approval” as the outcome.","Document-readiness checklist + qualification decision tree","Open with a 40–60 word answer to “B lender mortgage requirements Ontario”; follow with document-readiness checklist + qualification decision tree; layer in explain why the bank box failed, compare B versus private on all-in cost and exit, and provide a documented graduation path back to A instead of selling “approval” as the outcome. Support every material claim, answer the visible follow-up questions, and keep the full commercial pitch on /resources/b-lender-mortgage-ontario.","Cite FSRA/FCAC/CMHC or Ontario primary sources; show brokerage #13827 and administrator #13828; attribute 28+ years and $1B+ funded to the principal broker with the July 14, 2026 methodology. Add one anonymized borrower scenario and a named editorial reviewer.","Pressure-test my scenario","/borrowers/alternative-mortgage; /resources/a-vs-b-vs-private-mortgage","Article/Service as appropriate + visible FAQPage","Semiannual","live web search, one exact query","2026-07-20","Canada/Ontario query modifiers; exact localization not guaranteed","medium — five live result references","volume/difficulty/backlinks unavailable-not-zero"
"KW-026","minimum credit score for B lender mortgage","alternative-b","B / alternative institutional mortgages","L2","b-guide","/resources/b-lender-mortgage-ontario","P1","General Requirements for Credit Scores | Fannie Mae","https://guide-selling.fanniemae.com/sel/b3-5.1-01/general-requirements-credit-scores","guide-selling.fanniemae.com","direct lender, brokerage, or specialist","foreign/US context — localization gap","How to Get a Mortgage with Bad Credit in Canada 2026 | WealthNorth","https://wealthnorth.ca/mortgages/mortgage-bad-credit-canada/","wealthnorth.ca","direct lender, brokerage, or specialist","Determining the Credit Score for a Mortgage Loan | Fannie Mae","https://guide-selling.fanniemae.com/sel/b3-5.1-02/determining-credit-score-mortgage-loan","guide-selling.fanniemae.com","direct lender, brokerage, or specialist","https://lendsimpl.ca/blog/credit-score-needed-mortgage-canada","https://wealthnorth.ca/mortgages/best-mortgage-lenders-for-bad-credit/","5","direct lender, brokerage, or specialist","commercial service / product page","Wins through exact local commercial intent, scenario specificity, speed/equity language, strong CTAs, and service-page relevance.","Commercially relevant but many pages rely on generic approval/speed claims, weak citations, opaque total cost, and little proof of exit planning.","Match the winners’ exact-query answer, commercial service / product page, Ontario/Canada terminology, scannable structure, definitions, risks, and a clear next step. Cite the strongest primary source instead of paraphrasing unsupported rules.","Add what the dominant direct lender, brokerage, or specialist results omit: borrower-specific decision logic, transparent assumptions, a worked Ontario scenario, all-in economics, document requirements, failure modes, and a route beyond the current product.","Explain why the bank box failed, compare B versus private on all-in cost and exit, and provide a documented graduation path back to A instead of selling “approval” as the outcome.","Document-readiness checklist + qualification decision tree","Open with a 40–60 word answer to “minimum credit score for B lender mortgage”; follow with document-readiness checklist + qualification decision tree; layer in explain why the bank box failed, compare B versus private on all-in cost and exit, and provide a documented graduation path back to A instead of selling “approval” as the outcome. Support every material claim, answer the visible follow-up questions, and keep the full commercial pitch on /resources/b-lender-mortgage-ontario.","Cite FSRA/FCAC/CMHC or Ontario primary sources; show brokerage #13827 and administrator #13828; attribute 28+ years and $1B+ funded to the principal broker with the July 14, 2026 methodology. Add one anonymized borrower scenario and a named editorial reviewer.","Pressure-test my scenario","/borrowers/alternative-mortgage; /resources/a-vs-b-vs-private-mortgage","Article/Service as appropriate + visible FAQPage","Semiannual","live web search, one exact query","2026-07-20","Canada/Ontario query modifiers; exact localization not guaranteed","medium — five live result references","volume/difficulty/backlinks unavailable-not-zero"
"KW-027","B lender self employed mortgage Ontario","alternative-b","B / alternative institutional mortgages","L2","b-guide","/resources/b-lender-mortgage-ontario","P1","Self-Employed Mortgage Ontario | NOA, Bank Statements, Stated Income | lendsimpl","https://lendsimpl.ca/self-employed-mortgage-ontario","lendsimpl.ca","direct lender, brokerage, or specialist","Ontario/Canada aligned","Self-Employed Mortgage Ontario | Business Owners & Incorporated | Paul Hunjan — Mortgage Broker","https://gtamortgagesolutions.ca/self-employed-mortgage-ontario","gtamortgagesolutions.ca","direct lender, brokerage, or specialist","Self-Employed Mortgage Guide Ontario 2026 — Get Approved With Business Income | RATECORE Mortgage","https://ratecore.ca/self-employed/","ratecore.ca","direct lender, brokerage, or specialist","https://www.lendworth.ca/self-employed","https://wealthnorth.ca/mortgages/best-mortgage-lenders-for-self-employed/","5","direct lender, brokerage, or specialist","commercial service / product page","Wins through exact local commercial intent, scenario specificity, speed/equity language, strong CTAs, and service-page relevance.","Commercially relevant but many pages rely on generic approval/speed claims, weak citations, opaque total cost, and little proof of exit planning.","Match the winners’ exact-query answer, commercial service / product page, Ontario/Canada terminology, scannable structure, definitions, risks, and a clear next step. Cite the strongest primary source instead of paraphrasing unsupported rules.","Add what the dominant direct lender, brokerage, or specialist results omit: borrower-specific decision logic, transparent assumptions, a worked Ontario scenario, all-in economics, document requirements, failure modes, and a route beyond the current product.","Explain why the bank box failed, compare B versus private on all-in cost and exit, and provide a documented graduation path back to A instead of selling “approval” as the outcome.","Service decision module + lender-tier route selector + focused intake","Open with a 40–60 word answer to “B lender self employed mortgage Ontario”; follow with service decision module + lender-tier route selector + focused intake; layer in explain why the bank box failed, compare B versus private on all-in cost and exit, and provide a documented graduation path back to A instead of selling “approval” as the outcome. Support every material claim, answer the visible follow-up questions, and keep the full commercial pitch on /resources/b-lender-mortgage-ontario.","Cite FSRA/FCAC/CMHC or Ontario primary sources; show brokerage #13827 and administrator #13828; attribute 28+ years and $1B+ funded to the principal broker with the July 14, 2026 methodology. Add one anonymized borrower scenario and a named editorial reviewer.","Pressure-test my scenario","/borrowers/alternative-mortgage; /resources/a-vs-b-vs-private-mortgage","Article/Service as appropriate + visible FAQPage","Semiannual","live web search, one exact query","2026-07-20","Canada/Ontario query modifiers; exact localization not guaranteed","medium — five live result references","volume/difficulty/backlinks unavailable-not-zero"
"KW-028","B lender debt service ratios Canada","alternative-b","B / alternative institutional mortgages","L2","b-guide","/resources/b-lender-mortgage-ontario","P1","B Lender Mortgages in Canada","https://wowa.ca/b-lender-mortgages","wowa.ca","comparison publisher / finance media","Ontario/Canada aligned","B Lender Mortgages in Canada","https://www.nerdwallet.com/ca/p/article/mortgages/understanding-b-lender-mortgages","nerdwallet.com","comparison publisher / finance media","Alternative Lending: Intro to B-Lending","https://mortgages.ca/b-lending-alternative-lending/","mortgages.ca","direct lender, brokerage, or specialist","https://www.nesto.ca/mortgage-basics/a-lender-vs-b-lender-mortgages-in-canada/","https://www.osfi-bsif.gc.ca/en/guidance/guidance-library/osfis-response-guideline-b-20-initial-consultation-feedback-debt-serviceability-measures","5","comparison publisher / finance media","commercial service / product page","Wins with exact-match headings, plain-language summaries, updated comparison tables, calculators, and broad long-tail coverage.","Broad and scannable but often generic, affiliate-led, thin on Ontario underwriting evidence, and disconnected from a real exit plan.","Match the winners’ exact-query answer, commercial service / product page, Ontario/Canada terminology, scannable structure, definitions, risks, and a clear next step. Cite the strongest primary source instead of paraphrasing unsupported rules.","Add what the dominant comparison publisher / finance media results omit: borrower-specific decision logic, transparent assumptions, a worked Ontario scenario, all-in economics, document requirements, failure modes, and a route beyond the current product.","Explain why the bank box failed, compare B versus private on all-in cost and exit, and provide a documented graduation path back to A instead of selling “approval” as the outcome.","Document-readiness checklist + qualification decision tree","Open with a 40–60 word answer to “B lender debt service ratios Canada”; follow with document-readiness checklist + qualification decision tree; layer in explain why the bank box failed, compare B versus private on all-in cost and exit, and provide a documented graduation path back to A instead of selling “approval” as the outcome. Support every material claim, answer the visible follow-up questions, and keep the full commercial pitch on /resources/b-lender-mortgage-ontario.","Cite FSRA/FCAC/CMHC or Ontario primary sources; show brokerage #13827 and administrator #13828; attribute 28+ years and $1B+ funded to the principal broker with the July 14, 2026 methodology. Add one anonymized borrower scenario and a named editorial reviewer.","Pressure-test my scenario","/borrowers/alternative-mortgage; /resources/a-vs-b-vs-private-mortgage","Article/Service as appropriate + visible FAQPage","Semiannual","live web search, one exact query","2026-07-20","Canada/Ontario query modifiers; exact localization not guaranteed","medium — five live result references","volume/difficulty/backlinks unavailable-not-zero"
"KW-029","B lender vs A lender mortgage Ontario","alternative-b","B / alternative institutional mortgages","L3","lender-comparison","/resources/a-vs-b-vs-private-mortgage","P0","Private vs B Lender Ontario | Lendworth","https://www.lendworth.ca/blog/lendworth-blog-1/private-vs-b-lender-in-ontario-what-s-the-difference-and-which-one-is-right-for-you-880","lendworth.ca","direct lender, brokerage, or specialist","Ontario/Canada aligned","B Lender vs Private Lender: Which Is Cheaper, and When? | RATECORE Mortgage","https://ratecore.ca/blog/b-lender-vs-private-lender-ontario/","ratecore.ca","direct lender, brokerage, or specialist","B Lenders Ontario: Alt Mortgage Lenders Explained | Greenhouse","https://greenhousemortgage.ca/education/alt-lenders-b-lenders-ontario","greenhousemortgage.ca","direct lender, brokerage, or specialist","https://bips.ca/resources/blog/a-lender-vs-b-lender-canada","https://wealthnorth.ca/mortgages/alternative-mortgages/b-lender-mortgage-canada/","5","direct lender, brokerage, or specialist","comparison / decision guide","Wins through exact local commercial intent, scenario specificity, speed/equity language, strong CTAs, and service-page relevance.","Commercially relevant but many pages rely on generic approval/speed claims, weak citations, opaque total cost, and little proof of exit planning.","Match the winners’ exact-query answer, comparison / decision guide, Ontario/Canada terminology, scannable structure, definitions, risks, and a clear next step. Cite the strongest primary source instead of paraphrasing unsupported rules.","Add what the dominant direct lender, brokerage, or specialist results omit: borrower-specific decision logic, transparent assumptions, a worked Ontario scenario, all-in economics, document requirements, failure modes, and a route beyond the current product.","Explain why the bank box failed, compare B versus private on all-in cost and exit, and provide a documented graduation path back to A instead of selling “approval” as the outcome.","Original comparison matrix + scenario calculator","Open with a 40–60 word answer to “B lender vs A lender mortgage Ontario”; follow with original comparison matrix + scenario calculator; layer in explain why the bank box failed, compare B versus private on all-in cost and exit, and provide a documented graduation path back to A instead of selling “approval” as the outcome. Support every material claim, answer the visible follow-up questions, and keep the full commercial pitch on /resources/a-vs-b-vs-private-mortgage.","Cite FSRA/FCAC/CMHC or Ontario primary sources; show brokerage #13827 and administrator #13828; attribute 28+ years and $1B+ funded to the principal broker with the July 14, 2026 methodology. Add one anonymized borrower scenario and a named editorial reviewer.","Compare my realistic financing routes","/borrowers/institutional-mortgage; /borrowers/alternative-mortgage; /borrowers/private-mortgage-financing","Article + WebApplication + visible FAQPage","Semiannual","live web search, one exact query","2026-07-20","Canada/Ontario query modifiers; exact localization not guaranteed","medium — five live result references","volume/difficulty/backlinks unavailable-not-zero"
"KW-030","B lender vs private mortgage Ontario","alternative-b","B / alternative institutional mortgages","L3","lender-comparison","/resources/a-vs-b-vs-private-mortgage","P0","B Lender vs Private Lender: Which Is Cheaper, and When? | RATECORE Mortgage","https://ratecore.ca/blog/b-lender-vs-private-lender-ontario/","ratecore.ca","direct lender, brokerage, or specialist","Ontario/Canada aligned","Private vs B Lender Ontario | Lendworth","https://www.lendworth.ca/blog/lendworth-blog-1/private-vs-b-lender-in-ontario-what-s-the-difference-and-which-one-is-right-for-you-880","lendworth.ca","direct lender, brokerage, or specialist","Private Mortgage vs Bank vs B-Lender | Ontario Guide","https://privatemortgagescanada.com/insights/private-mortgage-vs-bank-vs-b-lender/","privatemortgagescanada.com","direct lender, brokerage, or specialist","https://wowa.ca/private-mortgage-lenders-ontario","https://www.fsrao.ca/privatemortgage","5","direct lender, brokerage, or specialist","comparison / decision guide","Wins through exact local commercial intent, scenario specificity, speed/equity language, strong CTAs, and service-page relevance.","Commercially relevant but many pages rely on generic approval/speed claims, weak citations, opaque total cost, and little proof of exit planning.","Match the winners’ exact-query answer, comparison / decision guide, Ontario/Canada terminology, scannable structure, definitions, risks, and a clear next step. Cite the strongest primary source instead of paraphrasing unsupported rules.","Add what the dominant direct lender, brokerage, or specialist results omit: borrower-specific decision logic, transparent assumptions, a worked Ontario scenario, all-in economics, document requirements, failure modes, and a route beyond the current product.","Explain why the bank box failed, compare B versus private on all-in cost and exit, and provide a documented graduation path back to A instead of selling “approval” as the outcome.","Original comparison matrix + scenario calculator","Open with a 40–60 word answer to “B lender vs private mortgage Ontario”; follow with original comparison matrix + scenario calculator; layer in explain why the bank box failed, compare B versus private on all-in cost and exit, and provide a documented graduation path back to A instead of selling “approval” as the outcome. Support every material claim, answer the visible follow-up questions, and keep the full commercial pitch on /resources/a-vs-b-vs-private-mortgage.","Cite FSRA/FCAC/CMHC or Ontario primary sources; show brokerage #13827 and administrator #13828; attribute 28+ years and $1B+ funded to the principal broker with the July 14, 2026 methodology. Add one anonymized borrower scenario and a named editorial reviewer.","Compare my realistic financing routes","/borrowers/institutional-mortgage; /borrowers/alternative-mortgage; /borrowers/private-mortgage-financing","Article + WebApplication + visible FAQPage","Semiannual","live web search, one exact query","2026-07-20","Canada/Ontario query modifiers; exact localization not guaranteed","medium — five live result references","volume/difficulty/backlinks unavailable-not-zero"
"KW-031","alternative lender vs bank mortgage","alternative-b","B / alternative institutional mortgages","L3","lender-comparison","/resources/a-vs-b-vs-private-mortgage","P0","Mortgage Lenders Vs. Banks: Which is Best? | Bankrate","https://www.bankrate.com/mortgages/bank-vs-mortgage-lender/","bankrate.com","comparison publisher / finance media","geography unclear","Mortgage Lenders Vs. Banks: Which is Best? | Bankrate","https://www.bankrate.com/mortgages/bank-vs-mortgage-lender/?_brprt=rr-055","bankrate.com","comparison publisher / finance media","What Is an Alternative Mortgage Lender? - NerdWallet Canada","https://www.nerdwallet.com/ca/p/article/mortgages/what-is-an-alternative-mortgage-lender","nerdwallet.com","comparison publisher / finance media","https://www.experian.com/blogs/ask-experian/is-it-better-to-use-a-mortgage-broker-or-bank/","https://www.bankrate.com/mortgages/what-are-mortgage-lenders/","5","comparison publisher / finance media","comparison / decision guide","Wins with exact-match headings, plain-language summaries, updated comparison tables, calculators, and broad long-tail coverage.","Broad and scannable but often generic, affiliate-led, thin on Ontario underwriting evidence, and disconnected from a real exit plan.","Match the winners’ exact-query answer, comparison / decision guide, Ontario/Canada terminology, scannable structure, definitions, risks, and a clear next step. Cite the strongest primary source instead of paraphrasing unsupported rules.","Add what the dominant comparison publisher / finance media results omit: borrower-specific decision logic, transparent assumptions, a worked Ontario scenario, all-in economics, document requirements, failure modes, and a route beyond the current product.","Explain why the bank box failed, compare B versus private on all-in cost and exit, and provide a documented graduation path back to A instead of selling “approval” as the outcome.","Original comparison matrix + scenario calculator","Open with a 40–60 word answer to “alternative lender vs bank mortgage”; follow with original comparison matrix + scenario calculator; layer in explain why the bank box failed, compare B versus private on all-in cost and exit, and provide a documented graduation path back to A instead of selling “approval” as the outcome. Support every material claim, answer the visible follow-up questions, and keep the full commercial pitch on /resources/a-vs-b-vs-private-mortgage.","Cite FSRA/FCAC/CMHC or Ontario primary sources; show brokerage #13827 and administrator #13828; attribute 28+ years and $1B+ funded to the principal broker with the July 14, 2026 methodology. Add one anonymized borrower scenario and a named editorial reviewer.","Compare my realistic financing routes","/borrowers/institutional-mortgage; /borrowers/alternative-mortgage; /borrowers/private-mortgage-financing","Article + WebApplication + visible FAQPage","Semiannual","live web search, one exact query","2026-07-20","Canada/Ontario query modifiers; exact localization not guaranteed","medium — five live result references","volume/difficulty/backlinks unavailable-not-zero"
"KW-032","B lender mortgage rates and fees Ontario","alternative-b","B / alternative institutional mortgages","L3","lender-comparison","/resources/a-vs-b-vs-private-mortgage","P0","B Lender Mortgage Rates in Ontario","https://altrua.ca/b-lender-mortgage-rates/","altrua.ca","direct lender, brokerage, or specialist","Ontario/Canada aligned","Mortgage Rates Ontario | Prime & B-Lender Rates | 360Lending","https://www.360lending.ca/rates/mortgage-rates-ontario-canada","360lending.ca","direct lender, brokerage, or specialist","Alternative Lending Solutions in Ontario | B-Lender Options","https://mortgagewars.ca/alternative-mortgage-solutions","mortgagewars.ca","direct lender, brokerage, or specialist","https://lendsimpl.ca/","https://cmsmortgages.ca/mortgage-rates-ontario/","5","direct lender, brokerage, or specialist","commercial service / product page","Wins through exact local commercial intent, scenario specificity, speed/equity language, strong CTAs, and service-page relevance.","Commercially relevant but many pages rely on generic approval/speed claims, weak citations, opaque total cost, and little proof of exit planning.","Match the winners’ exact-query answer, commercial service / product page, Ontario/Canada terminology, scannable structure, definitions, risks, and a clear next step. Cite the strongest primary source instead of paraphrasing unsupported rules.","Add what the dominant direct lender, brokerage, or specialist results omit: borrower-specific decision logic, transparent assumptions, a worked Ontario scenario, all-in economics, document requirements, failure modes, and a route beyond the current product.","Explain why the bank box failed, compare B versus private on all-in cost and exit, and provide a documented graduation path back to A instead of selling “approval” as the outcome.","All-in cost calculator + worked Ontario examples","Open with a 40–60 word answer to “B lender mortgage rates and fees Ontario”; follow with all-in cost calculator + worked ontario examples; layer in explain why the bank box failed, compare B versus private on all-in cost and exit, and provide a documented graduation path back to A instead of selling “approval” as the outcome. Support every material claim, answer the visible follow-up questions, and keep the full commercial pitch on /resources/a-vs-b-vs-private-mortgage.","Cite FSRA/FCAC/CMHC or Ontario primary sources; show brokerage #13827 and administrator #13828; attribute 28+ years and $1B+ funded to the principal broker with the July 14, 2026 methodology. Date every rate/cost input and expose calculator assumptions; do not publish universal rates as promises.","Compare my realistic financing routes","/borrowers/institutional-mortgage; /borrowers/alternative-mortgage; /borrowers/private-mortgage-financing","Article + WebApplication + visible FAQPage","Quarterly and after material policy/rate change","live web search, one exact query","2026-07-20","Canada/Ontario query modifiers; exact localization not guaranteed","medium — five live result references","volume/difficulty/backlinks unavailable-not-zero"
"KW-033","B lender mortgage broker Ontario","alternative-b","B / alternative institutional mortgages","L4","b-service","/borrowers/alternative-mortgage","P1","Bank-Alternative “B” Mortgage Broker in Ontario | Mortgage Wars","https://mortgagewars.ca/home","mortgagewars.ca","direct lender, brokerage, or specialist","Ontario/Canada aligned","Alternative Mortgage Broker in Ontario | Turnedaway.ca","https://www.turnedaway.ca/","turnedaway.ca","direct lender, brokerage, or specialist","Mortgage Broker Ontario | 360Lending","https://www.360lending.ca/mortgage-broker/ontario","360lending.ca","direct lender, brokerage, or specialist","https://meyermortgages.ca/","https://mortgagesquad.ca/b-lender-ontario/","5","direct lender, brokerage, or specialist","commercial service / product page","Wins through exact local commercial intent, scenario specificity, speed/equity language, strong CTAs, and service-page relevance.","Commercially relevant but many pages rely on generic approval/speed claims, weak citations, opaque total cost, and little proof of exit planning.","Match the winners’ exact-query answer, commercial service / product page, Ontario/Canada terminology, scannable structure, definitions, risks, and a clear next step. Cite the strongest primary source instead of paraphrasing unsupported rules.","Add what the dominant direct lender, brokerage, or specialist results omit: borrower-specific decision logic, transparent assumptions, a worked Ontario scenario, all-in economics, document requirements, failure modes, and a route beyond the current product.","Explain why the bank box failed, compare B versus private on all-in cost and exit, and provide a documented graduation path back to A instead of selling “approval” as the outcome.","Service decision module + lender-tier route selector + focused intake","Open with a 40–60 word answer to “B lender mortgage broker Ontario”; follow with service decision module + lender-tier route selector + focused intake; layer in explain why the bank box failed, compare B versus private on all-in cost and exit, and provide a documented graduation path back to A instead of selling “approval” as the outcome. Support every material claim, answer the visible follow-up questions, and keep the full commercial pitch on /borrowers/alternative-mortgage.","Cite FSRA/FCAC/CMHC or Ontario primary sources; show brokerage #13827 and administrator #13828; attribute 28+ years and $1B+ funded to the principal broker with the July 14, 2026 methodology. Add one anonymized borrower scenario and a named editorial reviewer.","Get a focused eligibility and document review","/resources/b-lender-mortgage-ontario; /resources/a-vs-b-vs-private-mortgage; /borrowers/private-mortgage-financing","Article/Service as appropriate + visible FAQPage","Semiannual","live web search, one exact query","2026-07-20","Canada/Ontario query modifiers; exact localization not guaranteed","medium — five live result references","volume/difficulty/backlinks unavailable-not-zero"
"KW-034","alternative mortgage lenders Ontario","alternative-b","B / alternative institutional mortgages","L4","b-service","/borrowers/alternative-mortgage","P1","Alternative Mortgage Broker in Ontario | Turnedaway.ca","https://www.turnedaway.ca/","turnedaway.ca","direct lender, brokerage, or specialist","Ontario/Canada aligned","Alternative Mortgage Lenders in Canada When Banks Say No","https://www.turnedaway.ca/alternative-a-lenders/","turnedaway.ca","direct lender, brokerage, or specialist","Home | Brightpath Capital Corporation","https://www.brightpathcapital.ca/","brightpathcapital.ca","direct lender, brokerage, or specialist","https://www.fsrao.ca/privatemortgage","https://bestrates.ca/alternative-mortgage-lenders-ontario-guide","5","direct lender, brokerage, or specialist","commercial service / product page","Wins through exact local commercial intent, scenario specificity, speed/equity language, strong CTAs, and service-page relevance.","Commercially relevant but many pages rely on generic approval/speed claims, weak citations, opaque total cost, and little proof of exit planning.","Match the winners’ exact-query answer, commercial service / product page, Ontario/Canada terminology, scannable structure, definitions, risks, and a clear next step. Cite the strongest primary source instead of paraphrasing unsupported rules.","Add what the dominant direct lender, brokerage, or specialist results omit: borrower-specific decision logic, transparent assumptions, a worked Ontario scenario, all-in economics, document requirements, failure modes, and a route beyond the current product.","Explain why the bank box failed, compare B versus private on all-in cost and exit, and provide a documented graduation path back to A instead of selling “approval” as the outcome.","Service decision module + lender-tier route selector + focused intake","Open with a 40–60 word answer to “alternative mortgage lenders Ontario”; follow with service decision module + lender-tier route selector + focused intake; layer in explain why the bank box failed, compare B versus private on all-in cost and exit, and provide a documented graduation path back to A instead of selling “approval” as the outcome. Support every material claim, answer the visible follow-up questions, and keep the full commercial pitch on /borrowers/alternative-mortgage.","Cite FSRA/FCAC/CMHC or Ontario primary sources; show brokerage #13827 and administrator #13828; attribute 28+ years and $1B+ funded to the principal broker with the July 14, 2026 methodology. Add one anonymized borrower scenario and a named editorial reviewer.","Get a focused eligibility and document review","/resources/b-lender-mortgage-ontario; /resources/a-vs-b-vs-private-mortgage; /borrowers/private-mortgage-financing","Article/Service as appropriate + visible FAQPage","Semiannual","live web search, one exact query","2026-07-20","Canada/Ontario query modifiers; exact localization not guaranteed","medium — five live result references","volume/difficulty/backlinks unavailable-not-zero"
"KW-035","B lender mortgage qualification Canada","alternative-b","B / alternative institutional mortgages","L4","b-service","/borrowers/alternative-mortgage","P1","Best B-Lender Mortgages in Canada (2026) | WealthNorth","https://wealthnorth.ca/mortgages/best-b-lender-mortgages-canada/","wealthnorth.ca","direct lender, brokerage, or specialist","Ontario/Canada aligned","B Lender Mortgages in Canada - NerdWallet Canada","https://www.nerdwallet.com/ca/p/article/mortgages/understanding-b-lender-mortgages","nerdwallet.com","comparison publisher / finance media","B-Lender Mortgages Canada 2026 | Alternative Lending | WealthNorth","https://wealthnorth.ca/mortgages/b-lender-mortgage-canada/","wealthnorth.ca","direct lender, brokerage, or specialist","https://bips.ca/resources/blog/a-lender-vs-b-lender-canada","https://www.osfi-bsif.gc.ca/en/guidance/guidance-library/final-revised-guideline-b-20-residential-mortgage-underwriting-practices-procedures","5","direct lender, brokerage, or specialist","qualification process / checklist","Wins through exact local commercial intent, scenario specificity, speed/equity language, strong CTAs, and service-page relevance.","Commercially relevant but many pages rely on generic approval/speed claims, weak citations, opaque total cost, and little proof of exit planning.","Match the winners’ exact-query answer, qualification process / checklist, Ontario/Canada terminology, scannable structure, definitions, risks, and a clear next step. Cite the strongest primary source instead of paraphrasing unsupported rules.","Add what the dominant direct lender, brokerage, or specialist results omit: borrower-specific decision logic, transparent assumptions, a worked Ontario scenario, all-in economics, document requirements, failure modes, and a route beyond the current product.","Explain why the bank box failed, compare B versus private on all-in cost and exit, and provide a documented graduation path back to A instead of selling “approval” as the outcome.","Document-readiness checklist + qualification decision tree","Open with a 40–60 word answer to “B lender mortgage qualification Canada”; follow with document-readiness checklist + qualification decision tree; layer in explain why the bank box failed, compare B versus private on all-in cost and exit, and provide a documented graduation path back to A instead of selling “approval” as the outcome. Support every material claim, answer the visible follow-up questions, and keep the full commercial pitch on /borrowers/alternative-mortgage.","Cite FSRA/FCAC/CMHC or Ontario primary sources; show brokerage #13827 and administrator #13828; attribute 28+ years and $1B+ funded to the principal broker with the July 14, 2026 methodology. Add one anonymized borrower scenario and a named editorial reviewer.","Get a focused eligibility and document review","/resources/b-lender-mortgage-ontario; /resources/a-vs-b-vs-private-mortgage; /borrowers/private-mortgage-financing","Article/Service as appropriate + visible FAQPage","Semiannual","live web search, one exact query","2026-07-20","Canada/Ontario query modifiers; exact localization not guaranteed","medium — five live result references","volume/difficulty/backlinks unavailable-not-zero"
"KW-036","documents for B lender mortgage","alternative-b","B / alternative institutional mortgages","L4","b-service","/borrowers/alternative-mortgage","P1","Mortgage Documents: The Ultimate Guide | Chase","https://www.chase.com/personal/mortgage/education/financing-a-home/documents-needed-for-mortgage","chase.com","bank / institutional product provider","foreign/US context — localization gap","Documents you need to apply for a mortgage | Fannie Mae","https://yourhome.fanniemae.com/buy/home-loan-documents","yourhome.fanniemae.com","direct lender, brokerage, or specialist","Best B-Lender Mortgages in Canada (2026) | WealthNorth","https://wealthnorth.ca/mortgages/best-b-lender-mortgages-canada/","wealthnorth.ca","direct lender, brokerage, or specialist","https://selling-guide.fanniemae.com/sel/b1-1/application-package-documentation","https://legalclarity.org/mortgage-processing-checklist-documents-and-steps/","5","direct lender, brokerage, or specialist","qualification process / checklist","Wins through exact local commercial intent, scenario specificity, speed/equity language, strong CTAs, and service-page relevance.","Commercially relevant but many pages rely on generic approval/speed claims, weak citations, opaque total cost, and little proof of exit planning.","Match the winners’ exact-query answer, qualification process / checklist, Ontario/Canada terminology, scannable structure, definitions, risks, and a clear next step. Cite the strongest primary source instead of paraphrasing unsupported rules.","Add what the dominant direct lender, brokerage, or specialist results omit: borrower-specific decision logic, transparent assumptions, a worked Ontario scenario, all-in economics, document requirements, failure modes, and a route beyond the current product.","Explain why the bank box failed, compare B versus private on all-in cost and exit, and provide a documented graduation path back to A instead of selling “approval” as the outcome.","Document-readiness checklist + qualification decision tree","Open with a 40–60 word answer to “documents for B lender mortgage”; follow with document-readiness checklist + qualification decision tree; layer in explain why the bank box failed, compare B versus private on all-in cost and exit, and provide a documented graduation path back to A instead of selling “approval” as the outcome. Support every material claim, answer the visible follow-up questions, and keep the full commercial pitch on /borrowers/alternative-mortgage.","Cite FSRA/FCAC/CMHC or Ontario primary sources; show brokerage #13827 and administrator #13828; attribute 28+ years and $1B+ funded to the principal broker with the July 14, 2026 methodology. Add one anonymized borrower scenario and a named editorial reviewer.","Get a focused eligibility and document review","/resources/b-lender-mortgage-ontario; /resources/a-vs-b-vs-private-mortgage; /borrowers/private-mortgage-financing","Article/Service as appropriate + visible FAQPage","Semiannual","live web search, one exact query","2026-07-20","Canada/Ontario query modifiers; exact localization not guaranteed","medium — five live result references","volume/difficulty/backlinks unavailable-not-zero"
"KW-037","mortgage declined by bank B lender Ontario","alternative-b","B / alternative institutional mortgages","L5","b-service","/borrowers/alternative-mortgage","P1","Alternative Mortgage Broker in Ontario | Turnedaway.ca","https://www.turnedaway.ca/","turnedaway.ca","direct lender, brokerage, or specialist","Ontario/Canada aligned","Alternative Lending Solutions in Ontario | B-Lender Options","https://mortgagewars.ca/alternative-mortgage-solutions","mortgagewars.ca","direct lender, brokerage, or specialist","Mortgage Declined on a Good Property in Ontario?","https://www.lendworth.ca/blog/lendworth-blog-1/why-good-properties-still-get-bad-mortgage-answers-from-banks-1147","lendworth.ca","direct lender, brokerage, or specialist","https://www.lendworth.ca/blog/lendworth-blog-1/why-banks-decline-mortgages-and-private-lenders-don-t-461","https://www.nerdwallet.com/ca/p/article/mortgages/understanding-b-lender-mortgages","5","direct lender, brokerage, or specialist","commercial service / product page","Wins through exact local commercial intent, scenario specificity, speed/equity language, strong CTAs, and service-page relevance.","Commercially relevant but many pages rely on generic approval/speed claims, weak citations, opaque total cost, and little proof of exit planning.","Match the winners’ exact-query answer, commercial service / product page, Ontario/Canada terminology, scannable structure, definitions, risks, and a clear next step. Cite the strongest primary source instead of paraphrasing unsupported rules.","Add what the dominant direct lender, brokerage, or specialist results omit: borrower-specific decision logic, transparent assumptions, a worked Ontario scenario, all-in economics, document requirements, failure modes, and a route beyond the current product.","Explain why the bank box failed, compare B versus private on all-in cost and exit, and provide a documented graduation path back to A instead of selling “approval” as the outcome.","Deadline triage flow + evidence checklist + sober risk notice","Open with a 40–60 word answer to “mortgage declined by bank B lender Ontario”; follow with deadline triage flow + evidence checklist + sober risk notice; layer in explain why the bank box failed, compare B versus private on all-in cost and exit, and provide a documented graduation path back to A instead of selling “approval” as the outcome. Support every material claim, answer the visible follow-up questions, and keep the full commercial pitch on /borrowers/alternative-mortgage.","Cite FSRA/FCAC/CMHC or Ontario primary sources; show brokerage #13827 and administrator #13828; attribute 28+ years and $1B+ funded to the principal broker with the July 14, 2026 methodology. Add one anonymized borrower scenario and a named editorial reviewer.","Request a time-sensitive scenario triage","/resources/b-lender-mortgage-ontario; /resources/a-vs-b-vs-private-mortgage; /borrowers/private-mortgage-financing","Article/Service as appropriate + visible FAQPage","Semiannual","live web search, one exact query","2026-07-20","Canada/Ontario query modifiers; exact localization not guaranteed","medium — five live result references","volume/difficulty/backlinks unavailable-not-zero"
"KW-038","urgent B lender mortgage Ontario","alternative-b","B / alternative institutional mortgages","L5","b-service","/borrowers/alternative-mortgage","P1","Black Bear Capital | Ontario Private Mortgage Lender","https://www.blackbear.ca/","blackbear.ca","direct lender, brokerage, or specialist","Ontario/Canada aligned","Bad Credit Mortgage Ontario | Stop Power of Sale | MyMortgageFinder.CA","https://www.mymortgagefinder.ca/","mymortgagefinder.ca","direct lender, brokerage, or specialist","B-Lender Mortgages in Ontario: Your Alternative to the Big Banks - CreditReboot Mortgages","https://www.creditreboot.ca/blog/b-lender-mortgages-ontario/","creditreboot.ca","direct lender, brokerage, or specialist","https://bestratesgta.ca/stop-power-of-sale-ontario","https://chaussemortgages.ca/b-lending","5","direct lender, brokerage, or specialist","commercial service / product page","Wins through exact local commercial intent, scenario specificity, speed/equity language, strong CTAs, and service-page relevance.","Commercially relevant but many pages rely on generic approval/speed claims, weak citations, opaque total cost, and little proof of exit planning.","Match the winners’ exact-query answer, commercial service / product page, Ontario/Canada terminology, scannable structure, definitions, risks, and a clear next step. Cite the strongest primary source instead of paraphrasing unsupported rules.","Add what the dominant direct lender, brokerage, or specialist results omit: borrower-specific decision logic, transparent assumptions, a worked Ontario scenario, all-in economics, document requirements, failure modes, and a route beyond the current product.","Explain why the bank box failed, compare B versus private on all-in cost and exit, and provide a documented graduation path back to A instead of selling “approval” as the outcome.","Deadline triage flow + evidence checklist + sober risk notice","Open with a 40–60 word answer to “urgent B lender mortgage Ontario”; follow with deadline triage flow + evidence checklist + sober risk notice; layer in explain why the bank box failed, compare B versus private on all-in cost and exit, and provide a documented graduation path back to A instead of selling “approval” as the outcome. Support every material claim, answer the visible follow-up questions, and keep the full commercial pitch on /borrowers/alternative-mortgage.","Cite FSRA/FCAC/CMHC or Ontario primary sources; show brokerage #13827 and administrator #13828; attribute 28+ years and $1B+ funded to the principal broker with the July 14, 2026 methodology. Add one anonymized borrower scenario and a named editorial reviewer.","Request a time-sensitive scenario triage","/resources/b-lender-mortgage-ontario; /resources/a-vs-b-vs-private-mortgage; /borrowers/private-mortgage-financing","Article/Service as appropriate + visible FAQPage","Semiannual","live web search, one exact query","2026-07-20","Canada/Ontario query modifiers; exact localization not guaranteed","medium — five live result references","volume/difficulty/backlinks unavailable-not-zero"
"KW-039","renew B lender mortgage after decline","alternative-b","B / alternative institutional mortgages","L5","b-service","/borrowers/alternative-mortgage","P1","Renewing your mortgage - Canada.ca","https://www.canada.ca/en/financial-consumer-agency/services/mortgages/renew-mortgage.html","canada.ca","government / regulator","Ontario/Canada aligned","B Lender Mortgages in Canada - NerdWallet Canada","https://www.nerdwallet.com/ca/p/article/mortgages/understanding-b-lender-mortgages","nerdwallet.com","comparison publisher / finance media","B-Lender Mortgage Renewal Exit Strategy | Mortgages Lab | Mortgages Lab","https://mortgageslab.ca/learn/surviving-renewal-a-lenders-vs-b-lenders","mortgageslab.ca","direct lender, brokerage, or specialist","https://www.ratehub.ca/blog/what-happens-if-your-mortgage-renewal-is-denied/","https://www.nerdwallet.com/ca/p/article/mortgages/how-mortgage-renewal-works","5","comparison publisher / finance media","commercial service / product page","Wins with exact-match headings, plain-language summaries, updated comparison tables, calculators, and broad long-tail coverage.","Broad and scannable but often generic, affiliate-led, thin on Ontario underwriting evidence, and disconnected from a real exit plan.","Match the winners’ exact-query answer, commercial service / product page, Ontario/Canada terminology, scannable structure, definitions, risks, and a clear next step. Cite the strongest primary source instead of paraphrasing unsupported rules.","Add what the dominant comparison publisher / finance media results omit: borrower-specific decision logic, transparent assumptions, a worked Ontario scenario, all-in economics, document requirements, failure modes, and a route beyond the current product.","Explain why the bank box failed, compare B versus private on all-in cost and exit, and provide a documented graduation path back to A instead of selling “approval” as the outcome.","Deadline triage flow + evidence checklist + sober risk notice","Open with a 40–60 word answer to “renew B lender mortgage after decline”; follow with deadline triage flow + evidence checklist + sober risk notice; layer in explain why the bank box failed, compare B versus private on all-in cost and exit, and provide a documented graduation path back to A instead of selling “approval” as the outcome. Support every material claim, answer the visible follow-up questions, and keep the full commercial pitch on /borrowers/alternative-mortgage.","Cite FSRA/FCAC/CMHC or Ontario primary sources; show brokerage #13827 and administrator #13828; attribute 28+ years and $1B+ funded to the principal broker with the July 14, 2026 methodology. Add one anonymized borrower scenario and a named editorial reviewer.","Request a time-sensitive scenario triage","/resources/b-lender-mortgage-ontario; /resources/a-vs-b-vs-private-mortgage; /borrowers/private-mortgage-financing","Article/Service as appropriate + visible FAQPage","Semiannual","live web search, one exact query","2026-07-20","Canada/Ontario query modifiers; exact localization not guaranteed","medium — five live result references","volume/difficulty/backlinks unavailable-not-zero"
"KW-040","move from private mortgage to B lender","alternative-b","B / alternative institutional mortgages","L5","b-service","/borrowers/alternative-mortgage","P1","Can You Switch From a B Lender Back to a Bank? The 12–24 Month Exit Plan | RATECORE Mortgage","https://ratecore.ca/blog/switch-b-lender-back-to-bank/","ratecore.ca","direct lender, brokerage, or specialist","Ontario/Canada aligned","How to Get Out of a Private Mortgage in Ontario | Exit Guide","https://bestrates.ca/exit-private-mortgage-ontario","bestrates.ca","comparison publisher / finance media","Private Mortgage vs B-Lender | Which Is Right for You?","https://bestrates.ca/private-mortgage-vs-b-lender","bestrates.ca","comparison publisher / finance media","https://ratecore.ca/blog/b-lender-vs-private-lender-ontario/","https://wealthnorth.ca/mortgages/b-lender-mortgage-canada/","5","direct lender, brokerage, or specialist","commercial service / product page","Wins through exact local commercial intent, scenario specificity, speed/equity language, strong CTAs, and service-page relevance.","Commercially relevant but many pages rely on generic approval/speed claims, weak citations, opaque total cost, and little proof of exit planning.","Match the winners’ exact-query answer, commercial service / product page, Ontario/Canada terminology, scannable structure, definitions, risks, and a clear next step. Cite the strongest primary source instead of paraphrasing unsupported rules.","Add what the dominant direct lender, brokerage, or specialist results omit: borrower-specific decision logic, transparent assumptions, a worked Ontario scenario, all-in economics, document requirements, failure modes, and a route beyond the current product.","Explain why the bank box failed, compare B versus private on all-in cost and exit, and provide a documented graduation path back to A instead of selling “approval” as the outcome.","Service decision module + lender-tier route selector + focused intake","Open with a 40–60 word answer to “move from private mortgage to B lender”; follow with service decision module + lender-tier route selector + focused intake; layer in explain why the bank box failed, compare B versus private on all-in cost and exit, and provide a documented graduation path back to A instead of selling “approval” as the outcome. Support every material claim, answer the visible follow-up questions, and keep the full commercial pitch on /borrowers/alternative-mortgage.","Cite FSRA/FCAC/CMHC or Ontario primary sources; show brokerage #13827 and administrator #13828; attribute 28+ years and $1B+ funded to the principal broker with the July 14, 2026 methodology. Add one anonymized borrower scenario and a named editorial reviewer.","Request a time-sensitive scenario triage","/resources/b-lender-mortgage-ontario; /resources/a-vs-b-vs-private-mortgage; /borrowers/private-mortgage-financing","Article/Service as appropriate + visible FAQPage","Semiannual","live web search, one exact query","2026-07-20","Canada/Ontario query modifiers; exact localization not guaranteed","medium — five live result references","volume/difficulty/backlinks unavailable-not-zero"
"KW-041","what is a private mortgage in Ontario","private","Private mortgages","L1","private-guide","/resources/private-mortgage-costs-ontario","Hold","Private Mortgages | Financial Services Regulatory Authority of Ontario","https://www.fsrao.ca/privatemortgage","fsrao.ca","government / regulator","Ontario/Canada aligned","Ontario Private Mortgage Guide 2026 | Rates, Rules & How to Qualify","https://www.lendworth.ca/blog/lendworth-blog-1/the-2026-ontario-private-mortgage-guide-rates-rules-risks-how-to-qualify-764","lendworth.ca","direct lender, brokerage, or specialist","Private Mortgages - Record Keeping - Lawyer | Law Society of Ontario","https://lso.ca/getdoc/42fa10b2-9920-4f51-9278-7d76d99a2a15/Private-Mortgages-Record-Keeping","lso.ca","legal / professional authority","https://jahanlaw.ca/client-resources/real-estate-law-insights/what-is-a-private-mortgage/","https://www.goodhomecapital.ca/glossary/private-mortgage","5","direct lender, brokerage, or specialist","evergreen explainer / guide","Wins through exact local commercial intent, scenario specificity, speed/equity language, strong CTAs, and service-page relevance.","Commercially relevant but many pages rely on generic approval/speed claims, weak citations, opaque total cost, and little proof of exit planning.","Match the winners’ exact-query answer, evergreen explainer / guide, Ontario/Canada terminology, scannable structure, definitions, risks, and a clear next step. Cite the strongest primary source instead of paraphrasing unsupported rules.","Add what the dominant direct lender, brokerage, or specialist results omit: borrower-specific decision logic, transparent assumptions, a worked Ontario scenario, all-in economics, document requirements, failure modes, and a route beyond the current product.","Turn private lending into a transparent short-term plan using whole-cost disclosure, LTV/equity stress testing, appraisal context, commitment comparison, an exit-runway calculator, licensed brokerage/administration, and recovery-aware underwriting.","Answer-first explainer + route selector + annotated example","Open with a 40–60 word answer to “what is a private mortgage in Ontario”; follow with answer-first explainer + route selector + annotated example; layer in turn private lending into a transparent short-term plan using whole-cost disclosure, LTV/equity stress testing, appraisal context, commitment comparison, an exit-runway calculator, licensed brokerage/administration, and recovery-aware underwriting. Support every material claim, answer the visible follow-up questions, and keep the full commercial pitch on /resources/private-mortgage-costs-ontario.","Cite FSRA/FCAC/CMHC or Ontario primary sources; show brokerage #13827 and administrator #13828; attribute 28+ years and $1B+ funded to the principal broker with the July 14, 2026 methodology. Add anonymized underwriting example, all-in cost assumptions, appraisal/LTV inputs, and exit evidence; no approval or recovery guarantees.","See which financing route fits","/borrowers/private-mortgage-financing; /resources/a-vs-b-vs-private-mortgage","Article/Service as appropriate + visible FAQPage","Semiannual","live web search, one exact query","2026-07-20","Canada/Ontario query modifiers; exact localization not guaranteed","medium — five live result references","volume/difficulty/backlinks unavailable-not-zero"
"KW-042","how private mortgage lending works Ontario","private","Private mortgages","L1","private-guide","/resources/private-mortgage-costs-ontario","Hold","Private Mortgages | Financial Services Regulatory Authority of Ontario","https://www.fsrao.ca/privatemortgage","fsrao.ca","government / regulator","Ontario/Canada aligned","Mortgage Application Process | Financial Services Regulatory Authority of Ontario","https://www.fsrao.ca/consumers/mortgage-brokering/mortgage-application-process","fsrao.ca","government / regulator","Private Lending in Ontario: What Borrowers and Investors Need to Know | Yield The North","https://yieldthenorth.ca/articles/private-lending-ontario-guide-2026","yieldthenorth.ca","direct lender, brokerage, or specialist","https://insightlawfirm.ca/private-lending-ontario/","https://circlemortgage.ca/resources/private-mortgages-explained","5","direct lender, brokerage, or specialist","evergreen explainer / guide","Wins through exact local commercial intent, scenario specificity, speed/equity language, strong CTAs, and service-page relevance.","Commercially relevant but many pages rely on generic approval/speed claims, weak citations, opaque total cost, and little proof of exit planning.","Match the winners’ exact-query answer, evergreen explainer / guide, Ontario/Canada terminology, scannable structure, definitions, risks, and a clear next step. Cite the strongest primary source instead of paraphrasing unsupported rules.","Add what the dominant direct lender, brokerage, or specialist results omit: borrower-specific decision logic, transparent assumptions, a worked Ontario scenario, all-in economics, document requirements, failure modes, and a route beyond the current product.","Turn private lending into a transparent short-term plan using whole-cost disclosure, LTV/equity stress testing, appraisal context, commitment comparison, an exit-runway calculator, licensed brokerage/administration, and recovery-aware underwriting.","Answer-first explainer + route selector + annotated example","Open with a 40–60 word answer to “how private mortgage lending works Ontario”; follow with answer-first explainer + route selector + annotated example; layer in turn private lending into a transparent short-term plan using whole-cost disclosure, LTV/equity stress testing, appraisal context, commitment comparison, an exit-runway calculator, licensed brokerage/administration, and recovery-aware underwriting. Support every material claim, answer the visible follow-up questions, and keep the full commercial pitch on /resources/private-mortgage-costs-ontario.","Cite FSRA/FCAC/CMHC or Ontario primary sources; show brokerage #13827 and administrator #13828; attribute 28+ years and $1B+ funded to the principal broker with the July 14, 2026 methodology. Add anonymized underwriting example, all-in cost assumptions, appraisal/LTV inputs, and exit evidence; no approval or recovery guarantees.","See which financing route fits","/borrowers/private-mortgage-financing; /resources/a-vs-b-vs-private-mortgage","Article/Service as appropriate + visible FAQPage","Semiannual","live web search, one exact query","2026-07-20","Canada/Ontario query modifiers; exact localization not guaranteed","medium — five live result references","volume/difficulty/backlinks unavailable-not-zero"
"KW-043","private mortgage lender meaning Canada","private","Private mortgages","L1","private-guide","/resources/private-mortgage-costs-ontario","Hold","How Private Mortgages Work In Canada","https://www.nerdwallet.com/ca/p/article/mortgages/what-is-a-private-mortgage","nerdwallet.com","comparison publisher / finance media","Ontario/Canada aligned","Private Mortgage Lenders in Canada (2026 Guide)","https://wowa.ca/private-mortgage-lender","wowa.ca","comparison publisher / finance media","Should you use a private lender?","https://www.truenorthmortgage.ca/blog/private-lender","truenorthmortgage.ca","direct lender, brokerage, or specialist","https://www.fsrao.ca/privatemortgage","https://www.nesto.ca/mortgage-basics/what-is-a-private-mortgage/","5","comparison publisher / finance media","commercial service / product page","Wins with exact-match headings, plain-language summaries, updated comparison tables, calculators, and broad long-tail coverage.","Broad and scannable but often generic, affiliate-led, thin on Ontario underwriting evidence, and disconnected from a real exit plan.","Match the winners’ exact-query answer, commercial service / product page, Ontario/Canada terminology, scannable structure, definitions, risks, and a clear next step. Cite the strongest primary source instead of paraphrasing unsupported rules.","Add what the dominant comparison publisher / finance media results omit: borrower-specific decision logic, transparent assumptions, a worked Ontario scenario, all-in economics, document requirements, failure modes, and a route beyond the current product.","Turn private lending into a transparent short-term plan using whole-cost disclosure, LTV/equity stress testing, appraisal context, commitment comparison, an exit-runway calculator, licensed brokerage/administration, and recovery-aware underwriting.","Answer-first explainer + route selector + annotated example","Open with a 40–60 word answer to “private mortgage lender meaning Canada”; follow with answer-first explainer + route selector + annotated example; layer in turn private lending into a transparent short-term plan using whole-cost disclosure, LTV/equity stress testing, appraisal context, commitment comparison, an exit-runway calculator, licensed brokerage/administration, and recovery-aware underwriting. Support every material claim, answer the visible follow-up questions, and keep the full commercial pitch on /resources/private-mortgage-costs-ontario.","Cite FSRA/FCAC/CMHC or Ontario primary sources; show brokerage #13827 and administrator #13828; attribute 28+ years and $1B+ funded to the principal broker with the July 14, 2026 methodology. Add anonymized underwriting example, all-in cost assumptions, appraisal/LTV inputs, and exit evidence; no approval or recovery guarantees.","See which financing route fits","/borrowers/private-mortgage-financing; /resources/a-vs-b-vs-private-mortgage","Article/Service as appropriate + visible FAQPage","Semiannual","live web search, one exact query","2026-07-20","Canada/Ontario query modifiers; exact localization not guaranteed","medium — five live result references","volume/difficulty/backlinks unavailable-not-zero"
"KW-044","when to use a private mortgage Ontario","private","Private mortgages","L1","private-guide","/resources/private-mortgage-costs-ontario","Hold","Private Mortgages | Financial Services Regulatory Authority of Ontario","https://www.fsrao.ca/privatemortgage","fsrao.ca","government / regulator","Ontario/Canada aligned","Mortgage Application Process | Financial Services Regulatory Authority of Ontario","https://www.fsrao.ca/consumers/mortgage-brokering/mortgage-application-process","fsrao.ca","government / regulator","More Ontarians Expected to Get into Private Mortgages | Financial Services Regulatory Authority of Ontario","https://www.fsrao.ca/announcements/more-ontarians-expected-get-private-mortgages","fsrao.ca","government / regulator","https://www.fsrao.ca/consumers/how-fsra-protects-consumers/mortgage-brokering/private-mortgages-scenario","https://ratecore.ca/blog/private-lending-rules-canada-2026/","5","government / regulator","consumer guidance","Wins trust through primary-source authority, exhaustive process coverage, neutral risk language, and durable internal linking.","Neutral and authoritative but rarely helps a borrower compare viable routes, model a file, or act with a focused document plan.","Match the winners’ exact-query answer, consumer guidance, Ontario/Canada terminology, scannable structure, definitions, risks, and a clear next step. Cite the strongest primary source instead of paraphrasing unsupported rules.","Add what the dominant government / regulator results omit: borrower-specific decision logic, transparent assumptions, a worked Ontario scenario, all-in economics, document requirements, failure modes, and a route beyond the current product.","Turn private lending into a transparent short-term plan using whole-cost disclosure, LTV/equity stress testing, appraisal context, commitment comparison, an exit-runway calculator, licensed brokerage/administration, and recovery-aware underwriting.","Answer-first explainer + route selector + annotated example","Open with a 40–60 word answer to “when to use a private mortgage Ontario”; follow with answer-first explainer + route selector + annotated example; layer in turn private lending into a transparent short-term plan using whole-cost disclosure, LTV/equity stress testing, appraisal context, commitment comparison, an exit-runway calculator, licensed brokerage/administration, and recovery-aware underwriting. Support every material claim, answer the visible follow-up questions, and keep the full commercial pitch on /resources/private-mortgage-costs-ontario.","Cite FSRA/FCAC/CMHC or Ontario primary sources; show brokerage #13827 and administrator #13828; attribute 28+ years and $1B+ funded to the principal broker with the July 14, 2026 methodology. Add anonymized underwriting example, all-in cost assumptions, appraisal/LTV inputs, and exit evidence; no approval or recovery guarantees.","See which financing route fits","/borrowers/private-mortgage-financing; /resources/a-vs-b-vs-private-mortgage","Article/Service as appropriate + visible FAQPage","Semiannual","live web search, one exact query","2026-07-20","Canada/Ontario query modifiers; exact localization not guaranteed","medium — five live result references","volume/difficulty/backlinks unavailable-not-zero"
"KW-045","private mortgage costs Ontario","private","Private mortgages","L2","private-guide","/resources/private-mortgage-costs-ontario","Hold","Private Mortgages | Financial Services Regulatory Authority of Ontario","https://www.fsrao.ca/privatemortgage","fsrao.ca","government / regulator","Ontario/Canada aligned","True Cost of Private Mortgage Ontario | Full Fee Breakdown","https://privatemortgagescanada.com/insights/true-cost-private-mortgage-ontario/","privatemortgagescanada.com","direct lender, brokerage, or specialist","Lending Guidelines & Pricing | Mortgage Broker Store","https://mortgagebrokerstore.com/lending-guidelines-pricing","mortgagebrokerstore.com","direct lender, brokerage, or specialist","https://wealthnorth.ca/mortgages/mortgage-calculator/ontario/","https://theprivatemortgages.ca/blog/private-mortgage-rates-toronto-ontario-2026","5","direct lender, brokerage, or specialist","commercial service / product page","Wins through exact local commercial intent, scenario specificity, speed/equity language, strong CTAs, and service-page relevance.","Commercially relevant but many pages rely on generic approval/speed claims, weak citations, opaque total cost, and little proof of exit planning.","Match the winners’ exact-query answer, commercial service / product page, Ontario/Canada terminology, scannable structure, definitions, risks, and a clear next step. Cite the strongest primary source instead of paraphrasing unsupported rules.","Add what the dominant direct lender, brokerage, or specialist results omit: borrower-specific decision logic, transparent assumptions, a worked Ontario scenario, all-in economics, document requirements, failure modes, and a route beyond the current product.","Turn private lending into a transparent short-term plan using whole-cost disclosure, LTV/equity stress testing, appraisal context, commitment comparison, an exit-runway calculator, licensed brokerage/administration, and recovery-aware underwriting.","All-in cost calculator + worked Ontario examples","Open with a 40–60 word answer to “private mortgage costs Ontario”; follow with all-in cost calculator + worked ontario examples; layer in turn private lending into a transparent short-term plan using whole-cost disclosure, LTV/equity stress testing, appraisal context, commitment comparison, an exit-runway calculator, licensed brokerage/administration, and recovery-aware underwriting. Support every material claim, answer the visible follow-up questions, and keep the full commercial pitch on /resources/private-mortgage-costs-ontario.","Cite FSRA/FCAC/CMHC or Ontario primary sources; show brokerage #13827 and administrator #13828; attribute 28+ years and $1B+ funded to the principal broker with the July 14, 2026 methodology. Add anonymized underwriting example, all-in cost assumptions, appraisal/LTV inputs, and exit evidence; no approval or recovery guarantees.","Pressure-test my scenario","/borrowers/private-mortgage-financing; /resources/a-vs-b-vs-private-mortgage","Article + WebApplication + visible FAQPage","Quarterly and after material policy/rate change","live web search, one exact query","2026-07-20","Canada/Ontario query modifiers; exact localization not guaranteed","medium — five live result references","volume/difficulty/backlinks unavailable-not-zero"
"KW-046","private mortgage appraisal requirements Ontario","private","Private mortgages","L2","private-guide","/resources/private-mortgage-costs-ontario","Hold","Detecting and Preventing Mortgage Fraud | Financial Services Regulatory Authority of Ontario","https://www.fsrao.ca/industry/mortgage-brokering/regulatory-framework/guidance-mortgage-brokering/detecting-and-preventing-mortgage-fraud","fsrao.ca","government / regulator","Ontario/Canada aligned","Mortgage Application Process | Financial Services Regulatory Authority of Ontario","https://www.fsrao.ca/consumers/mortgage-brokering/mortgage-application-process","fsrao.ca","government / regulator","Working with a Mortgage Professional | Financial Services Regulatory Authority of Ontario","https://www.fsrao.ca/consumers/mortgage-brokering/working-mortgage-professional","fsrao.ca","government / regulator","https://www.fsrao.ca/consumers/mortgage-brokering/watch-out-mortgage-fraud","https://www.ontario.ca/laws/regulation/080188/v8","5","government / regulator","qualification process / checklist","Wins trust through primary-source authority, exhaustive process coverage, neutral risk language, and durable internal linking.","Neutral and authoritative but rarely helps a borrower compare viable routes, model a file, or act with a focused document plan.","Match the winners’ exact-query answer, qualification process / checklist, Ontario/Canada terminology, scannable structure, definitions, risks, and a clear next step. Cite the strongest primary source instead of paraphrasing unsupported rules.","Add what the dominant government / regulator results omit: borrower-specific decision logic, transparent assumptions, a worked Ontario scenario, all-in economics, document requirements, failure modes, and a route beyond the current product.","Turn private lending into a transparent short-term plan using whole-cost disclosure, LTV/equity stress testing, appraisal context, commitment comparison, an exit-runway calculator, licensed brokerage/administration, and recovery-aware underwriting.","Document-readiness checklist + qualification decision tree","Open with a 40–60 word answer to “private mortgage appraisal requirements Ontario”; follow with document-readiness checklist + qualification decision tree; layer in turn private lending into a transparent short-term plan using whole-cost disclosure, LTV/equity stress testing, appraisal context, commitment comparison, an exit-runway calculator, licensed brokerage/administration, and recovery-aware underwriting. Support every material claim, answer the visible follow-up questions, and keep the full commercial pitch on /resources/private-mortgage-costs-ontario.","Cite FSRA/FCAC/CMHC or Ontario primary sources; show brokerage #13827 and administrator #13828; attribute 28+ years and $1B+ funded to the principal broker with the July 14, 2026 methodology. Add anonymized underwriting example, all-in cost assumptions, appraisal/LTV inputs, and exit evidence; no approval or recovery guarantees.","Pressure-test my scenario","/borrowers/private-mortgage-financing; /resources/a-vs-b-vs-private-mortgage","Article/Service as appropriate + visible FAQPage","Semiannual","live web search, one exact query","2026-07-20","Canada/Ontario query modifiers; exact localization not guaranteed","medium — five live result references","volume/difficulty/backlinks unavailable-not-zero"
"KW-047","how much equity for a private mortgage","private","Private mortgages","L2","private-guide","/resources/private-mortgage-costs-ontario","Hold","How to calculate your home equity (2026)","https://www.finder.com/home-equity/calculate-home-equity","finder.com","comparison publisher / finance media","geography unclear","How Much Equity Can You Borrow Against Your House? - LegalClarity","https://legalclarity.org/how-much-equity-can-you-borrow-against-your-house/","legalclarity.org","legal / professional authority","How Much Equity Do You Need for a Private Mortgage in Ontario?","https://www.lendworth.ca/blog/lendworth-blog-1/how-much-equity-do-you-really-need-for-a-private-mortgage-in-ontario-731","lendworth.ca","direct lender, brokerage, or specialist","https://www.transunion.com/blog/home-buying/how-much-equity-do-i-need-to-refinance","https://www.lendworth.ca/blog/lendworth-blog-1/how-much-equity-do-you-need-for-a-private-mortgage-in-ontario-940","5","direct lender, brokerage, or specialist","commercial service / product page","Wins through exact local commercial intent, scenario specificity, speed/equity language, strong CTAs, and service-page relevance.","Commercially relevant but many pages rely on generic approval/speed claims, weak citations, opaque total cost, and little proof of exit planning.","Match the winners’ exact-query answer, commercial service / product page, Ontario/Canada terminology, scannable structure, definitions, risks, and a clear next step. Cite the strongest primary source instead of paraphrasing unsupported rules.","Add what the dominant direct lender, brokerage, or specialist results omit: borrower-specific decision logic, transparent assumptions, a worked Ontario scenario, all-in economics, document requirements, failure modes, and a route beyond the current product.","Turn private lending into a transparent short-term plan using whole-cost disclosure, LTV/equity stress testing, appraisal context, commitment comparison, an exit-runway calculator, licensed brokerage/administration, and recovery-aware underwriting.","Document-readiness checklist + qualification decision tree","Open with a 40–60 word answer to “how much equity for a private mortgage”; follow with document-readiness checklist + qualification decision tree; layer in turn private lending into a transparent short-term plan using whole-cost disclosure, LTV/equity stress testing, appraisal context, commitment comparison, an exit-runway calculator, licensed brokerage/administration, and recovery-aware underwriting. Support every material claim, answer the visible follow-up questions, and keep the full commercial pitch on /resources/private-mortgage-costs-ontario.","Cite FSRA/FCAC/CMHC or Ontario primary sources; show brokerage #13827 and administrator #13828; attribute 28+ years and $1B+ funded to the principal broker with the July 14, 2026 methodology. Add anonymized underwriting example, all-in cost assumptions, appraisal/LTV inputs, and exit evidence; no approval or recovery guarantees.","Pressure-test my scenario","/borrowers/private-mortgage-financing; /resources/a-vs-b-vs-private-mortgage","Article/Service as appropriate + visible FAQPage","Semiannual","live web search, one exact query","2026-07-20","Canada/Ontario query modifiers; exact localization not guaranteed","medium — five live result references","volume/difficulty/backlinks unavailable-not-zero"
"KW-048","fair market value appraisal for private lending","private","Private mortgages","L2","private-guide","/resources/private-mortgage-costs-ontario","Hold","7 CFR § 4279.144 - Appraisals. | Electronic Code of Federal Regulations (e-CFR) | US Law | LII / Legal Information Institute","https://www.law.cornell.edu/cfr/text/7/4279.144","law.cornell.edu","legal / professional authority","foreign/US context — localization gap","Interagency Appraisal and Evaluation Guidelines","https://www.federalreserve.gov/frrs/guidance/interagency-appraisal-and-evaluation-guidelines.htm","federalreserve.gov","government / regulator","7 CFR § 3560.752 - Appraisal use, request, review, and release. | Electronic Code of Federal Regulations (e-CFR) | US Law | LII / Legal Information Institute","https://www.law.cornell.edu/cfr/text/7/3560.752","law.cornell.edu","legal / professional authority","https://www.federalreserve.gov/frrs/guidance/interagency-guidance-on-reconsiderations-of-value-of-residential-real-estate-valuations.htm","https://www.fca.gov/bank-oversight/guidance-faqs/collateral-evaluations","5","government / regulator","commercial service / product page","Wins trust through primary-source authority, exhaustive process coverage, neutral risk language, and durable internal linking.","Neutral and authoritative but rarely helps a borrower compare viable routes, model a file, or act with a focused document plan.","Match the winners’ exact-query answer, commercial service / product page, Ontario/Canada terminology, scannable structure, definitions, risks, and a clear next step. Cite the strongest primary source instead of paraphrasing unsupported rules.","Add what the dominant government / regulator results omit: borrower-specific decision logic, transparent assumptions, a worked Ontario scenario, all-in economics, document requirements, failure modes, and a route beyond the current product.","Turn private lending into a transparent short-term plan using whole-cost disclosure, LTV/equity stress testing, appraisal context, commitment comparison, an exit-runway calculator, licensed brokerage/administration, and recovery-aware underwriting.","Answer-first section + worked scenario + focused CTA","Open with a 40–60 word answer to “fair market value appraisal for private lending”; follow with answer-first section + worked scenario + focused cta; layer in turn private lending into a transparent short-term plan using whole-cost disclosure, LTV/equity stress testing, appraisal context, commitment comparison, an exit-runway calculator, licensed brokerage/administration, and recovery-aware underwriting. Support every material claim, answer the visible follow-up questions, and keep the full commercial pitch on /resources/private-mortgage-costs-ontario.","Cite FSRA/FCAC/CMHC or Ontario primary sources; show brokerage #13827 and administrator #13828; attribute 28+ years and $1B+ funded to the principal broker with the July 14, 2026 methodology. Add anonymized underwriting example, all-in cost assumptions, appraisal/LTV inputs, and exit evidence; no approval or recovery guarantees.","Pressure-test my scenario","/borrowers/private-mortgage-financing; /resources/a-vs-b-vs-private-mortgage","Article/Service as appropriate + visible FAQPage","Semiannual","live web search, one exact query","2026-07-20","Canada/Ontario query modifiers; exact localization not guaranteed","medium — five live result references","volume/difficulty/backlinks unavailable-not-zero"
"KW-049","private mortgage vs B lender Ontario","private","Private mortgages","L3","lender-comparison","/resources/a-vs-b-vs-private-mortgage","P0","Private vs B Lender Ontario | Lendworth","https://www.lendworth.ca/blog/lendworth-blog-1/private-vs-b-lender-in-ontario-what-s-the-difference-and-which-one-is-right-for-you-880","lendworth.ca","direct lender, brokerage, or specialist","Ontario/Canada aligned","B Lender vs Private Lender: Which Is Cheaper, and When? | RATECORE Mortgage","https://ratecore.ca/blog/b-lender-vs-private-lender-ontario/","ratecore.ca","direct lender, brokerage, or specialist","Private Mortgage vs Bank vs B-Lender | Ontario Guide","https://privatemortgagescanada.com/insights/private-mortgage-vs-bank-vs-b-lender/","privatemortgagescanada.com","direct lender, brokerage, or specialist","https://bestrates.ca/private-mortgage-vs-b-lender","https://wowa.ca/private-mortgage-lenders-ontario","5","direct lender, brokerage, or specialist","comparison / decision guide","Wins through exact local commercial intent, scenario specificity, speed/equity language, strong CTAs, and service-page relevance.","Commercially relevant but many pages rely on generic approval/speed claims, weak citations, opaque total cost, and little proof of exit planning.","Match the winners’ exact-query answer, comparison / decision guide, Ontario/Canada terminology, scannable structure, definitions, risks, and a clear next step. Cite the strongest primary source instead of paraphrasing unsupported rules.","Add what the dominant direct lender, brokerage, or specialist results omit: borrower-specific decision logic, transparent assumptions, a worked Ontario scenario, all-in economics, document requirements, failure modes, and a route beyond the current product.","Turn private lending into a transparent short-term plan using whole-cost disclosure, LTV/equity stress testing, appraisal context, commitment comparison, an exit-runway calculator, licensed brokerage/administration, and recovery-aware underwriting.","Original comparison matrix + scenario calculator","Open with a 40–60 word answer to “private mortgage vs B lender Ontario”; follow with original comparison matrix + scenario calculator; layer in turn private lending into a transparent short-term plan using whole-cost disclosure, LTV/equity stress testing, appraisal context, commitment comparison, an exit-runway calculator, licensed brokerage/administration, and recovery-aware underwriting. Support every material claim, answer the visible follow-up questions, and keep the full commercial pitch on /resources/a-vs-b-vs-private-mortgage.","Cite FSRA/FCAC/CMHC or Ontario primary sources; show brokerage #13827 and administrator #13828; attribute 28+ years and $1B+ funded to the principal broker with the July 14, 2026 methodology. Add anonymized underwriting example, all-in cost assumptions, appraisal/LTV inputs, and exit evidence; no approval or recovery guarantees.","Compare my realistic financing routes","/borrowers/institutional-mortgage; /borrowers/alternative-mortgage; /borrowers/private-mortgage-financing","Article + WebApplication + visible FAQPage","Semiannual","live web search, one exact query","2026-07-20","Canada/Ontario query modifiers; exact localization not guaranteed","medium — five live result references","volume/difficulty/backlinks unavailable-not-zero"
"KW-050","private mortgage vs second mortgage Ontario","private","Private mortgages","L3","lender-comparison","/resources/a-vs-b-vs-private-mortgage","P0","Private Mortgages | Financial Services Regulatory Authority of Ontario","https://www.fsrao.ca/privatemortgage","fsrao.ca","government / regulator","Ontario/Canada aligned","First Mortgage vs Second Mortgage Ontario Guide","https://www.lendworth.ca/blog/lendworth-blog-1/first-mortgage-vs-second-mortgage-ontario-homeowner-guide-1215","lendworth.ca","direct lender, brokerage, or specialist","Roger Carroll - Real Mortgage Associates Inc.","https://www.mortgageontario.ca/second-mortgages","mortgageontario.ca","direct lender, brokerage, or specialist","https://cmsmortgages.ca/solutions/first-second-mortgages/","https://www.lendtoday.ca/2026/06/second-mortgage-solutions/","5","direct lender, brokerage, or specialist","comparison / decision guide","Wins through exact local commercial intent, scenario specificity, speed/equity language, strong CTAs, and service-page relevance.","Commercially relevant but many pages rely on generic approval/speed claims, weak citations, opaque total cost, and little proof of exit planning.","Match the winners’ exact-query answer, comparison / decision guide, Ontario/Canada terminology, scannable structure, definitions, risks, and a clear next step. Cite the strongest primary source instead of paraphrasing unsupported rules.","Add what the dominant direct lender, brokerage, or specialist results omit: borrower-specific decision logic, transparent assumptions, a worked Ontario scenario, all-in economics, document requirements, failure modes, and a route beyond the current product.","Turn private lending into a transparent short-term plan using whole-cost disclosure, LTV/equity stress testing, appraisal context, commitment comparison, an exit-runway calculator, licensed brokerage/administration, and recovery-aware underwriting.","Original comparison matrix + scenario calculator","Open with a 40–60 word answer to “private mortgage vs second mortgage Ontario”; follow with original comparison matrix + scenario calculator; layer in turn private lending into a transparent short-term plan using whole-cost disclosure, LTV/equity stress testing, appraisal context, commitment comparison, an exit-runway calculator, licensed brokerage/administration, and recovery-aware underwriting. Support every material claim, answer the visible follow-up questions, and keep the full commercial pitch on /resources/a-vs-b-vs-private-mortgage.","Cite FSRA/FCAC/CMHC or Ontario primary sources; show brokerage #13827 and administrator #13828; attribute 28+ years and $1B+ funded to the principal broker with the July 14, 2026 methodology. Add anonymized underwriting example, all-in cost assumptions, appraisal/LTV inputs, and exit evidence; no approval or recovery guarantees.","Compare my realistic financing routes","/borrowers/institutional-mortgage; /borrowers/alternative-mortgage; /borrowers/private-mortgage-financing","Article + WebApplication + visible FAQPage","Semiannual","live web search, one exact query","2026-07-20","Canada/Ontario query modifiers; exact localization not guaranteed","medium — five live result references","volume/difficulty/backlinks unavailable-not-zero"
"KW-051","private mortgage vs HELOC Ontario","private","Private mortgages","L3","lender-comparison","/resources/a-vs-b-vs-private-mortgage","P0","Mortgage vs Home Equity Loan vs HELOC: Which Is Right for You? | WealthNorth","https://wealthnorth.ca/mortgages/refinancing-and-home-equity/mortgage-vs-home-equity-loan-vs-heloc/","wealthnorth.ca","direct lender, brokerage, or specialist","Ontario/Canada aligned","HELOC vs Second Mortgage 2026 | Ontario Home Equity Guide","https://www.lendworth.ca/blog/lendworth-blog-1/second-mortgage-vs-heloc-what-s-better-in-2026-569","lendworth.ca","direct lender, brokerage, or specialist","Private Mortgages | Financial Services Regulatory Authority of Ontario","https://www.fsrao.ca/privatemortgage","fsrao.ca","government / regulator","https://bestrates.ca/home-equity-loan-vs-heloc-guide","https://www.ratehub.ca/best-ontario-mortgage-rates/heloc","5","comparison publisher / finance media","comparison / decision guide","Wins with exact-match headings, plain-language summaries, updated comparison tables, calculators, and broad long-tail coverage.","Broad and scannable but often generic, affiliate-led, thin on Ontario underwriting evidence, and disconnected from a real exit plan.","Match the winners’ exact-query answer, comparison / decision guide, Ontario/Canada terminology, scannable structure, definitions, risks, and a clear next step. Cite the strongest primary source instead of paraphrasing unsupported rules.","Add what the dominant comparison publisher / finance media results omit: borrower-specific decision logic, transparent assumptions, a worked Ontario scenario, all-in economics, document requirements, failure modes, and a route beyond the current product.","Turn private lending into a transparent short-term plan using whole-cost disclosure, LTV/equity stress testing, appraisal context, commitment comparison, an exit-runway calculator, licensed brokerage/administration, and recovery-aware underwriting.","Original comparison matrix + scenario calculator","Open with a 40–60 word answer to “private mortgage vs HELOC Ontario”; follow with original comparison matrix + scenario calculator; layer in turn private lending into a transparent short-term plan using whole-cost disclosure, LTV/equity stress testing, appraisal context, commitment comparison, an exit-runway calculator, licensed brokerage/administration, and recovery-aware underwriting. Support every material claim, answer the visible follow-up questions, and keep the full commercial pitch on /resources/a-vs-b-vs-private-mortgage.","Cite FSRA/FCAC/CMHC or Ontario primary sources; show brokerage #13827 and administrator #13828; attribute 28+ years and $1B+ funded to the principal broker with the July 14, 2026 methodology. Add anonymized underwriting example, all-in cost assumptions, appraisal/LTV inputs, and exit evidence; no approval or recovery guarantees.","Compare my realistic financing routes","/borrowers/institutional-mortgage; /borrowers/alternative-mortgage; /borrowers/private-mortgage-financing","Article + WebApplication + visible FAQPage","Semiannual","live web search, one exact query","2026-07-20","Canada/Ontario query modifiers; exact localization not guaranteed","medium — five live result references","volume/difficulty/backlinks unavailable-not-zero"
"KW-052","first vs second private mortgage Ontario","private","Private mortgages","L3","lender-comparison","/resources/a-vs-b-vs-private-mortgage","P0","First Mortgage vs Second Mortgage Ontario Guide","https://www.lendworth.ca/blog/lendworth-blog-1/first-mortgage-vs-second-mortgage-ontario-homeowner-guide-1215","lendworth.ca","direct lender, brokerage, or specialist","Ontario/Canada aligned","First/Second Mortgages Ontario | Canadian Mortgage Services","https://cmsmortgages.ca/solutions/first-second-mortgages/","cmsmortgages.ca","direct lender, brokerage, or specialist","Private Mortgage Lender Ontario | Canadian Mortgage Services","https://cmsmortgages.ca/solutions/windsor/privately-funded-mortgages/","cmsmortgages.ca","direct lender, brokerage, or specialist","https://www.mortgageontario.ca/second-mortgages","https://financevine.ca/mortgage/first-second-and-third-mortgages-explained/","5","direct lender, brokerage, or specialist","comparison / decision guide","Wins through exact local commercial intent, scenario specificity, speed/equity language, strong CTAs, and service-page relevance.","Commercially relevant but many pages rely on generic approval/speed claims, weak citations, opaque total cost, and little proof of exit planning.","Match the winners’ exact-query answer, comparison / decision guide, Ontario/Canada terminology, scannable structure, definitions, risks, and a clear next step. Cite the strongest primary source instead of paraphrasing unsupported rules.","Add what the dominant direct lender, brokerage, or specialist results omit: borrower-specific decision logic, transparent assumptions, a worked Ontario scenario, all-in economics, document requirements, failure modes, and a route beyond the current product.","Turn private lending into a transparent short-term plan using whole-cost disclosure, LTV/equity stress testing, appraisal context, commitment comparison, an exit-runway calculator, licensed brokerage/administration, and recovery-aware underwriting.","Original comparison matrix + scenario calculator","Open with a 40–60 word answer to “first vs second private mortgage Ontario”; follow with original comparison matrix + scenario calculator; layer in turn private lending into a transparent short-term plan using whole-cost disclosure, LTV/equity stress testing, appraisal context, commitment comparison, an exit-runway calculator, licensed brokerage/administration, and recovery-aware underwriting. Support every material claim, answer the visible follow-up questions, and keep the full commercial pitch on /resources/a-vs-b-vs-private-mortgage.","Cite FSRA/FCAC/CMHC or Ontario primary sources; show brokerage #13827 and administrator #13828; attribute 28+ years and $1B+ funded to the principal broker with the July 14, 2026 methodology. Add anonymized underwriting example, all-in cost assumptions, appraisal/LTV inputs, and exit evidence; no approval or recovery guarantees.","Compare my realistic financing routes","/borrowers/institutional-mortgage; /borrowers/alternative-mortgage; /borrowers/private-mortgage-financing","Article + WebApplication + visible FAQPage","Semiannual","live web search, one exact query","2026-07-20","Canada/Ontario query modifiers; exact localization not guaranteed","medium — five live result references","volume/difficulty/backlinks unavailable-not-zero"
"KW-053","private mortgage lenders Ontario","private","Private mortgages","L4","private-service","/borrowers/private-mortgage-financing","P0","Black Bear Capital | Ontario Private Mortgage Lender","https://www.blackbear.ca/","blackbear.ca","direct lender, brokerage, or specialist","Ontario/Canada aligned","Stonefield Capital — Private Mortgage Lender Ontario","https://www.stonefieldcapital.ca/","stonefieldcapital.ca","direct lender, brokerage, or specialist","Private Mortgage Lenders Ontario 2026 — Access Financing Banks Won't Offer | RATECORE Mortgage","https://ratecore.ca/private-lenders/","ratecore.ca","direct lender, brokerage, or specialist","https://wowa.ca/private-mortgage-lenders-ontario","https://www.brightpathcapital.ca/","5","direct lender, brokerage, or specialist","commercial service / product page","Wins through exact local commercial intent, scenario specificity, speed/equity language, strong CTAs, and service-page relevance.","Commercially relevant but many pages rely on generic approval/speed claims, weak citations, opaque total cost, and little proof of exit planning.","Match the winners’ exact-query answer, commercial service / product page, Ontario/Canada terminology, scannable structure, definitions, risks, and a clear next step. Cite the strongest primary source instead of paraphrasing unsupported rules.","Add what the dominant direct lender, brokerage, or specialist results omit: borrower-specific decision logic, transparent assumptions, a worked Ontario scenario, all-in economics, document requirements, failure modes, and a route beyond the current product.","Turn private lending into a transparent short-term plan using whole-cost disclosure, LTV/equity stress testing, appraisal context, commitment comparison, an exit-runway calculator, licensed brokerage/administration, and recovery-aware underwriting.","Service decision module + lender-tier route selector + focused intake","Open with a 40–60 word answer to “private mortgage lenders Ontario”; follow with service decision module + lender-tier route selector + focused intake; layer in turn private lending into a transparent short-term plan using whole-cost disclosure, LTV/equity stress testing, appraisal context, commitment comparison, an exit-runway calculator, licensed brokerage/administration, and recovery-aware underwriting. Support every material claim, answer the visible follow-up questions, and keep the full commercial pitch on /borrowers/private-mortgage-financing.","Cite FSRA/FCAC/CMHC or Ontario primary sources; show brokerage #13827 and administrator #13828; attribute 28+ years and $1B+ funded to the principal broker with the July 14, 2026 methodology. Add anonymized underwriting example, all-in cost assumptions, appraisal/LTV inputs, and exit evidence; no approval or recovery guarantees.","Get a focused eligibility and document review","/resources/private-mortgage-costs-ontario; /resources/mortgage-declined-ontario; /resources/a-vs-b-vs-private-mortgage","Article/Service as appropriate + visible FAQPage","Semiannual","live web search, one exact query","2026-07-20","Canada/Ontario query modifiers; exact localization not guaranteed","medium — five live result references","volume/difficulty/backlinks unavailable-not-zero"
"KW-054","private mortgage broker Ontario","private","Private mortgages","L4","private-service","/borrowers/private-mortgage-financing","P0","Stonefield Capital — Private Mortgage Lender Ontario","https://www.stonefieldcapital.ca/","stonefieldcapital.ca","direct lender, brokerage, or specialist","Ontario/Canada aligned","Private Mortgage Lender & Broker Advisory Firm | DV Capital","https://dvcapitalcorp.com/","dvcapitalcorp.com","direct lender, brokerage, or specialist","Private Mortgage Toronto, ON 2026 | Approved in 48h | lendsimpl","https://lendsimpl.ca/private-mortgage","lendsimpl.ca","direct lender, brokerage, or specialist","https://privatemortgagelending.ca/","https://bestratesgta.ca/","5","direct lender, brokerage, or specialist","commercial service / product page","Wins through exact local commercial intent, scenario specificity, speed/equity language, strong CTAs, and service-page relevance.","Commercially relevant but many pages rely on generic approval/speed claims, weak citations, opaque total cost, and little proof of exit planning.","Match the winners’ exact-query answer, commercial service / product page, Ontario/Canada terminology, scannable structure, definitions, risks, and a clear next step. Cite the strongest primary source instead of paraphrasing unsupported rules.","Add what the dominant direct lender, brokerage, or specialist results omit: borrower-specific decision logic, transparent assumptions, a worked Ontario scenario, all-in economics, document requirements, failure modes, and a route beyond the current product.","Turn private lending into a transparent short-term plan using whole-cost disclosure, LTV/equity stress testing, appraisal context, commitment comparison, an exit-runway calculator, licensed brokerage/administration, and recovery-aware underwriting.","Service decision module + lender-tier route selector + focused intake","Open with a 40–60 word answer to “private mortgage broker Ontario”; follow with service decision module + lender-tier route selector + focused intake; layer in turn private lending into a transparent short-term plan using whole-cost disclosure, LTV/equity stress testing, appraisal context, commitment comparison, an exit-runway calculator, licensed brokerage/administration, and recovery-aware underwriting. Support every material claim, answer the visible follow-up questions, and keep the full commercial pitch on /borrowers/private-mortgage-financing.","Cite FSRA/FCAC/CMHC or Ontario primary sources; show brokerage #13827 and administrator #13828; attribute 28+ years and $1B+ funded to the principal broker with the July 14, 2026 methodology. Add anonymized underwriting example, all-in cost assumptions, appraisal/LTV inputs, and exit evidence; no approval or recovery guarantees.","Get a focused eligibility and document review","/resources/private-mortgage-costs-ontario; /resources/mortgage-declined-ontario; /resources/a-vs-b-vs-private-mortgage","Article/Service as appropriate + visible FAQPage","Semiannual","live web search, one exact query","2026-07-20","Canada/Ontario query modifiers; exact localization not guaranteed","medium — five live result references","volume/difficulty/backlinks unavailable-not-zero"
"KW-055","private mortgage rates and fees Ontario","private","Private mortgages","L4","private-service","/borrowers/private-mortgage-financing","P0","Private Mortgage Rates Ontario 2026 | Current Rates & Fees","https://bestrates.ca/private-mortgage-rates-ontario","bestrates.ca","comparison publisher / finance media","Ontario/Canada aligned","Private Mortgage Rates in Toronto & Ontario (2026) | The Private Mortgages","https://theprivatemortgages.ca/blog/private-mortgage-rates-toronto-ontario-2026","theprivatemortgages.ca","direct lender, brokerage, or specialist","Private Mortgage Rates in Ontario (2026) | The Private Mortgages","https://theprivatemortgages.ca/blog/private-mortgage-rates-ontario-2026","theprivatemortgages.ca","direct lender, brokerage, or specialist","https://www.fsrao.ca/privatemortgage","https://lendsimpl.ca/","5","direct lender, brokerage, or specialist","commercial service / product page","Wins through exact local commercial intent, scenario specificity, speed/equity language, strong CTAs, and service-page relevance.","Commercially relevant but many pages rely on generic approval/speed claims, weak citations, opaque total cost, and little proof of exit planning.","Match the winners’ exact-query answer, commercial service / product page, Ontario/Canada terminology, scannable structure, definitions, risks, and a clear next step. Cite the strongest primary source instead of paraphrasing unsupported rules.","Add what the dominant direct lender, brokerage, or specialist results omit: borrower-specific decision logic, transparent assumptions, a worked Ontario scenario, all-in economics, document requirements, failure modes, and a route beyond the current product.","Turn private lending into a transparent short-term plan using whole-cost disclosure, LTV/equity stress testing, appraisal context, commitment comparison, an exit-runway calculator, licensed brokerage/administration, and recovery-aware underwriting.","All-in cost calculator + worked Ontario examples","Open with a 40–60 word answer to “private mortgage rates and fees Ontario”; follow with all-in cost calculator + worked ontario examples; layer in turn private lending into a transparent short-term plan using whole-cost disclosure, LTV/equity stress testing, appraisal context, commitment comparison, an exit-runway calculator, licensed brokerage/administration, and recovery-aware underwriting. Support every material claim, answer the visible follow-up questions, and keep the full commercial pitch on /borrowers/private-mortgage-financing.","Cite FSRA/FCAC/CMHC or Ontario primary sources; show brokerage #13827 and administrator #13828; attribute 28+ years and $1B+ funded to the principal broker with the July 14, 2026 methodology. Add anonymized underwriting example, all-in cost assumptions, appraisal/LTV inputs, and exit evidence; no approval or recovery guarantees.","Get a focused eligibility and document review","/resources/private-mortgage-costs-ontario; /resources/mortgage-declined-ontario; /resources/a-vs-b-vs-private-mortgage","Article + WebApplication + visible FAQPage","Quarterly and after material policy/rate change","live web search, one exact query","2026-07-20","Canada/Ontario query modifiers; exact localization not guaranteed","medium — five live result references","volume/difficulty/backlinks unavailable-not-zero"
"KW-056","private mortgage qualification Ontario","private","Private mortgages","L4","private-service","/borrowers/private-mortgage-financing","P0","Private Mortgages | Financial Services Regulatory Authority of Ontario","https://www.fsrao.ca/privatemortgage","fsrao.ca","government / regulator","Ontario/Canada aligned","Become a mortgage broker | Financial Services Regulatory Authority of Ontario","https://www.fsrao.ca/licensing/mortgage-broker/become-mortgage-broker","fsrao.ca","government / regulator","Mortgage Application Process | Financial Services Regulatory Authority of Ontario","https://www.fsrao.ca/consumers/mortgage-brokering/mortgage-application-process","fsrao.ca","government / regulator","https://www.stonefieldcapital.ca/faq","https://www.fsrao.ca/licensing/mortgage-agent-level-1/become-mortgage-agent-level-2","5","government / regulator","qualification process / checklist","Wins trust through primary-source authority, exhaustive process coverage, neutral risk language, and durable internal linking.","Neutral and authoritative but rarely helps a borrower compare viable routes, model a file, or act with a focused document plan.","Match the winners’ exact-query answer, qualification process / checklist, Ontario/Canada terminology, scannable structure, definitions, risks, and a clear next step. Cite the strongest primary source instead of paraphrasing unsupported rules.","Add what the dominant government / regulator results omit: borrower-specific decision logic, transparent assumptions, a worked Ontario scenario, all-in economics, document requirements, failure modes, and a route beyond the current product.","Turn private lending into a transparent short-term plan using whole-cost disclosure, LTV/equity stress testing, appraisal context, commitment comparison, an exit-runway calculator, licensed brokerage/administration, and recovery-aware underwriting.","Document-readiness checklist + qualification decision tree","Open with a 40–60 word answer to “private mortgage qualification Ontario”; follow with document-readiness checklist + qualification decision tree; layer in turn private lending into a transparent short-term plan using whole-cost disclosure, LTV/equity stress testing, appraisal context, commitment comparison, an exit-runway calculator, licensed brokerage/administration, and recovery-aware underwriting. Support every material claim, answer the visible follow-up questions, and keep the full commercial pitch on /borrowers/private-mortgage-financing.","Cite FSRA/FCAC/CMHC or Ontario primary sources; show brokerage #13827 and administrator #13828; attribute 28+ years and $1B+ funded to the principal broker with the July 14, 2026 methodology. Add anonymized underwriting example, all-in cost assumptions, appraisal/LTV inputs, and exit evidence; no approval or recovery guarantees.","Get a focused eligibility and document review","/resources/private-mortgage-costs-ontario; /resources/mortgage-declined-ontario; /resources/a-vs-b-vs-private-mortgage","Article/Service as appropriate + visible FAQPage","Semiannual","live web search, one exact query","2026-07-20","Canada/Ontario query modifiers; exact localization not guaranteed","medium — five live result references","volume/difficulty/backlinks unavailable-not-zero"
"KW-057","bank declined mortgage private lender Ontario","private","Private mortgages","L5","private-service","/borrowers/private-mortgage-financing","P0","Private Mortgage Lenders Ontario 2026 — Access Financing Banks Won't Offer | RATECORE Mortgage","https://ratecore.ca/private-lenders/","ratecore.ca","direct lender, brokerage, or specialist","Ontario/Canada aligned","Alternative Mortgage Broker in Ontario | Turnedaway.ca","https://www.turnedaway.ca/","turnedaway.ca","direct lender, brokerage, or specialist","Why Banks Decline Mortgages — And Private Lenders Don’t | Lendworth","https://www.lendworth.ca/blog/lendworth-blog-1/why-banks-decline-mortgages-and-private-lenders-don-t-461","lendworth.ca","direct lender, brokerage, or specialist","https://lendsimpl.ca/private-mortgage","https://www.lendworth.ca/blog/lendworth-blog-1/can-i-get-a-second-mortgage-if-the-bank-said-no-1228","5","direct lender, brokerage, or specialist","commercial service / product page","Wins through exact local commercial intent, scenario specificity, speed/equity language, strong CTAs, and service-page relevance.","Commercially relevant but many pages rely on generic approval/speed claims, weak citations, opaque total cost, and little proof of exit planning.","Match the winners’ exact-query answer, commercial service / product page, Ontario/Canada terminology, scannable structure, definitions, risks, and a clear next step. Cite the strongest primary source instead of paraphrasing unsupported rules.","Add what the dominant direct lender, brokerage, or specialist results omit: borrower-specific decision logic, transparent assumptions, a worked Ontario scenario, all-in economics, document requirements, failure modes, and a route beyond the current product.","Turn private lending into a transparent short-term plan using whole-cost disclosure, LTV/equity stress testing, appraisal context, commitment comparison, an exit-runway calculator, licensed brokerage/administration, and recovery-aware underwriting.","Deadline triage flow + evidence checklist + sober risk notice","Open with a 40–60 word answer to “bank declined mortgage private lender Ontario”; follow with deadline triage flow + evidence checklist + sober risk notice; layer in turn private lending into a transparent short-term plan using whole-cost disclosure, LTV/equity stress testing, appraisal context, commitment comparison, an exit-runway calculator, licensed brokerage/administration, and recovery-aware underwriting. Support every material claim, answer the visible follow-up questions, and keep the full commercial pitch on /borrowers/private-mortgage-financing.","Cite FSRA/FCAC/CMHC or Ontario primary sources; show brokerage #13827 and administrator #13828; attribute 28+ years and $1B+ funded to the principal broker with the July 14, 2026 methodology. Add anonymized underwriting example, all-in cost assumptions, appraisal/LTV inputs, and exit evidence; no approval or recovery guarantees.","Request a time-sensitive scenario triage","/resources/private-mortgage-costs-ontario; /resources/mortgage-declined-ontario; /resources/a-vs-b-vs-private-mortgage","Article/Service as appropriate + visible FAQPage","Semiannual","live web search, one exact query","2026-07-20","Canada/Ontario query modifiers; exact localization not guaranteed","medium — five live result references","volume/difficulty/backlinks unavailable-not-zero"
"KW-058","urgent private mortgage Ontario","private","Private mortgages","L5","private-service","/borrowers/private-mortgage-financing","P0","Black Bear Capital | Ontario Private Mortgage Lender","https://www.blackbear.ca/","blackbear.ca","direct lender, brokerage, or specialist","Ontario/Canada aligned","Stop Power Sale in Ontario | Trillium Mortgage","https://bestratesgta.ca/stop-power-of-sale-ontario","bestratesgta.ca","direct lender, brokerage, or specialist","Bad Credit Mortgage Ontario | Stop Power of Sale | MyMortgageFinder.CA","https://www.mymortgagefinder.ca/","mymortgagefinder.ca","direct lender, brokerage, or specialist","https://www.stonefieldcapital.ca/borrowers","https://ratecore.ca/private-lenders/","5","direct lender, brokerage, or specialist","commercial service / product page","Wins through exact local commercial intent, scenario specificity, speed/equity language, strong CTAs, and service-page relevance.","Commercially relevant but many pages rely on generic approval/speed claims, weak citations, opaque total cost, and little proof of exit planning.","Match the winners’ exact-query answer, commercial service / product page, Ontario/Canada terminology, scannable structure, definitions, risks, and a clear next step. Cite the strongest primary source instead of paraphrasing unsupported rules.","Add what the dominant direct lender, brokerage, or specialist results omit: borrower-specific decision logic, transparent assumptions, a worked Ontario scenario, all-in economics, document requirements, failure modes, and a route beyond the current product.","Turn private lending into a transparent short-term plan using whole-cost disclosure, LTV/equity stress testing, appraisal context, commitment comparison, an exit-runway calculator, licensed brokerage/administration, and recovery-aware underwriting.","Deadline triage flow + evidence checklist + sober risk notice","Open with a 40–60 word answer to “urgent private mortgage Ontario”; follow with deadline triage flow + evidence checklist + sober risk notice; layer in turn private lending into a transparent short-term plan using whole-cost disclosure, LTV/equity stress testing, appraisal context, commitment comparison, an exit-runway calculator, licensed brokerage/administration, and recovery-aware underwriting. Support every material claim, answer the visible follow-up questions, and keep the full commercial pitch on /borrowers/private-mortgage-financing.","Cite FSRA/FCAC/CMHC or Ontario primary sources; show brokerage #13827 and administrator #13828; attribute 28+ years and $1B+ funded to the principal broker with the July 14, 2026 methodology. Add anonymized underwriting example, all-in cost assumptions, appraisal/LTV inputs, and exit evidence; no approval or recovery guarantees.","Request a time-sensitive scenario triage","/resources/private-mortgage-costs-ontario; /resources/mortgage-declined-ontario; /resources/a-vs-b-vs-private-mortgage","Article/Service as appropriate + visible FAQPage","Semiannual","live web search, one exact query","2026-07-20","Canada/Ontario query modifiers; exact localization not guaranteed","medium — five live result references","volume/difficulty/backlinks unavailable-not-zero"
"KW-059","private mortgage for arrears Ontario","private","Private mortgages","L5","private-service","/borrowers/private-mortgage-financing","P0","2026 User Guide for - Financial Hardship Unlocking Form FHU 2 – Application for Arrears of Rent or Default on Secured Debt | Financial Services Regulatory Authority of Ontario","https://www.fsrao.ca/industry/pensions/pensions-all-forms/2026-user-guide-financial-hardship-unlocking-form-fhu-2-application-arrears-rent-or-default-secured-debt","fsrao.ca","government / regulator","Ontario/Canada aligned","Private Mortgage Lenders Ontario | Bad Credit & No Income OK","https://www.turnedaway.ca/private-mortgages/","turnedaway.ca","direct lender, brokerage, or specialist","Alternative Mortgage Broker in Ontario | Turnedaway.ca","https://www.turnedaway.ca/","turnedaway.ca","direct lender, brokerage, or specialist","https://www.fsrao.ca/privatemortgage","https://bestratesgta.ca/stop-power-of-sale-ontario","5","direct lender, brokerage, or specialist","legal / rescue guide","Wins through exact local commercial intent, scenario specificity, speed/equity language, strong CTAs, and service-page relevance.","Commercially relevant but many pages rely on generic approval/speed claims, weak citations, opaque total cost, and little proof of exit planning.","Match the winners’ exact-query answer, legal / rescue guide, Ontario/Canada terminology, scannable structure, definitions, risks, and a clear next step. Cite the strongest primary source instead of paraphrasing unsupported rules.","Add what the dominant direct lender, brokerage, or specialist results omit: borrower-specific decision logic, transparent assumptions, a worked Ontario scenario, all-in economics, document requirements, failure modes, and a route beyond the current product.","Turn private lending into a transparent short-term plan using whole-cost disclosure, LTV/equity stress testing, appraisal context, commitment comparison, an exit-runway calculator, licensed brokerage/administration, and recovery-aware underwriting.","Deadline triage flow + evidence checklist + sober risk notice","Open with a 40–60 word answer to “private mortgage for arrears Ontario”; follow with deadline triage flow + evidence checklist + sober risk notice; layer in turn private lending into a transparent short-term plan using whole-cost disclosure, LTV/equity stress testing, appraisal context, commitment comparison, an exit-runway calculator, licensed brokerage/administration, and recovery-aware underwriting. Support every material claim, answer the visible follow-up questions, and keep the full commercial pitch on /borrowers/private-mortgage-financing.","Cite FSRA/FCAC/CMHC or Ontario primary sources; show brokerage #13827 and administrator #13828; attribute 28+ years and $1B+ funded to the principal broker with the July 14, 2026 methodology. Add anonymized underwriting example, all-in cost assumptions, appraisal/LTV inputs, and exit evidence; no approval or recovery guarantees.","Request a time-sensitive scenario triage","/resources/private-mortgage-costs-ontario; /resources/mortgage-declined-ontario; /resources/a-vs-b-vs-private-mortgage","Article/Service as appropriate + visible FAQPage","Semiannual","live web search, one exact query","2026-07-20","Canada/Ontario query modifiers; exact localization not guaranteed","medium — five live result references","volume/difficulty/backlinks unavailable-not-zero"
"KW-060","private mortgage closing in days Ontario","private","Private mortgages","L5","private-service","/borrowers/private-mortgage-financing","P0","Close Your Mortgage Faster with a Broker","https://www.lighthouselending.ca/blog/how-long-does-it-take-to-close-a-mortgage","lighthouselending.ca","direct lender, brokerage, or specialist","Ontario/Canada aligned","Worst Days to Close a Home in Ontario: How to Avoid Them","https://insightlawfirm.ca/worst-days-to-close-a-home/","insightlawfirm.ca","legal / professional authority","How long does a real estate closing take in Ontario? | Ownright Blog","https://ownright.com/blog/buying-real-estate/how-long-does-a-real-estate-closing-take-in-ontario","ownright.com","direct lender, brokerage, or specialist","https://legalclarity.org/what-happens-on-closing-day-in-ontario/","https://busseyainsworth.ca/blog/how-long-real-estate-closing-ontario/","5","direct lender, brokerage, or specialist","commercial service / product page","Wins through exact local commercial intent, scenario specificity, speed/equity language, strong CTAs, and service-page relevance.","Commercially relevant but many pages rely on generic approval/speed claims, weak citations, opaque total cost, and little proof of exit planning.","Match the winners’ exact-query answer, commercial service / product page, Ontario/Canada terminology, scannable structure, definitions, risks, and a clear next step. Cite the strongest primary source instead of paraphrasing unsupported rules.","Add what the dominant direct lender, brokerage, or specialist results omit: borrower-specific decision logic, transparent assumptions, a worked Ontario scenario, all-in economics, document requirements, failure modes, and a route beyond the current product.","Turn private lending into a transparent short-term plan using whole-cost disclosure, LTV/equity stress testing, appraisal context, commitment comparison, an exit-runway calculator, licensed brokerage/administration, and recovery-aware underwriting.","Deadline triage flow + evidence checklist + sober risk notice","Open with a 40–60 word answer to “private mortgage closing in days Ontario”; follow with deadline triage flow + evidence checklist + sober risk notice; layer in turn private lending into a transparent short-term plan using whole-cost disclosure, LTV/equity stress testing, appraisal context, commitment comparison, an exit-runway calculator, licensed brokerage/administration, and recovery-aware underwriting. Support every material claim, answer the visible follow-up questions, and keep the full commercial pitch on /borrowers/private-mortgage-financing.","Cite FSRA/FCAC/CMHC or Ontario primary sources; show brokerage #13827 and administrator #13828; attribute 28+ years and $1B+ funded to the principal broker with the July 14, 2026 methodology. Add anonymized underwriting example, all-in cost assumptions, appraisal/LTV inputs, and exit evidence; no approval or recovery guarantees.","Request a time-sensitive scenario triage","/resources/private-mortgage-costs-ontario; /resources/mortgage-declined-ontario; /resources/a-vs-b-vs-private-mortgage","Article/Service as appropriate + visible FAQPage","Semiannual","live web search, one exact query","2026-07-20","Canada/Ontario query modifiers; exact localization not guaranteed","medium — five live result references","volume/difficulty/backlinks unavailable-not-zero"
"KW-061","how do mortgages work in Ontario","residential","Residential mortgages","L1","residential-guide","/resources/ontario-residential-mortgage-guide","P2","Mortgage Application Process | Financial Services Regulatory Authority of Ontario","https://www.fsrao.ca/consumers/mortgage-brokering/mortgage-application-process","fsrao.ca","government / regulator","Ontario/Canada aligned","Shopping for a Mortgage | Financial Services Regulatory Authority of Ontario","https://www.fsrao.ca/consumers/mortgage-brokering/shopping-mortgage","fsrao.ca","government / regulator","Signing a Mortgage Contract | Financial Services Regulatory Authority of Ontario","https://www.fsrao.ca/consumers/mortgage-brokering/signing-mortgage-contract","fsrao.ca","government / regulator","https://examace.ca/glossary/mortgage-types","https://www.fsrao.ca/consumers/mortgage-brokering","5","government / regulator","consumer guidance","Wins trust through primary-source authority, exhaustive process coverage, neutral risk language, and durable internal linking.","Neutral and authoritative but rarely helps a borrower compare viable routes, model a file, or act with a focused document plan.","Match the winners’ exact-query answer, consumer guidance, Ontario/Canada terminology, scannable structure, definitions, risks, and a clear next step. Cite the strongest primary source instead of paraphrasing unsupported rules.","Add what the dominant government / regulator results omit: borrower-specific decision logic, transparent assumptions, a worked Ontario scenario, all-in economics, document requirements, failure modes, and a route beyond the current product.","Combine regulator-grade education with a real lender-tier decision path, a no-obligation/no-credit discovery call, focused document list, and an explicit statement when the file or structure is not yet responsible.","Answer-first explainer + route selector + annotated example","Open with a 40–60 word answer to “how do mortgages work in Ontario”; follow with answer-first explainer + route selector + annotated example; layer in combine regulator-grade education with a real lender-tier decision path, a no-obligation/no-credit discovery call, focused document list, and an explicit statement when the file or structure is not yet responsible. Support every material claim, answer the visible follow-up questions, and keep the full commercial pitch on /resources/ontario-residential-mortgage-guide.","Cite FSRA/FCAC/CMHC or Ontario primary sources; show brokerage #13827 and administrator #13828; attribute 28+ years and $1B+ funded to the principal broker with the July 14, 2026 methodology. Add one anonymized borrower scenario and a named editorial reviewer.","See which financing route fits","/borrowers/residential-mortgage-financing; /resources/a-vs-b-vs-private-mortgage","Article/Service as appropriate + visible FAQPage","Semiannual","live web search, one exact query","2026-07-20","Canada/Ontario query modifiers; exact localization not guaranteed","medium — five live result references","volume/difficulty/backlinks unavailable-not-zero"
"KW-062","mortgage on residential property Ontario","residential","Residential mortgages","L1","residential-guide","/resources/ontario-residential-mortgage-guide","P2","Mortgage Application Process | Financial Services Regulatory Authority of Ontario","https://www.fsrao.ca/consumers/mortgage-brokering/mortgage-application-process","fsrao.ca","government / regulator","Ontario/Canada aligned","Shopping for a Mortgage | Financial Services Regulatory Authority of Ontario","https://www.fsrao.ca/consumers/mortgage-brokering/shopping-mortgage","fsrao.ca","government / regulator","Understanding Title insurance | Financial Services Regulatory Authority of Ontario","https://www.fsrao.ca/consumers/property-and-other-insurance/understanding-title-insurance","fsrao.ca","government / regulator","https://www.fsrao.ca/consumers/mortgage-brokering/signing-mortgage-contract","https://www.fsrao.ca/privatemortgage","5","government / regulator","consumer guidance","Wins trust through primary-source authority, exhaustive process coverage, neutral risk language, and durable internal linking.","Neutral and authoritative but rarely helps a borrower compare viable routes, model a file, or act with a focused document plan.","Match the winners’ exact-query answer, consumer guidance, Ontario/Canada terminology, scannable structure, definitions, risks, and a clear next step. Cite the strongest primary source instead of paraphrasing unsupported rules.","Add what the dominant government / regulator results omit: borrower-specific decision logic, transparent assumptions, a worked Ontario scenario, all-in economics, document requirements, failure modes, and a route beyond the current product.","Combine regulator-grade education with a real lender-tier decision path, a no-obligation/no-credit discovery call, focused document list, and an explicit statement when the file or structure is not yet responsible.","Answer-first section + worked scenario + focused CTA","Open with a 40–60 word answer to “mortgage on residential property Ontario”; follow with answer-first section + worked scenario + focused cta; layer in combine regulator-grade education with a real lender-tier decision path, a no-obligation/no-credit discovery call, focused document list, and an explicit statement when the file or structure is not yet responsible. Support every material claim, answer the visible follow-up questions, and keep the full commercial pitch on /resources/ontario-residential-mortgage-guide.","Cite FSRA/FCAC/CMHC or Ontario primary sources; show brokerage #13827 and administrator #13828; attribute 28+ years and $1B+ funded to the principal broker with the July 14, 2026 methodology. Add one anonymized borrower scenario and a named editorial reviewer.","See which financing route fits","/borrowers/residential-mortgage-financing; /resources/a-vs-b-vs-private-mortgage","Article/Service as appropriate + visible FAQPage","Semiannual","live web search, one exact query","2026-07-20","Canada/Ontario query modifiers; exact localization not guaranteed","medium — five live result references","volume/difficulty/backlinks unavailable-not-zero"
"KW-063","first time home buyer mortgage Ontario","residential","Residential mortgages","L1","residential-guide","/resources/ontario-residential-mortgage-guide","P2","Ontario First-Time Homebuyers | Ratehub.ca","https://www.ratehub.ca/ontario-first-time-home-buyer","ratehub.ca","comparison publisher / finance media","Ontario/Canada aligned","Ontario New Home Buyer Timeline: Step-by-Step Guide for 2026 | Ontario 2026 Legislative Update | First Home Ontario","https://www.firsthomeontario.ca/blog/guides/ontario-first-time-buyer-timeline","firsthomeontario.ca","direct lender, brokerage, or specialist","First-Time Home Buyer Guide: Ontario 2026 | Mortgage Squad","https://www.mortgagesquad.ca/blog/first-time-home-buyer-guide-ontario-2026","mortgagesquad.ca","direct lender, brokerage, or specialist","https://www.fsrao.ca/consumers/mortgage-brokering/mortgage-application-process","https://tejthakor.ca/first-time-buyer-faq-ontario/","5","direct lender, brokerage, or specialist","commercial service / product page","Wins through exact local commercial intent, scenario specificity, speed/equity language, strong CTAs, and service-page relevance.","Commercially relevant but many pages rely on generic approval/speed claims, weak citations, opaque total cost, and little proof of exit planning.","Match the winners’ exact-query answer, commercial service / product page, Ontario/Canada terminology, scannable structure, definitions, risks, and a clear next step. Cite the strongest primary source instead of paraphrasing unsupported rules.","Add what the dominant direct lender, brokerage, or specialist results omit: borrower-specific decision logic, transparent assumptions, a worked Ontario scenario, all-in economics, document requirements, failure modes, and a route beyond the current product.","Combine regulator-grade education with a real lender-tier decision path, a no-obligation/no-credit discovery call, focused document list, and an explicit statement when the file or structure is not yet responsible.","Answer-first section + worked scenario + focused CTA","Open with a 40–60 word answer to “first time home buyer mortgage Ontario”; follow with answer-first section + worked scenario + focused cta; layer in combine regulator-grade education with a real lender-tier decision path, a no-obligation/no-credit discovery call, focused document list, and an explicit statement when the file or structure is not yet responsible. Support every material claim, answer the visible follow-up questions, and keep the full commercial pitch on /resources/ontario-residential-mortgage-guide.","Cite FSRA/FCAC/CMHC or Ontario primary sources; show brokerage #13827 and administrator #13828; attribute 28+ years and $1B+ funded to the principal broker with the July 14, 2026 methodology. Add one anonymized borrower scenario and a named editorial reviewer.","See which financing route fits","/borrowers/residential-mortgage-financing; /resources/a-vs-b-vs-private-mortgage","Article/Service as appropriate + visible FAQPage","Semiannual","live web search, one exact query","2026-07-20","Canada/Ontario query modifiers; exact localization not guaranteed","medium — five live result references","volume/difficulty/backlinks unavailable-not-zero"
"KW-064","residential mortgage types Canada","residential","Residential mortgages","L1","residential-guide","/resources/ontario-residential-mortgage-guide","P2","Types of Mortgages in Canada: Which One's a Fit?","https://www.nerdwallet.com/ca/p/article/mortgages/types-of-mortgages","nerdwallet.com","comparison publisher / finance media","Ontario/Canada aligned","Choosing a mortgage that is right for you","https://www.canada.ca/en/financial-consumer-agency/services/mortgages/choose-mortgage.html","canada.ca","government / regulator","Different Types of Mortgages | RBC Royal Bank of Canada","https://www.rbcroyalbank.com/mortgages/mortgage-types.html","rbcroyalbank.com","bank / institutional product provider","https://mortgageproscan.ca/homebuyers/mortgage-types","https://wise.com/us/blog/mortgage-types-canada","5","direct lender, brokerage, or specialist","evergreen explainer / guide","Wins through exact local commercial intent, scenario specificity, speed/equity language, strong CTAs, and service-page relevance.","Commercially relevant but many pages rely on generic approval/speed claims, weak citations, opaque total cost, and little proof of exit planning.","Match the winners’ exact-query answer, evergreen explainer / guide, Ontario/Canada terminology, scannable structure, definitions, risks, and a clear next step. Cite the strongest primary source instead of paraphrasing unsupported rules.","Add what the dominant direct lender, brokerage, or specialist results omit: borrower-specific decision logic, transparent assumptions, a worked Ontario scenario, all-in economics, document requirements, failure modes, and a route beyond the current product.","Combine regulator-grade education with a real lender-tier decision path, a no-obligation/no-credit discovery call, focused document list, and an explicit statement when the file or structure is not yet responsible.","Answer-first explainer + route selector + annotated example","Open with a 40–60 word answer to “residential mortgage types Canada”; follow with answer-first explainer + route selector + annotated example; layer in combine regulator-grade education with a real lender-tier decision path, a no-obligation/no-credit discovery call, focused document list, and an explicit statement when the file or structure is not yet responsible. Support every material claim, answer the visible follow-up questions, and keep the full commercial pitch on /resources/ontario-residential-mortgage-guide.","Cite FSRA/FCAC/CMHC or Ontario primary sources; show brokerage #13827 and administrator #13828; attribute 28+ years and $1B+ funded to the principal broker with the July 14, 2026 methodology. Add one anonymized borrower scenario and a named editorial reviewer.","See which financing route fits","/borrowers/residential-mortgage-financing; /resources/a-vs-b-vs-private-mortgage","Article/Service as appropriate + visible FAQPage","Semiannual","live web search, one exact query","2026-07-20","Canada/Ontario query modifiers; exact localization not guaranteed","medium — five live result references","volume/difficulty/backlinks unavailable-not-zero"
"KW-065","how much mortgage can I afford Ontario","residential","Residential mortgages","L2","residential-guide","/resources/ontario-residential-mortgage-guide","P2","Ontario Mortgage Affordability Calculator | WealthNorth","https://wealthnorth.ca/mortgages/mortgage-affordability-calculator/ontario/","wealthnorth.ca","direct lender, brokerage, or specialist","Ontario/Canada aligned","Mortgage Application Process | Financial Services Regulatory Authority of Ontario","https://www.fsrao.ca/consumers/mortgage-brokering/mortgage-application-process","fsrao.ca","government / regulator","Mortgage Affordability Calculator Ontario | New Home Buyer Tool | First Home Ontario","https://www.firsthomeontario.ca/tools/mortgage-affordability","firsthomeontario.ca","direct lender, brokerage, or specialist","https://www.mortgagesquad.ca/mortgage-affordability-calculator","https://insightscpa.ca/tools/mortgage-calculator/","5","direct lender, brokerage, or specialist","calculator / interactive tool","Wins through exact local commercial intent, scenario specificity, speed/equity language, strong CTAs, and service-page relevance.","Commercially relevant but many pages rely on generic approval/speed claims, weak citations, opaque total cost, and little proof of exit planning.","Match the winners’ exact-query answer, calculator / interactive tool, Ontario/Canada terminology, scannable structure, definitions, risks, and a clear next step. Cite the strongest primary source instead of paraphrasing unsupported rules.","Add what the dominant direct lender, brokerage, or specialist results omit: borrower-specific decision logic, transparent assumptions, a worked Ontario scenario, all-in economics, document requirements, failure modes, and a route beyond the current product.","Combine regulator-grade education with a real lender-tier decision path, a no-obligation/no-credit discovery call, focused document list, and an explicit statement when the file or structure is not yet responsible.","All-in cost calculator + worked Ontario examples","Open with a 40–60 word answer to “how much mortgage can I afford Ontario”; follow with all-in cost calculator + worked ontario examples; layer in combine regulator-grade education with a real lender-tier decision path, a no-obligation/no-credit discovery call, focused document list, and an explicit statement when the file or structure is not yet responsible. Support every material claim, answer the visible follow-up questions, and keep the full commercial pitch on /resources/ontario-residential-mortgage-guide.","Cite FSRA/FCAC/CMHC or Ontario primary sources; show brokerage #13827 and administrator #13828; attribute 28+ years and $1B+ funded to the principal broker with the July 14, 2026 methodology. Date every rate/cost input and expose calculator assumptions; do not publish universal rates as promises.","Pressure-test my scenario","/borrowers/residential-mortgage-financing; /resources/a-vs-b-vs-private-mortgage","Article + WebApplication + visible FAQPage","Semiannual","live web search, one exact query","2026-07-20","Canada/Ontario query modifiers; exact localization not guaranteed","medium — five live result references","volume/difficulty/backlinks unavailable-not-zero"
"KW-066","Ontario mortgage down payment requirements","residential","Residential mortgages","L2","residential-guide","/resources/ontario-residential-mortgage-guide","P2","Mortgage Application Process | Financial Services Regulatory Authority of Ontario","https://www.fsrao.ca/consumers/mortgage-brokering/mortgage-application-process","fsrao.ca","government / regulator","Ontario/Canada aligned","Working with a Mortgage Professional | Financial Services Regulatory Authority of Ontario","https://www.fsrao.ca/consumers/mortgage-brokering/working-mortgage-professional","fsrao.ca","government / regulator","How much you need for a down payment - Canada.ca","https://www.canada.ca/en/financial-consumer-agency/services/mortgages/down-payment.html","canada.ca","government / regulator","https://www.ontario.ca/page/shared-equity-homeownership","https://www.summitly.ca/guides/down-payment-cmhc-insurance-ontario","5","government / regulator","qualification process / checklist","Wins trust through primary-source authority, exhaustive process coverage, neutral risk language, and durable internal linking.","Neutral and authoritative but rarely helps a borrower compare viable routes, model a file, or act with a focused document plan.","Match the winners’ exact-query answer, qualification process / checklist, Ontario/Canada terminology, scannable structure, definitions, risks, and a clear next step. Cite the strongest primary source instead of paraphrasing unsupported rules.","Add what the dominant government / regulator results omit: borrower-specific decision logic, transparent assumptions, a worked Ontario scenario, all-in economics, document requirements, failure modes, and a route beyond the current product.","Combine regulator-grade education with a real lender-tier decision path, a no-obligation/no-credit discovery call, focused document list, and an explicit statement when the file or structure is not yet responsible.","All-in cost calculator + worked Ontario examples","Open with a 40–60 word answer to “Ontario mortgage down payment requirements”; follow with all-in cost calculator + worked ontario examples; layer in combine regulator-grade education with a real lender-tier decision path, a no-obligation/no-credit discovery call, focused document list, and an explicit statement when the file or structure is not yet responsible. Support every material claim, answer the visible follow-up questions, and keep the full commercial pitch on /resources/ontario-residential-mortgage-guide.","Cite FSRA/FCAC/CMHC or Ontario primary sources; show brokerage #13827 and administrator #13828; attribute 28+ years and $1B+ funded to the principal broker with the July 14, 2026 methodology. Date every rate/cost input and expose calculator assumptions; do not publish universal rates as promises.","Pressure-test my scenario","/borrowers/residential-mortgage-financing; /resources/a-vs-b-vs-private-mortgage","Article + WebApplication + visible FAQPage","Semiannual","live web search, one exact query","2026-07-20","Canada/Ontario query modifiers; exact localization not guaranteed","medium — five live result references","volume/difficulty/backlinks unavailable-not-zero"
"KW-067","mortgage stress test Ontario calculator","residential","Residential mortgages","L2","residential-guide","/resources/ontario-residential-mortgage-guide","P2","Mortgage Affordability Calculator Ontario | 2026 CMHC Rules - Insight Accounting CPA","https://insightscpa.ca/tools/mortgage-calculator/","insightscpa.ca","direct lender, brokerage, or specialist","Ontario/Canada aligned","Free Mortgage Calculators Ontario 2026 | Canadian Math | RATECORE Mortgage","https://ratecore.ca/calculators/","ratecore.ca","direct lender, brokerage, or specialist","Mortgage Stress Test Calculator Canada (2026) | Mortgage Squad","https://www.mortgagesquad.ca/mortgage-stress-test-calculator","mortgagesquad.ca","direct lender, brokerage, or specialist","https://clearkey.ca/","https://www.paulsawhney.ca/calculator/","5","direct lender, brokerage, or specialist","calculator / interactive tool","Wins through exact local commercial intent, scenario specificity, speed/equity language, strong CTAs, and service-page relevance.","Commercially relevant but many pages rely on generic approval/speed claims, weak citations, opaque total cost, and little proof of exit planning.","Match the winners’ exact-query answer, calculator / interactive tool, Ontario/Canada terminology, scannable structure, definitions, risks, and a clear next step. Cite the strongest primary source instead of paraphrasing unsupported rules.","Add what the dominant direct lender, brokerage, or specialist results omit: borrower-specific decision logic, transparent assumptions, a worked Ontario scenario, all-in economics, document requirements, failure modes, and a route beyond the current product.","Combine regulator-grade education with a real lender-tier decision path, a no-obligation/no-credit discovery call, focused document list, and an explicit statement when the file or structure is not yet responsible.","Answer-first section + worked scenario + focused CTA","Open with a 40–60 word answer to “mortgage stress test Ontario calculator”; follow with answer-first section + worked scenario + focused cta; layer in combine regulator-grade education with a real lender-tier decision path, a no-obligation/no-credit discovery call, focused document list, and an explicit statement when the file or structure is not yet responsible. Support every material claim, answer the visible follow-up questions, and keep the full commercial pitch on /resources/ontario-residential-mortgage-guide.","Cite FSRA/FCAC/CMHC or Ontario primary sources; show brokerage #13827 and administrator #13828; attribute 28+ years and $1B+ funded to the principal broker with the July 14, 2026 methodology. Add one anonymized borrower scenario and a named editorial reviewer.","Pressure-test my scenario","/borrowers/residential-mortgage-financing; /resources/a-vs-b-vs-private-mortgage","Article/Service as appropriate + visible FAQPage","Semiannual","live web search, one exact query","2026-07-20","Canada/Ontario query modifiers; exact localization not guaranteed","medium — five live result references","volume/difficulty/backlinks unavailable-not-zero"
"KW-068","income needed for mortgage Ontario","residential","Residential mortgages","L2","residential-guide","/resources/ontario-residential-mortgage-guide","P2","Mortgage Application Process | Financial Services Regulatory Authority of Ontario","https://www.fsrao.ca/consumers/mortgage-brokering/mortgage-application-process","fsrao.ca","government / regulator","Ontario/Canada aligned","Income Needed to Buy a Home in Ontario in 2026 | WealthNorth","https://wealthnorth.ca/mortgages/income-needed-buy-home/ontario/","wealthnorth.ca","direct lender, brokerage, or specialist","Canada housing affordability | Ratehub.ca","https://www.ratehub.ca/mortgages/canada-housing-affordability","ratehub.ca","comparison publisher / finance media","https://wealthnorth.ca/mortgages/income-required-for-mortgage-canada/","https://wealthnorth.ca/mortgages/mortgage-affordability-calculator/ontario/","5","direct lender, brokerage, or specialist","commercial service / product page","Wins through exact local commercial intent, scenario specificity, speed/equity language, strong CTAs, and service-page relevance.","Commercially relevant but many pages rely on generic approval/speed claims, weak citations, opaque total cost, and little proof of exit planning.","Match the winners’ exact-query answer, commercial service / product page, Ontario/Canada terminology, scannable structure, definitions, risks, and a clear next step. Cite the strongest primary source instead of paraphrasing unsupported rules.","Add what the dominant direct lender, brokerage, or specialist results omit: borrower-specific decision logic, transparent assumptions, a worked Ontario scenario, all-in economics, document requirements, failure modes, and a route beyond the current product.","Combine regulator-grade education with a real lender-tier decision path, a no-obligation/no-credit discovery call, focused document list, and an explicit statement when the file or structure is not yet responsible.","Document-readiness checklist + qualification decision tree","Open with a 40–60 word answer to “income needed for mortgage Ontario”; follow with document-readiness checklist + qualification decision tree; layer in combine regulator-grade education with a real lender-tier decision path, a no-obligation/no-credit discovery call, focused document list, and an explicit statement when the file or structure is not yet responsible. Support every material claim, answer the visible follow-up questions, and keep the full commercial pitch on /resources/ontario-residential-mortgage-guide.","Cite FSRA/FCAC/CMHC or Ontario primary sources; show brokerage #13827 and administrator #13828; attribute 28+ years and $1B+ funded to the principal broker with the July 14, 2026 methodology. Add one anonymized borrower scenario and a named editorial reviewer.","Pressure-test my scenario","/borrowers/residential-mortgage-financing; /resources/a-vs-b-vs-private-mortgage","Article/Service as appropriate + visible FAQPage","Semiannual","live web search, one exact query","2026-07-20","Canada/Ontario query modifiers; exact localization not guaranteed","medium — five live result references","volume/difficulty/backlinks unavailable-not-zero"
"KW-069","mortgage broker vs bank Ontario","residential","Residential mortgages","L3","residential-guide","/resources/ontario-residential-mortgage-guide","P2","Mortgage Broker vs. Bank | What is a Mortgage Broker? | Ratehub.ca","https://www.ratehub.ca/bank-vs-mortgage-broker","ratehub.ca","comparison publisher / finance media","Ontario/Canada aligned","Mortgage Broker vs Bank in Canada: Which Is Better for Your Mortgage? | Hafeez Imran, Bay Street Group Inc., Brokerage*","https://www.realtorimran.ca/Mortgage_Broker_vs_Bank_in-Canada","realtorimran.ca","direct lender, brokerage, or specialist","Mortgage Broker vs. Bank: Which Is Best? - NerdWallet Canada","https://www.nerdwallet.com/ca/p/article/mortgages/mortgage-broker-vs-bank","nerdwallet.com","comparison publisher / finance media","https://ontariohousepartners.ca/mortgage-broker-vs-bank-which-is-better-in-ontario","https://www.ratehub.ca/choosing-a-provider","5","comparison publisher / finance media","comparison / decision guide","Wins with exact-match headings, plain-language summaries, updated comparison tables, calculators, and broad long-tail coverage.","Broad and scannable but often generic, affiliate-led, thin on Ontario underwriting evidence, and disconnected from a real exit plan.","Match the winners’ exact-query answer, comparison / decision guide, Ontario/Canada terminology, scannable structure, definitions, risks, and a clear next step. Cite the strongest primary source instead of paraphrasing unsupported rules.","Add what the dominant comparison publisher / finance media results omit: borrower-specific decision logic, transparent assumptions, a worked Ontario scenario, all-in economics, document requirements, failure modes, and a route beyond the current product.","Combine regulator-grade education with a real lender-tier decision path, a no-obligation/no-credit discovery call, focused document list, and an explicit statement when the file or structure is not yet responsible.","Original comparison matrix + scenario calculator","Open with a 40–60 word answer to “mortgage broker vs bank Ontario”; follow with original comparison matrix + scenario calculator; layer in combine regulator-grade education with a real lender-tier decision path, a no-obligation/no-credit discovery call, focused document list, and an explicit statement when the file or structure is not yet responsible. Support every material claim, answer the visible follow-up questions, and keep the full commercial pitch on /resources/ontario-residential-mortgage-guide.","Cite FSRA/FCAC/CMHC or Ontario primary sources; show brokerage #13827 and administrator #13828; attribute 28+ years and $1B+ funded to the principal broker with the July 14, 2026 methodology. Add one anonymized borrower scenario and a named editorial reviewer.","Compare my realistic financing routes","/borrowers/residential-mortgage-financing; /resources/a-vs-b-vs-private-mortgage","Article + WebApplication + visible FAQPage","Semiannual","live web search, one exact query","2026-07-20","Canada/Ontario query modifiers; exact localization not guaranteed","medium — five live result references","volume/difficulty/backlinks unavailable-not-zero"
"KW-070","fixed vs variable mortgage Ontario","residential","Residential mortgages","L3","residential-guide","/resources/ontario-residential-mortgage-guide","P2","Shopping for a Mortgage | Financial Services Regulatory Authority of Ontario","https://www.fsrao.ca/consumers/mortgage-brokering/shopping-mortgage","fsrao.ca","government / regulator","Ontario/Canada aligned","Fixed vs. variable rate mortgages: which is right for you?","https://www.ig.ca/en/insights/fixed-vs-variable-mortgage","ig.ca","direct lender, brokerage, or specialist","Variable vs Fixed Mortgage Rate Ontario 2026 — Which Is Better? | RATECORE Mortgage","https://ratecore.ca/variable-vs-fixed/","ratecore.ca","direct lender, brokerage, or specialist","https://thehousingmarket.ca/guides/buyers/fixed-vs-variable-mortgage","https://www.ratehub.ca/variable-or-fixed-mortgage","5","direct lender, brokerage, or specialist","comparison / decision guide","Wins through exact local commercial intent, scenario specificity, speed/equity language, strong CTAs, and service-page relevance.","Commercially relevant but many pages rely on generic approval/speed claims, weak citations, opaque total cost, and little proof of exit planning.","Match the winners’ exact-query answer, comparison / decision guide, Ontario/Canada terminology, scannable structure, definitions, risks, and a clear next step. Cite the strongest primary source instead of paraphrasing unsupported rules.","Add what the dominant direct lender, brokerage, or specialist results omit: borrower-specific decision logic, transparent assumptions, a worked Ontario scenario, all-in economics, document requirements, failure modes, and a route beyond the current product.","Combine regulator-grade education with a real lender-tier decision path, a no-obligation/no-credit discovery call, focused document list, and an explicit statement when the file or structure is not yet responsible.","Original comparison matrix + scenario calculator","Open with a 40–60 word answer to “fixed vs variable mortgage Ontario”; follow with original comparison matrix + scenario calculator; layer in combine regulator-grade education with a real lender-tier decision path, a no-obligation/no-credit discovery call, focused document list, and an explicit statement when the file or structure is not yet responsible. Support every material claim, answer the visible follow-up questions, and keep the full commercial pitch on /resources/ontario-residential-mortgage-guide.","Cite FSRA/FCAC/CMHC or Ontario primary sources; show brokerage #13827 and administrator #13828; attribute 28+ years and $1B+ funded to the principal broker with the July 14, 2026 methodology. Add one anonymized borrower scenario and a named editorial reviewer.","Compare my realistic financing routes","/borrowers/residential-mortgage-financing; /resources/a-vs-b-vs-private-mortgage","Article + WebApplication + visible FAQPage","Semiannual","live web search, one exact query","2026-07-20","Canada/Ontario query modifiers; exact localization not guaranteed","medium — five live result references","volume/difficulty/backlinks unavailable-not-zero"
"KW-071","open vs closed mortgage Canada","residential","Residential mortgages","L3","residential-guide","/resources/ontario-residential-mortgage-guide","P2","Choosing a mortgage that is right for you - Canada.ca","https://www.canada.ca/en/financial-consumer-agency/services/mortgages/choose-mortgage.html","canada.ca","government / regulator","Ontario/Canada aligned","Breaking your mortgage contract - Canada.ca","https://www.canada.ca/en/financial-consumer-agency/services/mortgages/break-mortgage-contract.html","canada.ca","government / regulator","Open vs Closed Mortgage in Canada: The Difference","https://www.getadvantage.ca/learning-centre/open-vs-closed-mortgage-canada","getadvantage.ca","direct lender, brokerage, or specialist","https://www.lendtoday.ca/2026/04/open-vs-closed-mortgages/","https://www.theratefinder.ca/open-mortgage-vs-closed-mortgage-in-canada","5","direct lender, brokerage, or specialist","comparison / decision guide","Wins through exact local commercial intent, scenario specificity, speed/equity language, strong CTAs, and service-page relevance.","Commercially relevant but many pages rely on generic approval/speed claims, weak citations, opaque total cost, and little proof of exit planning.","Match the winners’ exact-query answer, comparison / decision guide, Ontario/Canada terminology, scannable structure, definitions, risks, and a clear next step. Cite the strongest primary source instead of paraphrasing unsupported rules.","Add what the dominant direct lender, brokerage, or specialist results omit: borrower-specific decision logic, transparent assumptions, a worked Ontario scenario, all-in economics, document requirements, failure modes, and a route beyond the current product.","Combine regulator-grade education with a real lender-tier decision path, a no-obligation/no-credit discovery call, focused document list, and an explicit statement when the file or structure is not yet responsible.","Original comparison matrix + scenario calculator","Open with a 40–60 word answer to “open vs closed mortgage Canada”; follow with original comparison matrix + scenario calculator; layer in combine regulator-grade education with a real lender-tier decision path, a no-obligation/no-credit discovery call, focused document list, and an explicit statement when the file or structure is not yet responsible. Support every material claim, answer the visible follow-up questions, and keep the full commercial pitch on /resources/ontario-residential-mortgage-guide.","Cite FSRA/FCAC/CMHC or Ontario primary sources; show brokerage #13827 and administrator #13828; attribute 28+ years and $1B+ funded to the principal broker with the July 14, 2026 methodology. Add one anonymized borrower scenario and a named editorial reviewer.","Compare my realistic financing routes","/borrowers/residential-mortgage-financing; /resources/a-vs-b-vs-private-mortgage","Article + WebApplication + visible FAQPage","Semiannual","live web search, one exact query","2026-07-20","Canada/Ontario query modifiers; exact localization not guaranteed","medium — five live result references","volume/difficulty/backlinks unavailable-not-zero"
"KW-072","insured vs uninsured mortgage Canada","residential","Residential mortgages","L3","residential-guide","/resources/ontario-residential-mortgage-guide","P2","Insured vs. uninsured mortgages | Ratehub.ca","https://www.ratehub.ca/mortgages/insured-insurable-uninsured-mortgage","ratehub.ca","comparison publisher / finance media","Ontario/Canada aligned","insured vs uninsured mortgage in Canada | RateFinder Canada","https://www.theratefinder.ca/insured-vs-uninsured-mortgage-in-canada","theratefinder.ca","direct lender, brokerage, or specialist","Insured vs uninsured mortgage rates — Canadian Rates","https://canadianrates.ca/guides/insured-vs-uninsured","canadianrates.ca","comparison publisher / finance media","https://wealthnorth.ca/mortgages/mortgage-types/insured-vs-uninsured-mortgage/","https://www.lendtoday.ca/2026/04/insured-mortgage-uninsured-mortgage-insurable-mortgage/","5","direct lender, brokerage, or specialist","comparison / decision guide","Wins through exact local commercial intent, scenario specificity, speed/equity language, strong CTAs, and service-page relevance.","Commercially relevant but many pages rely on generic approval/speed claims, weak citations, opaque total cost, and little proof of exit planning.","Match the winners’ exact-query answer, comparison / decision guide, Ontario/Canada terminology, scannable structure, definitions, risks, and a clear next step. Cite the strongest primary source instead of paraphrasing unsupported rules.","Add what the dominant direct lender, brokerage, or specialist results omit: borrower-specific decision logic, transparent assumptions, a worked Ontario scenario, all-in economics, document requirements, failure modes, and a route beyond the current product.","Combine regulator-grade education with a real lender-tier decision path, a no-obligation/no-credit discovery call, focused document list, and an explicit statement when the file or structure is not yet responsible.","Original comparison matrix + scenario calculator","Open with a 40–60 word answer to “insured vs uninsured mortgage Canada”; follow with original comparison matrix + scenario calculator; layer in combine regulator-grade education with a real lender-tier decision path, a no-obligation/no-credit discovery call, focused document list, and an explicit statement when the file or structure is not yet responsible. Support every material claim, answer the visible follow-up questions, and keep the full commercial pitch on /resources/ontario-residential-mortgage-guide.","Cite FSRA/FCAC/CMHC or Ontario primary sources; show brokerage #13827 and administrator #13828; attribute 28+ years and $1B+ funded to the principal broker with the July 14, 2026 methodology. Add one anonymized borrower scenario and a named editorial reviewer.","Compare my realistic financing routes","/borrowers/residential-mortgage-financing; /resources/a-vs-b-vs-private-mortgage","Article + WebApplication + visible FAQPage","Semiannual","live web search, one exact query","2026-07-20","Canada/Ontario query modifiers; exact localization not guaranteed","medium — five live result references","volume/difficulty/backlinks unavailable-not-zero"
"KW-073","residential mortgage broker Ontario","residential","Residential mortgages","L4","residential-service","/borrowers/residential-mortgage-financing","P2","Working with a Mortgage Professional | Financial Services Regulatory Authority of Ontario","https://www.fsrao.ca/consumers/mortgage-brokering/working-mortgage-professional","fsrao.ca","government / regulator","Ontario/Canada aligned","Home - Mortgage Broker in Ontario","https://www.ontariolend.ca/","ontariolend.ca","direct lender, brokerage, or specialist","Ontario Mortgage Broker | Private, Refinance, HELOC, Commercial Mortgages & Business Loans","https://www.hopewellmortgages.ca/","hopewellmortgages.ca","direct lender, brokerage, or specialist","https://parkwoodmortgage.com/","https://www.360lending.ca/","5","direct lender, brokerage, or specialist","commercial service / product page","Wins through exact local commercial intent, scenario specificity, speed/equity language, strong CTAs, and service-page relevance.","Commercially relevant but many pages rely on generic approval/speed claims, weak citations, opaque total cost, and little proof of exit planning.","Match the winners’ exact-query answer, commercial service / product page, Ontario/Canada terminology, scannable structure, definitions, risks, and a clear next step. Cite the strongest primary source instead of paraphrasing unsupported rules.","Add what the dominant direct lender, brokerage, or specialist results omit: borrower-specific decision logic, transparent assumptions, a worked Ontario scenario, all-in economics, document requirements, failure modes, and a route beyond the current product.","Combine regulator-grade education with a real lender-tier decision path, a no-obligation/no-credit discovery call, focused document list, and an explicit statement when the file or structure is not yet responsible.","Service decision module + lender-tier route selector + focused intake","Open with a 40–60 word answer to “residential mortgage broker Ontario”; follow with service decision module + lender-tier route selector + focused intake; layer in combine regulator-grade education with a real lender-tier decision path, a no-obligation/no-credit discovery call, focused document list, and an explicit statement when the file or structure is not yet responsible. Support every material claim, answer the visible follow-up questions, and keep the full commercial pitch on /borrowers/residential-mortgage-financing.","Cite FSRA/FCAC/CMHC or Ontario primary sources; show brokerage #13827 and administrator #13828; attribute 28+ years and $1B+ funded to the principal broker with the July 14, 2026 methodology. Add one anonymized borrower scenario and a named editorial reviewer.","Get a focused eligibility and document review","/resources/ontario-residential-mortgage-guide; /borrowers/institutional-mortgage","Article/Service as appropriate + visible FAQPage","Semiannual","live web search, one exact query","2026-07-20","Canada/Ontario query modifiers; exact localization not guaranteed","medium — five live result references","volume/difficulty/backlinks unavailable-not-zero"
"KW-074","mortgage pre approval Ontario","residential","Residential mortgages","L4","residential-service","/borrowers/residential-mortgage-financing","P2","Mortgage Application Process | Financial Services Regulatory Authority of Ontario","https://www.fsrao.ca/consumers/mortgage-brokering/mortgage-application-process","fsrao.ca","government / regulator","Ontario/Canada aligned","Getting preapproved for a mortgage - Canada.ca","https://www.canada.ca/en/financial-consumer-agency/services/mortgages/preapproval-qualify-mortgage.html","canada.ca","government / regulator","Mortgage Pre-Approval Ontario 2026 — What It Is, How to Get It Fast | RATECORE Mortgage","https://ratecore.ca/pre-approval/","ratecore.ca","direct lender, brokerage, or specialist","https://www.fsrao.ca/consumers/mortgage-brokering/working-mortgage-professional","https://www.desjardins.com/en/mortgage/pre-approval.html","5","government / regulator","qualification process / checklist","Wins trust through primary-source authority, exhaustive process coverage, neutral risk language, and durable internal linking.","Neutral and authoritative but rarely helps a borrower compare viable routes, model a file, or act with a focused document plan.","Match the winners’ exact-query answer, qualification process / checklist, Ontario/Canada terminology, scannable structure, definitions, risks, and a clear next step. Cite the strongest primary source instead of paraphrasing unsupported rules.","Add what the dominant government / regulator results omit: borrower-specific decision logic, transparent assumptions, a worked Ontario scenario, all-in economics, document requirements, failure modes, and a route beyond the current product.","Combine regulator-grade education with a real lender-tier decision path, a no-obligation/no-credit discovery call, focused document list, and an explicit statement when the file or structure is not yet responsible.","Service decision module + lender-tier route selector + focused intake","Open with a 40–60 word answer to “mortgage pre approval Ontario”; follow with service decision module + lender-tier route selector + focused intake; layer in combine regulator-grade education with a real lender-tier decision path, a no-obligation/no-credit discovery call, focused document list, and an explicit statement when the file or structure is not yet responsible. Support every material claim, answer the visible follow-up questions, and keep the full commercial pitch on /borrowers/residential-mortgage-financing.","Cite FSRA/FCAC/CMHC or Ontario primary sources; show brokerage #13827 and administrator #13828; attribute 28+ years and $1B+ funded to the principal broker with the July 14, 2026 methodology. Add one anonymized borrower scenario and a named editorial reviewer.","Get a focused eligibility and document review","/resources/ontario-residential-mortgage-guide; /borrowers/institutional-mortgage","Article/Service as appropriate + visible FAQPage","Semiannual","live web search, one exact query","2026-07-20","Canada/Ontario query modifiers; exact localization not guaranteed","medium — five live result references","volume/difficulty/backlinks unavailable-not-zero"
"KW-075","home mortgage lenders Ontario","residential","Residential mortgages","L4","residential-service","/borrowers/residential-mortgage-financing","P2","Home - Mortgage Broker in Ontario","https://www.ontariolend.ca/","ontariolend.ca","direct lender, brokerage, or specialist","Ontario/Canada aligned","Working with a Mortgage Professional | Financial Services Regulatory Authority of Ontario","https://www.fsrao.ca/consumers/mortgage-brokering/working-mortgage-professional","fsrao.ca","government / regulator","Find the Best Ontario Mortgage Brokers on Rates.ca","https://rates.ca/mortgage-rates/mortgage-brokers-ontario","rates.ca","comparison publisher / finance media","https://mcnetwork.ca/","https://www.riofinancial.ca/","5","direct lender, brokerage, or specialist","commercial service / product page","Wins through exact local commercial intent, scenario specificity, speed/equity language, strong CTAs, and service-page relevance.","Commercially relevant but many pages rely on generic approval/speed claims, weak citations, opaque total cost, and little proof of exit planning.","Match the winners’ exact-query answer, commercial service / product page, Ontario/Canada terminology, scannable structure, definitions, risks, and a clear next step. Cite the strongest primary source instead of paraphrasing unsupported rules.","Add what the dominant direct lender, brokerage, or specialist results omit: borrower-specific decision logic, transparent assumptions, a worked Ontario scenario, all-in economics, document requirements, failure modes, and a route beyond the current product.","Combine regulator-grade education with a real lender-tier decision path, a no-obligation/no-credit discovery call, focused document list, and an explicit statement when the file or structure is not yet responsible.","Service decision module + lender-tier route selector + focused intake","Open with a 40–60 word answer to “home mortgage lenders Ontario”; follow with service decision module + lender-tier route selector + focused intake; layer in combine regulator-grade education with a real lender-tier decision path, a no-obligation/no-credit discovery call, focused document list, and an explicit statement when the file or structure is not yet responsible. Support every material claim, answer the visible follow-up questions, and keep the full commercial pitch on /borrowers/residential-mortgage-financing.","Cite FSRA/FCAC/CMHC or Ontario primary sources; show brokerage #13827 and administrator #13828; attribute 28+ years and $1B+ funded to the principal broker with the July 14, 2026 methodology. Add one anonymized borrower scenario and a named editorial reviewer.","Get a focused eligibility and document review","/resources/ontario-residential-mortgage-guide; /borrowers/institutional-mortgage","Article/Service as appropriate + visible FAQPage","Semiannual","live web search, one exact query","2026-07-20","Canada/Ontario query modifiers; exact localization not guaranteed","medium — five live result references","volume/difficulty/backlinks unavailable-not-zero"
"KW-076","mortgage application documents Ontario","residential","Residential mortgages","L4","residential-service","/borrowers/residential-mortgage-financing","P2","Mortgage Application Process | Financial Services Regulatory Authority of Ontario","https://www.fsrao.ca/consumers/mortgage-brokering/mortgage-application-process","fsrao.ca","government / regulator","Ontario/Canada aligned","Working with a Mortgage Professional | Financial Services Regulatory Authority of Ontario","https://www.fsrao.ca/consumers/mortgage-brokering/working-mortgage-professional","fsrao.ca","government / regulator","Mortgage Documents Needed: Complete Checklist for Every Application Type (2026) | WealthNorth","https://wealthnorth.ca/mortgages/home-buying-process/mortgage-documents-needed-checklist/","wealthnorth.ca","direct lender, brokerage, or specialist","https://wealthnorth.ca/mortgages/mortgage-document-checklist/","https://www.fsrao.ca/fr/pour-les-consommateurs/courtage-hypothecaire/le-processus-de-demande-de-pret-hypothecaire","5","government / regulator","qualification process / checklist","Wins trust through primary-source authority, exhaustive process coverage, neutral risk language, and durable internal linking.","Neutral and authoritative but rarely helps a borrower compare viable routes, model a file, or act with a focused document plan.","Match the winners’ exact-query answer, qualification process / checklist, Ontario/Canada terminology, scannable structure, definitions, risks, and a clear next step. Cite the strongest primary source instead of paraphrasing unsupported rules.","Add what the dominant government / regulator results omit: borrower-specific decision logic, transparent assumptions, a worked Ontario scenario, all-in economics, document requirements, failure modes, and a route beyond the current product.","Combine regulator-grade education with a real lender-tier decision path, a no-obligation/no-credit discovery call, focused document list, and an explicit statement when the file or structure is not yet responsible.","Document-readiness checklist + qualification decision tree","Open with a 40–60 word answer to “mortgage application documents Ontario”; follow with document-readiness checklist + qualification decision tree; layer in combine regulator-grade education with a real lender-tier decision path, a no-obligation/no-credit discovery call, focused document list, and an explicit statement when the file or structure is not yet responsible. Support every material claim, answer the visible follow-up questions, and keep the full commercial pitch on /borrowers/residential-mortgage-financing.","Cite FSRA/FCAC/CMHC or Ontario primary sources; show brokerage #13827 and administrator #13828; attribute 28+ years and $1B+ funded to the principal broker with the July 14, 2026 methodology. Add one anonymized borrower scenario and a named editorial reviewer.","Get a focused eligibility and document review","/resources/ontario-residential-mortgage-guide; /borrowers/institutional-mortgage","Article/Service as appropriate + visible FAQPage","Semiannual","live web search, one exact query","2026-07-20","Canada/Ontario query modifiers; exact localization not guaranteed","medium — five live result references","volume/difficulty/backlinks unavailable-not-zero"
"KW-077","mortgage declined Ontario options","residential","Residential mortgages","L5","residential-service","/borrowers/residential-mortgage-financing","P2","Private Mortgages | Financial Services Regulatory Authority of Ontario","https://www.fsrao.ca/privatemortgage","fsrao.ca","government / regulator","Ontario/Canada aligned","Shopping for a Mortgage | Financial Services Regulatory Authority of Ontario","https://www.fsrao.ca/consumers/mortgage-brokering/shopping-mortgage","fsrao.ca","government / regulator","Alternative Mortgage Broker in Ontario | Turnedaway.ca","https://www.turnedaway.ca/","turnedaway.ca","direct lender, brokerage, or specialist","https://www.lendworth.ca/blog/lendworth-blog-1/your-home-has-equity-so-why-is-the-bank-still-saying-no-1214","https://www.lendworth.ca/blog/lendworth-blog-1/can-i-get-a-second-mortgage-if-the-bank-said-no-1228","5","direct lender, brokerage, or specialist","evergreen explainer / guide","Wins through exact local commercial intent, scenario specificity, speed/equity language, strong CTAs, and service-page relevance.","Commercially relevant but many pages rely on generic approval/speed claims, weak citations, opaque total cost, and little proof of exit planning.","Match the winners’ exact-query answer, evergreen explainer / guide, Ontario/Canada terminology, scannable structure, definitions, risks, and a clear next step. Cite the strongest primary source instead of paraphrasing unsupported rules.","Add what the dominant direct lender, brokerage, or specialist results omit: borrower-specific decision logic, transparent assumptions, a worked Ontario scenario, all-in economics, document requirements, failure modes, and a route beyond the current product.","Combine regulator-grade education with a real lender-tier decision path, a no-obligation/no-credit discovery call, focused document list, and an explicit statement when the file or structure is not yet responsible.","Deadline triage flow + evidence checklist + sober risk notice","Open with a 40–60 word answer to “mortgage declined Ontario options”; follow with deadline triage flow + evidence checklist + sober risk notice; layer in combine regulator-grade education with a real lender-tier decision path, a no-obligation/no-credit discovery call, focused document list, and an explicit statement when the file or structure is not yet responsible. Support every material claim, answer the visible follow-up questions, and keep the full commercial pitch on /borrowers/residential-mortgage-financing.","Cite FSRA/FCAC/CMHC or Ontario primary sources; show brokerage #13827 and administrator #13828; attribute 28+ years and $1B+ funded to the principal broker with the July 14, 2026 methodology. Add one anonymized borrower scenario and a named editorial reviewer.","Request a time-sensitive scenario triage","/resources/ontario-residential-mortgage-guide; /borrowers/institutional-mortgage","Article/Service as appropriate + visible FAQPage","Semiannual","live web search, one exact query","2026-07-20","Canada/Ontario query modifiers; exact localization not guaranteed","medium — five live result references","volume/difficulty/backlinks unavailable-not-zero"
"KW-078","urgent mortgage approval Ontario","residential","Residential mortgages","L5","residential-service","/borrowers/residential-mortgage-financing","P2","Mortgage Application Process | Financial Services Regulatory Authority of Ontario","https://www.fsrao.ca/consumers/mortgage-brokering/mortgage-application-process","fsrao.ca","government / regulator","Ontario/Canada aligned","Power of Sale Help Ontario — Stop the Sale, Keep Home","https://www.mortgagesquad.ca/power-of-sale-mortgage","mortgagesquad.ca","direct lender, brokerage, or specialist","Bad Credit Mortgage Ontario | Stop Power of Sale | MyMortgageFinder.CA","https://www.mymortgagefinder.ca/","mymortgagefinder.ca","direct lender, brokerage, or specialist","https://www.turnedaway.ca/","https://ratecore.ca/pre-approval/","5","direct lender, brokerage, or specialist","legal / rescue guide","Wins through exact local commercial intent, scenario specificity, speed/equity language, strong CTAs, and service-page relevance.","Commercially relevant but many pages rely on generic approval/speed claims, weak citations, opaque total cost, and little proof of exit planning.","Match the winners’ exact-query answer, legal / rescue guide, Ontario/Canada terminology, scannable structure, definitions, risks, and a clear next step. Cite the strongest primary source instead of paraphrasing unsupported rules.","Add what the dominant direct lender, brokerage, or specialist results omit: borrower-specific decision logic, transparent assumptions, a worked Ontario scenario, all-in economics, document requirements, failure modes, and a route beyond the current product.","Combine regulator-grade education with a real lender-tier decision path, a no-obligation/no-credit discovery call, focused document list, and an explicit statement when the file or structure is not yet responsible.","Deadline triage flow + evidence checklist + sober risk notice","Open with a 40–60 word answer to “urgent mortgage approval Ontario”; follow with deadline triage flow + evidence checklist + sober risk notice; layer in combine regulator-grade education with a real lender-tier decision path, a no-obligation/no-credit discovery call, focused document list, and an explicit statement when the file or structure is not yet responsible. Support every material claim, answer the visible follow-up questions, and keep the full commercial pitch on /borrowers/residential-mortgage-financing.","Cite FSRA/FCAC/CMHC or Ontario primary sources; show brokerage #13827 and administrator #13828; attribute 28+ years and $1B+ funded to the principal broker with the July 14, 2026 methodology. Add one anonymized borrower scenario and a named editorial reviewer.","Request a time-sensitive scenario triage","/resources/ontario-residential-mortgage-guide; /borrowers/institutional-mortgage","Article/Service as appropriate + visible FAQPage","Semiannual","live web search, one exact query","2026-07-20","Canada/Ontario query modifiers; exact localization not guaranteed","medium — five live result references","volume/difficulty/backlinks unavailable-not-zero"
"KW-079","mortgage closing shortfall Ontario","residential","Residential mortgages","L5","residential-service","/borrowers/residential-mortgage-financing","P2","What Happens if Mortgage Instructions Arrive Late?","https://insightlawfirm.ca/mortgage-instruction-lawyer/","insightlawfirm.ca","legal / professional authority","Ontario/Canada aligned","Bank Reduced My Mortgage Amount — Ontario Options | Lendworth","https://www.lendworth.ca/blog/lendworth-blog-1/bank-reduced-my-mortgage-amount-at-the-last-minute-now-what-676","lendworth.ca","direct lender, brokerage, or specialist","We Bought the House. The Seller Can’t Close. Now What? – Rabideau Law","https://rabideaulaw.ca/the-seller-cant-close-now-what/","rabideaulaw.ca","legal / professional authority","https://www.deeded.ca/blog/ontarios-2026-appraisal-gap-problem-why-more-buyers-are-losing-their-deposits-and-a-lot-more","https://www.fsrao.ca/consumers/mortgage-brokering/shopping-mortgage","5","direct lender, brokerage, or specialist","commercial service / product page","Wins through exact local commercial intent, scenario specificity, speed/equity language, strong CTAs, and service-page relevance.","Commercially relevant but many pages rely on generic approval/speed claims, weak citations, opaque total cost, and little proof of exit planning.","Match the winners’ exact-query answer, commercial service / product page, Ontario/Canada terminology, scannable structure, definitions, risks, and a clear next step. Cite the strongest primary source instead of paraphrasing unsupported rules.","Add what the dominant direct lender, brokerage, or specialist results omit: borrower-specific decision logic, transparent assumptions, a worked Ontario scenario, all-in economics, document requirements, failure modes, and a route beyond the current product.","Combine regulator-grade education with a real lender-tier decision path, a no-obligation/no-credit discovery call, focused document list, and an explicit statement when the file or structure is not yet responsible.","Deadline triage flow + evidence checklist + sober risk notice","Open with a 40–60 word answer to “mortgage closing shortfall Ontario”; follow with deadline triage flow + evidence checklist + sober risk notice; layer in combine regulator-grade education with a real lender-tier decision path, a no-obligation/no-credit discovery call, focused document list, and an explicit statement when the file or structure is not yet responsible. Support every material claim, answer the visible follow-up questions, and keep the full commercial pitch on /borrowers/residential-mortgage-financing.","Cite FSRA/FCAC/CMHC or Ontario primary sources; show brokerage #13827 and administrator #13828; attribute 28+ years and $1B+ funded to the principal broker with the July 14, 2026 methodology. Add one anonymized borrower scenario and a named editorial reviewer.","Request a time-sensitive scenario triage","/resources/ontario-residential-mortgage-guide; /borrowers/institutional-mortgage","Article/Service as appropriate + visible FAQPage","Semiannual","live web search, one exact query","2026-07-20","Canada/Ontario query modifiers; exact localization not guaranteed","medium — five live result references","volume/difficulty/backlinks unavailable-not-zero"
"KW-080","mortgage approval before closing date","residential","Residential mortgages","L5","residential-service","/borrowers/residential-mortgage-financing","P2","How Many Days Before Closing Do You Get Mortgage Approval? - LegalClarity","https://legalclarity.org/how-many-days-before-closing-do-you-get-mortgage-approval/","legalclarity.org","legal / professional authority","geography unclear","How Long Does Mortgage Approval Take After Pre-Approval? - LegalClarity","https://legalclarity.org/how-long-does-mortgage-approval-take-after-pre-approval/","legalclarity.org","legal / professional authority","Clear To Close: What To Expect and What Happens Next | Chase","https://www.chase.com/personal/mortgage/education/buying-a-home/clear-to-close","chase.com","bank / institutional product provider","https://www.redfin.com/blog/how-long-does-mortgage-pre-approval-take/","https://legalclarity.org/when-to-apply-for-a-mortgage-pre-approval-to-closing/","5","legal / professional authority","commercial service / product page","Wins sensitive enforcement queries through legal specificity, Ontario terminology, procedural detail, and professional trust.","Strong on procedure but usually weak on financing feasibility, all-in economics, property underwriting, and lender-path comparisons.","Match the winners’ exact-query answer, commercial service / product page, Ontario/Canada terminology, scannable structure, definitions, risks, and a clear next step. Cite the strongest primary source instead of paraphrasing unsupported rules.","Add what the dominant legal / professional authority results omit: borrower-specific decision logic, transparent assumptions, a worked Ontario scenario, all-in economics, document requirements, failure modes, and a route beyond the current product.","Combine regulator-grade education with a real lender-tier decision path, a no-obligation/no-credit discovery call, focused document list, and an explicit statement when the file or structure is not yet responsible.","Deadline triage flow + evidence checklist + sober risk notice","Open with a 40–60 word answer to “mortgage approval before closing date”; follow with deadline triage flow + evidence checklist + sober risk notice; layer in combine regulator-grade education with a real lender-tier decision path, a no-obligation/no-credit discovery call, focused document list, and an explicit statement when the file or structure is not yet responsible. Support every material claim, answer the visible follow-up questions, and keep the full commercial pitch on /borrowers/residential-mortgage-financing.","Cite FSRA/FCAC/CMHC or Ontario primary sources; show brokerage #13827 and administrator #13828; attribute 28+ years and $1B+ funded to the principal broker with the July 14, 2026 methodology. Add one anonymized borrower scenario and a named editorial reviewer.","Request a time-sensitive scenario triage","/resources/ontario-residential-mortgage-guide; /borrowers/institutional-mortgage","Article/Service as appropriate + visible FAQPage","Semiannual","live web search, one exact query","2026-07-20","Canada/Ontario query modifiers; exact localization not guaranteed","medium — five live result references","volume/difficulty/backlinks unavailable-not-zero"
"KW-081","home renovation financing options Canada","renovation","Renovation financing","L1","renovation-guide","/resources/renovation-financing-ontario","P1","Financing Options for Home Renovations | CMHC","https://www.cmhc-schl.gc.ca/consumers/home-buying/mortgage-loan-insurance-for-consumers/cmhc-home-renovation-financing-options","cmhc-schl.gc.ca","government / regulator","Ontario/Canada aligned","Home Renovation Financing Options in Canada (2026) | WealthNorth","https://wealthnorth.ca/mortgages/refinancing-and-home-equity/home-renovation-financing/","wealthnorth.ca","direct lender, brokerage, or specialist","How can I finance the purchase of a home that needs renovations? | National Bank","https://www.nbc.ca/personal/help-centre/mortgage/loan-application/how-to-finance-renovations-on-new-property.html","nbc.ca","bank / institutional product provider","https://wealthnorth.ca/mortgages/home-renovation-loan-canada/","https://www.ratehub.ca/blog/should-you-use-a-personal-loan-for-renovations/","5","direct lender, brokerage, or specialist","evergreen explainer / guide","Wins through exact local commercial intent, scenario specificity, speed/equity language, strong CTAs, and service-page relevance.","Commercially relevant but many pages rely on generic approval/speed claims, weak citations, opaque total cost, and little proof of exit planning.","Match the winners’ exact-query answer, evergreen explainer / guide, Ontario/Canada terminology, scannable structure, definitions, risks, and a clear next step. Cite the strongest primary source instead of paraphrasing unsupported rules.","Add what the dominant direct lender, brokerage, or specialist results omit: borrower-specific decision logic, transparent assumptions, a worked Ontario scenario, all-in economics, document requirements, failure modes, and a route beyond the current product.","Underwrite the property and project together: scope, budget, contractor evidence, as-improved value, permits, working capital, draw timing, contingencies, and takeout—not merely a list of loan products.","Service decision module + lender-tier route selector + focused intake","Open with a 40–60 word answer to “home renovation financing options Canada”; follow with service decision module + lender-tier route selector + focused intake; layer in underwrite the property and project together: scope, budget, contractor evidence, as-improved value, permits, working capital, draw timing, contingencies, and takeout—not merely a list of loan products. Support every material claim, answer the visible follow-up questions, and keep the full commercial pitch on /resources/renovation-financing-ontario.","Cite FSRA/FCAC/CMHC or Ontario primary sources; show brokerage #13827 and administrator #13828; attribute 28+ years and $1B+ funded to the principal broker with the July 14, 2026 methodology. Add a worked Ontario file with assumptions, timeline, verification points, contingency, and takeout source.","See which financing route fits","/borrowers/renovation-financing; /resources/heloc-vs-refinance-vs-renovation","Article/Service as appropriate + visible FAQPage","Semiannual","live web search, one exact query","2026-07-20","Canada/Ontario query modifiers; exact localization not guaranteed","medium — five live result references","volume/difficulty/backlinks unavailable-not-zero"
"KW-082","how renovation loans work Ontario","renovation","Renovation financing","L1","renovation-guide","/resources/renovation-financing-ontario","P1","Ontario Home Renovation Loans, Financing & Debt Consolidation Loan Company","https://renfi.ca/","renfi.ca","direct lender, brokerage, or specialist","Ontario/Canada aligned","Your rights when starting home renovations or repairs | ontario.ca","https://www.ontario.ca/page/your-rights-when-starting-home-renovations-or-repairs","ontario.ca","government / regulator","How to Finance Your Home Renovation in Ontario: 6 Options (2026) — Build My Home Ltd","https://buildmyhomeltd.ca/blog.php?article=renovation-financing-options-ontario","buildmyhomeltd.ca","direct lender, brokerage, or specialist","https://propretty.ca/faq/","https://www.ratehub.ca/blog/should-you-use-a-personal-loan-for-renovations/","5","direct lender, brokerage, or specialist","commercial service / product page","Wins through exact local commercial intent, scenario specificity, speed/equity language, strong CTAs, and service-page relevance.","Commercially relevant but many pages rely on generic approval/speed claims, weak citations, opaque total cost, and little proof of exit planning.","Match the winners’ exact-query answer, commercial service / product page, Ontario/Canada terminology, scannable structure, definitions, risks, and a clear next step. Cite the strongest primary source instead of paraphrasing unsupported rules.","Add what the dominant direct lender, brokerage, or specialist results omit: borrower-specific decision logic, transparent assumptions, a worked Ontario scenario, all-in economics, document requirements, failure modes, and a route beyond the current product.","Underwrite the property and project together: scope, budget, contractor evidence, as-improved value, permits, working capital, draw timing, contingencies, and takeout—not merely a list of loan products.","Answer-first explainer + route selector + annotated example","Open with a 40–60 word answer to “how renovation loans work Ontario”; follow with answer-first explainer + route selector + annotated example; layer in underwrite the property and project together: scope, budget, contractor evidence, as-improved value, permits, working capital, draw timing, contingencies, and takeout—not merely a list of loan products. Support every material claim, answer the visible follow-up questions, and keep the full commercial pitch on /resources/renovation-financing-ontario.","Cite FSRA/FCAC/CMHC or Ontario primary sources; show brokerage #13827 and administrator #13828; attribute 28+ years and $1B+ funded to the principal broker with the July 14, 2026 methodology. Add a worked Ontario file with assumptions, timeline, verification points, contingency, and takeout source.","See which financing route fits","/borrowers/renovation-financing; /resources/heloc-vs-refinance-vs-renovation","Article/Service as appropriate + visible FAQPage","Semiannual","live web search, one exact query","2026-07-20","Canada/Ontario query modifiers; exact localization not guaranteed","medium — five live result references","volume/difficulty/backlinks unavailable-not-zero"
"KW-083","ways to finance home improvements Ontario","renovation","Renovation financing","L1","renovation-guide","/resources/renovation-financing-ontario","P1","How to Finance Your Home Renovation in Ontario: 6 Options (2026) — Build My Home Ltd","https://buildmyhomeltd.ca/blog.php?article=renovation-financing-options-ontario","buildmyhomeltd.ca","direct lender, brokerage, or specialist","Ontario/Canada aligned","Home Improvement Loans And 5 Borrowing Options In Ontario - LendToday.ca","https://www.lendtoday.ca/2025/04/home-improvement-loans-and-5-borrowing-options-in-ontario/","lendtoday.ca","direct lender, brokerage, or specialist","Fig Support","https://support.fig.ca/en/support/solutions/articles/151000211759-how-to-finance-your-home-improvement","support.fig.ca","direct lender, brokerage, or specialist","https://www.cmhc-schl.gc.ca/consumers/home-buying/mortgage-loan-insurance-for-consumers/cmhc-home-renovation-financing-options","https://renfi.ca/","5","direct lender, brokerage, or specialist","evergreen explainer / guide","Wins through exact local commercial intent, scenario specificity, speed/equity language, strong CTAs, and service-page relevance.","Commercially relevant but many pages rely on generic approval/speed claims, weak citations, opaque total cost, and little proof of exit planning.","Match the winners’ exact-query answer, evergreen explainer / guide, Ontario/Canada terminology, scannable structure, definitions, risks, and a clear next step. Cite the strongest primary source instead of paraphrasing unsupported rules.","Add what the dominant direct lender, brokerage, or specialist results omit: borrower-specific decision logic, transparent assumptions, a worked Ontario scenario, all-in economics, document requirements, failure modes, and a route beyond the current product.","Underwrite the property and project together: scope, budget, contractor evidence, as-improved value, permits, working capital, draw timing, contingencies, and takeout—not merely a list of loan products.","Answer-first section + worked scenario + focused CTA","Open with a 40–60 word answer to “ways to finance home improvements Ontario”; follow with answer-first section + worked scenario + focused cta; layer in underwrite the property and project together: scope, budget, contractor evidence, as-improved value, permits, working capital, draw timing, contingencies, and takeout—not merely a list of loan products. Support every material claim, answer the visible follow-up questions, and keep the full commercial pitch on /resources/renovation-financing-ontario.","Cite FSRA/FCAC/CMHC or Ontario primary sources; show brokerage #13827 and administrator #13828; attribute 28+ years and $1B+ funded to the principal broker with the July 14, 2026 methodology. Add a worked Ontario file with assumptions, timeline, verification points, contingency, and takeout source.","See which financing route fits","/borrowers/renovation-financing; /resources/heloc-vs-refinance-vs-renovation","Article/Service as appropriate + visible FAQPage","Semiannual","live web search, one exact query","2026-07-20","Canada/Ontario query modifiers; exact localization not guaranteed","medium — five live result references","volume/difficulty/backlinks unavailable-not-zero"
"KW-084","renovation mortgage explained Canada","renovation","Renovation financing","L1","renovation-guide","/resources/renovation-financing-ontario","P1","What is renovation mortgage financing? | Manulife Bank","https://www.manulifebank.ca/personal-banking/plan-and-learn/home-ownership/renovation-mortgage-financing.html","manulifebank.ca","bank / institutional product provider","Ontario/Canada aligned","Financing Options for Home Renovations | CMHC","https://www.cmhc-schl.gc.ca/consumers/home-buying/mortgage-loan-insurance-for-consumers/cmhc-home-renovation-financing-options","cmhc-schl.gc.ca","government / regulator","Renewing your mortgage - Canada.ca","https://www.canada.ca/en/financial-consumer-agency/services/mortgages/renew-mortgage.html","canada.ca","government / regulator","https://www.nbc.ca/personal/help-centre/mortgage/loan-application/how-to-finance-renovations-on-new-property.html","https://www.canada.ca/en/financial-consumer-agency/services/mortgages/choose-mortgage.html","5","government / regulator","evergreen explainer / guide","Wins trust through primary-source authority, exhaustive process coverage, neutral risk language, and durable internal linking.","Neutral and authoritative but rarely helps a borrower compare viable routes, model a file, or act with a focused document plan.","Match the winners’ exact-query answer, evergreen explainer / guide, Ontario/Canada terminology, scannable structure, definitions, risks, and a clear next step. Cite the strongest primary source instead of paraphrasing unsupported rules.","Add what the dominant government / regulator results omit: borrower-specific decision logic, transparent assumptions, a worked Ontario scenario, all-in economics, document requirements, failure modes, and a route beyond the current product.","Underwrite the property and project together: scope, budget, contractor evidence, as-improved value, permits, working capital, draw timing, contingencies, and takeout—not merely a list of loan products.","Answer-first explainer + route selector + annotated example","Open with a 40–60 word answer to “renovation mortgage explained Canada”; follow with answer-first explainer + route selector + annotated example; layer in underwrite the property and project together: scope, budget, contractor evidence, as-improved value, permits, working capital, draw timing, contingencies, and takeout—not merely a list of loan products. Support every material claim, answer the visible follow-up questions, and keep the full commercial pitch on /resources/renovation-financing-ontario.","Cite FSRA/FCAC/CMHC or Ontario primary sources; show brokerage #13827 and administrator #13828; attribute 28+ years and $1B+ funded to the principal broker with the July 14, 2026 methodology. Add a worked Ontario file with assumptions, timeline, verification points, contingency, and takeout source.","See which financing route fits","/borrowers/renovation-financing; /resources/heloc-vs-refinance-vs-renovation","Article/Service as appropriate + visible FAQPage","Semiannual","live web search, one exact query","2026-07-20","Canada/Ontario query modifiers; exact localization not guaranteed","medium — five live result references","volume/difficulty/backlinks unavailable-not-zero"
"KW-085","home renovation financing Ontario","renovation","Renovation financing","L2","renovation-guide","/resources/renovation-financing-ontario","P1","Ontario Home Renovation Loans, Financing & Debt Consolidation Loan Company","https://renfi.ca/","renfi.ca","direct lender, brokerage, or specialist","Ontario/Canada aligned","Finance - PD Home Renovations, Inc.","https://pdrenovations.ca/finance/","pdrenovations.ca","direct lender, brokerage, or specialist","How to Finance Your Home Renovation in Ontario: 6 Options (2026) — Build My Home Ltd","https://buildmyhomeltd.ca/blog.php?article=renovation-financing-options-ontario","buildmyhomeltd.ca","direct lender, brokerage, or specialist","https://www.advantecredit.com/","https://www.360lending.ca/products/home-improvement","5","direct lender, brokerage, or specialist","commercial service / product page","Wins through exact local commercial intent, scenario specificity, speed/equity language, strong CTAs, and service-page relevance.","Commercially relevant but many pages rely on generic approval/speed claims, weak citations, opaque total cost, and little proof of exit planning.","Match the winners’ exact-query answer, commercial service / product page, Ontario/Canada terminology, scannable structure, definitions, risks, and a clear next step. Cite the strongest primary source instead of paraphrasing unsupported rules.","Add what the dominant direct lender, brokerage, or specialist results omit: borrower-specific decision logic, transparent assumptions, a worked Ontario scenario, all-in economics, document requirements, failure modes, and a route beyond the current product.","Underwrite the property and project together: scope, budget, contractor evidence, as-improved value, permits, working capital, draw timing, contingencies, and takeout—not merely a list of loan products.","Service decision module + lender-tier route selector + focused intake","Open with a 40–60 word answer to “home renovation financing Ontario”; follow with service decision module + lender-tier route selector + focused intake; layer in underwrite the property and project together: scope, budget, contractor evidence, as-improved value, permits, working capital, draw timing, contingencies, and takeout—not merely a list of loan products. Support every material claim, answer the visible follow-up questions, and keep the full commercial pitch on /resources/renovation-financing-ontario.","Cite FSRA/FCAC/CMHC or Ontario primary sources; show brokerage #13827 and administrator #13828; attribute 28+ years and $1B+ funded to the principal broker with the July 14, 2026 methodology. Add a worked Ontario file with assumptions, timeline, verification points, contingency, and takeout source.","Pressure-test my scenario","/borrowers/renovation-financing; /resources/heloc-vs-refinance-vs-renovation","Article/Service as appropriate + visible FAQPage","Semiannual","live web search, one exact query","2026-07-20","Canada/Ontario query modifiers; exact localization not guaranteed","medium — five live result references","volume/difficulty/backlinks unavailable-not-zero"
"KW-086","renovation loan eligibility Ontario","renovation","Renovation financing","L2","renovation-guide","/resources/renovation-financing-ontario","P1","Ontario Home Renovation Loans, Financing & Debt Consolidation Loan Company","https://renfi.ca/","renfi.ca","direct lender, brokerage, or specialist","Ontario/Canada aligned","ORProgram","https://www.countyofrenfrew.on.ca/en/community-services/resources/Community-Housing/2024OntarioRenovates-application.pdf","countyofrenfrew.on.ca","direct lender, brokerage, or specialist","Ontario Renovates Program | HNHSS","https://www.hnhss.ca/housing-and-homelessness-services/housing-services/ontario-renovates-program/","hnhss.ca","direct lender, brokerage, or specialist","https://www.brantford.ca/living-here/housing-and-homeless-services/funding-for-home-repairs-and-home-ownership/","https://www.toronto.ca/community-people/housing-shelter/rental-housing-rights-information/multi-tenant-rooming-houses/multi-tenant-house-owners-operators/multi-tenant-house-renovation-repair-program/","5","direct lender, brokerage, or specialist","qualification process / checklist","Wins through exact local commercial intent, scenario specificity, speed/equity language, strong CTAs, and service-page relevance.","Commercially relevant but many pages rely on generic approval/speed claims, weak citations, opaque total cost, and little proof of exit planning.","Match the winners’ exact-query answer, qualification process / checklist, Ontario/Canada terminology, scannable structure, definitions, risks, and a clear next step. Cite the strongest primary source instead of paraphrasing unsupported rules.","Add what the dominant direct lender, brokerage, or specialist results omit: borrower-specific decision logic, transparent assumptions, a worked Ontario scenario, all-in economics, document requirements, failure modes, and a route beyond the current product.","Underwrite the property and project together: scope, budget, contractor evidence, as-improved value, permits, working capital, draw timing, contingencies, and takeout—not merely a list of loan products.","Document-readiness checklist + qualification decision tree","Open with a 40–60 word answer to “renovation loan eligibility Ontario”; follow with document-readiness checklist + qualification decision tree; layer in underwrite the property and project together: scope, budget, contractor evidence, as-improved value, permits, working capital, draw timing, contingencies, and takeout—not merely a list of loan products. Support every material claim, answer the visible follow-up questions, and keep the full commercial pitch on /resources/renovation-financing-ontario.","Cite FSRA/FCAC/CMHC or Ontario primary sources; show brokerage #13827 and administrator #13828; attribute 28+ years and $1B+ funded to the principal broker with the July 14, 2026 methodology. Add a worked Ontario file with assumptions, timeline, verification points, contingency, and takeout source.","Pressure-test my scenario","/borrowers/renovation-financing; /resources/heloc-vs-refinance-vs-renovation","Article/Service as appropriate + visible FAQPage","Semiannual","live web search, one exact query","2026-07-20","Canada/Ontario query modifiers; exact localization not guaranteed","medium — five live result references","volume/difficulty/backlinks unavailable-not-zero"
"KW-087","how much can I borrow for renovations","renovation","Renovation financing","L2","renovation-guide","/resources/renovation-financing-ontario","P1","Mortgages And Loans For Home Renovations","https://www.bankrate.com/mortgages/mortgages-pay-home-renovations/","bankrate.com","comparison publisher / finance media","geography unclear","Home Improvement loan calculator | Home remodeling cost","https://www.usbank.com/home-loans/home-improvement-loan-calculator.html","usbank.com","direct lender, brokerage, or specialist","How do you finance a major home renovation?","https://www.reddit.com/r/personalfinance/comments/1m7a3o3/how_do_you_finance_a_major_home_renovation/","reddit.com","community / forum","https://www.loandepot.com/learning-center/home-renovation/how-much-can-you-borrow-renovation-loan","https://www.hud.gov/hud-partners/single-family-fixing-home","5","direct lender, brokerage, or specialist","commercial service / product page","Wins through exact local commercial intent, scenario specificity, speed/equity language, strong CTAs, and service-page relevance.","Commercially relevant but many pages rely on generic approval/speed claims, weak citations, opaque total cost, and little proof of exit planning.","Match the winners’ exact-query answer, commercial service / product page, Ontario/Canada terminology, scannable structure, definitions, risks, and a clear next step. Cite the strongest primary source instead of paraphrasing unsupported rules.","Add what the dominant direct lender, brokerage, or specialist results omit: borrower-specific decision logic, transparent assumptions, a worked Ontario scenario, all-in economics, document requirements, failure modes, and a route beyond the current product.","Underwrite the property and project together: scope, budget, contractor evidence, as-improved value, permits, working capital, draw timing, contingencies, and takeout—not merely a list of loan products.","Answer-first section + worked scenario + focused CTA","Open with a 40–60 word answer to “how much can I borrow for renovations”; follow with answer-first section + worked scenario + focused cta; layer in underwrite the property and project together: scope, budget, contractor evidence, as-improved value, permits, working capital, draw timing, contingencies, and takeout—not merely a list of loan products. Support every material claim, answer the visible follow-up questions, and keep the full commercial pitch on /resources/renovation-financing-ontario.","Cite FSRA/FCAC/CMHC or Ontario primary sources; show brokerage #13827 and administrator #13828; attribute 28+ years and $1B+ funded to the principal broker with the July 14, 2026 methodology. Add a worked Ontario file with assumptions, timeline, verification points, contingency, and takeout source.","Pressure-test my scenario","/borrowers/renovation-financing; /resources/heloc-vs-refinance-vs-renovation","Article/Service as appropriate + visible FAQPage","Semiannual","live web search, one exact query","2026-07-20","Canada/Ontario query modifiers; exact localization not guaranteed","medium — five live result references","volume/difficulty/backlinks unavailable-not-zero"
"KW-088","renovation financing contractor quotes","renovation","Renovation financing","L2","renovation-guide","/resources/renovation-financing-ontario","P1","RenoFi for Contractors | RenoFi","https://www.renofi.com/contractors/","renofi.com","direct lender, brokerage, or specialist","geography unclear","How to Finance Home Renovations: 7 Options | Angi","https://www.angi.com/articles/how-to-finance-home-renovations-with-affirm.htm","angi.com","direct lender, brokerage, or specialist","Philadelphia Contractor Financing (2026): Offer Monthly Payments, Close More Jobs | Hearth","https://gethearth.com/philadelphia-financing/","gethearth.com","direct lender, brokerage, or specialist","https://reviewbook.app/guides/contractor-financing-for-home-improvements","https://build-folio.com/features/contractor-financing-widget/","5","direct lender, brokerage, or specialist","commercial service / product page","Wins through exact local commercial intent, scenario specificity, speed/equity language, strong CTAs, and service-page relevance.","Commercially relevant but many pages rely on generic approval/speed claims, weak citations, opaque total cost, and little proof of exit planning.","Match the winners’ exact-query answer, commercial service / product page, Ontario/Canada terminology, scannable structure, definitions, risks, and a clear next step. Cite the strongest primary source instead of paraphrasing unsupported rules.","Add what the dominant direct lender, brokerage, or specialist results omit: borrower-specific decision logic, transparent assumptions, a worked Ontario scenario, all-in economics, document requirements, failure modes, and a route beyond the current product.","Underwrite the property and project together: scope, budget, contractor evidence, as-improved value, permits, working capital, draw timing, contingencies, and takeout—not merely a list of loan products.","Service decision module + lender-tier route selector + focused intake","Open with a 40–60 word answer to “renovation financing contractor quotes”; follow with service decision module + lender-tier route selector + focused intake; layer in underwrite the property and project together: scope, budget, contractor evidence, as-improved value, permits, working capital, draw timing, contingencies, and takeout—not merely a list of loan products. Support every material claim, answer the visible follow-up questions, and keep the full commercial pitch on /resources/renovation-financing-ontario.","Cite FSRA/FCAC/CMHC or Ontario primary sources; show brokerage #13827 and administrator #13828; attribute 28+ years and $1B+ funded to the principal broker with the July 14, 2026 methodology. Add a worked Ontario file with assumptions, timeline, verification points, contingency, and takeout source.","Pressure-test my scenario","/borrowers/renovation-financing; /resources/heloc-vs-refinance-vs-renovation","Article/Service as appropriate + visible FAQPage","Semiannual","live web search, one exact query","2026-07-20","Canada/Ontario query modifiers; exact localization not guaranteed","medium — five live result references","volume/difficulty/backlinks unavailable-not-zero"
"KW-089","HELOC vs refinance for renovations","renovation","Renovation financing","L3","equity-comparison","/resources/heloc-vs-refinance-vs-renovation","P1","How to Use Home Equity for Remodeling","https://www.experian.com/blogs/ask-experian/how-to-use-home-equity-for-remodeling/","experian.com","comparison publisher / finance media","geography unclear","HELOC vs Home Equity Loan vs Refinance: Which One Fits Your Renovation Plan? - Homeowner.ca","https://www.homeowner.ca/a/heloc-vs-home-equity-loan-vs-refinance-which-one-fits-your-renovation-plan","homeowner.ca","direct lender, brokerage, or specialist","Cash-Out Refinance vs HELOC - Which Equity Option Is Best? | Zillow","https://www.zillow.com/learn/cash-out-refinance-vs-heloc/","zillow.com","direct lender, brokerage, or specialist","https://www.achieve.com/learn/home-equity-loans/heloc-vs-cash-out-refinance","https://www.rocketmortgage.com/learn/cash-out-refinance-vs-heloc","5","direct lender, brokerage, or specialist","comparison / decision guide","Wins through exact local commercial intent, scenario specificity, speed/equity language, strong CTAs, and service-page relevance.","Commercially relevant but many pages rely on generic approval/speed claims, weak citations, opaque total cost, and little proof of exit planning.","Match the winners’ exact-query answer, comparison / decision guide, Ontario/Canada terminology, scannable structure, definitions, risks, and a clear next step. Cite the strongest primary source instead of paraphrasing unsupported rules.","Add what the dominant direct lender, brokerage, or specialist results omit: borrower-specific decision logic, transparent assumptions, a worked Ontario scenario, all-in economics, document requirements, failure modes, and a route beyond the current product.","Underwrite the property and project together: scope, budget, contractor evidence, as-improved value, permits, working capital, draw timing, contingencies, and takeout—not merely a list of loan products.","Original comparison matrix + scenario calculator","Open with a 40–60 word answer to “HELOC vs refinance for renovations”; follow with original comparison matrix + scenario calculator; layer in underwrite the property and project together: scope, budget, contractor evidence, as-improved value, permits, working capital, draw timing, contingencies, and takeout—not merely a list of loan products. Support every material claim, answer the visible follow-up questions, and keep the full commercial pitch on /resources/heloc-vs-refinance-vs-renovation.","Cite FSRA/FCAC/CMHC or Ontario primary sources; show brokerage #13827 and administrator #13828; attribute 28+ years and $1B+ funded to the principal broker with the July 14, 2026 methodology. Add a worked Ontario file with assumptions, timeline, verification points, contingency, and takeout source.","Compare my realistic financing routes","/borrowers/heloc; /borrowers/renovation-financing; /borrowers/private-mortgage-financing","Article + WebApplication + visible FAQPage","Semiannual","live web search, one exact query","2026-07-20","Canada/Ontario query modifiers; exact localization not guaranteed","medium — five live result references","volume/difficulty/backlinks unavailable-not-zero"
"KW-090","renovation loan vs construction mortgage","renovation","Renovation financing","L3","equity-comparison","/resources/heloc-vs-refinance-vs-renovation","P1","What is a construction loan? | Consumer Financial Protection Bureau","https://www.consumerfinance.gov/ask-cfpb/what-is-a-construction-loan-en-108/","consumerfinance.gov","government / regulator","foreign/US context — localization gap","What Are Construction Loans And How Do They Work? | Bankrate","https://www.bankrate.com/mortgages/construction-loans-explained/","bankrate.com","comparison publisher / finance media","What Is a Construction Loan and How Does it Work? - NerdWallet","https://www.nerdwallet.com/mortgages/learn/construction-loans","nerdwallet.com","comparison publisher / finance media","https://www.midflorida.com/resources/insights-and-blogs/insights/mortgage/construction/what-is-the-difference-between-a-renovation-loan-a","https://www.finder.com/mortgages/construction-loans","5","comparison publisher / finance media","comparison / decision guide","Wins with exact-match headings, plain-language summaries, updated comparison tables, calculators, and broad long-tail coverage.","Broad and scannable but often generic, affiliate-led, thin on Ontario underwriting evidence, and disconnected from a real exit plan.","Match the winners’ exact-query answer, comparison / decision guide, Ontario/Canada terminology, scannable structure, definitions, risks, and a clear next step. Cite the strongest primary source instead of paraphrasing unsupported rules.","Add what the dominant comparison publisher / finance media results omit: borrower-specific decision logic, transparent assumptions, a worked Ontario scenario, all-in economics, document requirements, failure modes, and a route beyond the current product.","Underwrite the property and project together: scope, budget, contractor evidence, as-improved value, permits, working capital, draw timing, contingencies, and takeout—not merely a list of loan products.","Original comparison matrix + scenario calculator","Open with a 40–60 word answer to “renovation loan vs construction mortgage”; follow with original comparison matrix + scenario calculator; layer in underwrite the property and project together: scope, budget, contractor evidence, as-improved value, permits, working capital, draw timing, contingencies, and takeout—not merely a list of loan products. Support every material claim, answer the visible follow-up questions, and keep the full commercial pitch on /resources/heloc-vs-refinance-vs-renovation.","Cite FSRA/FCAC/CMHC or Ontario primary sources; show brokerage #13827 and administrator #13828; attribute 28+ years and $1B+ funded to the principal broker with the July 14, 2026 methodology. Add a worked Ontario file with assumptions, timeline, verification points, contingency, and takeout source.","Compare my realistic financing routes","/borrowers/heloc; /borrowers/renovation-financing; /borrowers/private-mortgage-financing","Article + WebApplication + visible FAQPage","Semiannual","live web search, one exact query","2026-07-20","Canada/Ontario query modifiers; exact localization not guaranteed","medium — five live result references","volume/difficulty/backlinks unavailable-not-zero"
"KW-091","purchase plus improvements vs HELOC","renovation","Renovation financing","L3","equity-comparison","/resources/heloc-vs-refinance-vs-renovation","P1","Purchase Plus Improvements — BC | Aman Nanda","https://www.amannanda.com/mortgage/purchase-plus-improvements/","amannanda.com","direct lender, brokerage, or specialist","geography unclear","Purchase Plus Improvements Mortgage Canada: Buy and Renovate With One Loan (2026) | WealthNorth","https://wealthnorth.ca/mortgages/purchase-plus-improvements-mortgage/","wealthnorth.ca","direct lender, brokerage, or specialist","Application Purpose - Purchase Plus Improvements","https://elearning.dhltd.com/expert_help/expert_en/Application_Purpose/Application_Purpose_-_Purchase_Plus_Improvements.htm","elearning.dhltd.com","bank / institutional product provider","https://www.ratehub.ca/blog/purchase-plus-improvements-mortgage//","https://wealthnorth.ca/mortgages/mortgage-types/purchase-plus-improvements-mortgage/","5","direct lender, brokerage, or specialist","comparison / decision guide","Wins through exact local commercial intent, scenario specificity, speed/equity language, strong CTAs, and service-page relevance.","Commercially relevant but many pages rely on generic approval/speed claims, weak citations, opaque total cost, and little proof of exit planning.","Match the winners’ exact-query answer, comparison / decision guide, Ontario/Canada terminology, scannable structure, definitions, risks, and a clear next step. Cite the strongest primary source instead of paraphrasing unsupported rules.","Add what the dominant direct lender, brokerage, or specialist results omit: borrower-specific decision logic, transparent assumptions, a worked Ontario scenario, all-in economics, document requirements, failure modes, and a route beyond the current product.","Underwrite the property and project together: scope, budget, contractor evidence, as-improved value, permits, working capital, draw timing, contingencies, and takeout—not merely a list of loan products.","Original comparison matrix + scenario calculator","Open with a 40–60 word answer to “purchase plus improvements vs HELOC”; follow with original comparison matrix + scenario calculator; layer in underwrite the property and project together: scope, budget, contractor evidence, as-improved value, permits, working capital, draw timing, contingencies, and takeout—not merely a list of loan products. Support every material claim, answer the visible follow-up questions, and keep the full commercial pitch on /resources/heloc-vs-refinance-vs-renovation.","Cite FSRA/FCAC/CMHC or Ontario primary sources; show brokerage #13827 and administrator #13828; attribute 28+ years and $1B+ funded to the principal broker with the July 14, 2026 methodology. Add a worked Ontario file with assumptions, timeline, verification points, contingency, and takeout source.","Compare my realistic financing routes","/borrowers/heloc; /borrowers/renovation-financing; /borrowers/private-mortgage-financing","Article + WebApplication + visible FAQPage","Semiannual","live web search, one exact query","2026-07-20","Canada/Ontario query modifiers; exact localization not guaranteed","medium — five live result references","volume/difficulty/backlinks unavailable-not-zero"
"KW-092","personal loan vs home equity for renovation","renovation","Renovation financing","L3","equity-comparison","/resources/heloc-vs-refinance-vs-renovation","P1","Should you use a personal loan for renovations? | Ratehub.ca","https://www.ratehub.ca/blog/should-you-use-a-personal-loan-for-renovations/","ratehub.ca","comparison publisher / finance media","Ontario/Canada aligned","Personal Loan Vs. Home Equity Loan: Which Is Better? | Bankrate","https://www.bankrate.com/loans/personal-loans/personal-loans-vs-home-equity-loans/","bankrate.com","comparison publisher / finance media","Personal Loan vs. Home Equity Loan: Which Is Best? - NerdWallet","https://www.nerdwallet.com/personal-loans/learn/home-equity-loan-vs-personal-loan","nerdwallet.com","comparison publisher / finance media","https://www.navyfederal.org/makingcents/home-ownership/heloc-home-equity-loan-vs-personal-loan.html","https://www.citi.com/personal-loans/learning-center/basics/home-equity-loans-vs-personal-loans","5","comparison publisher / finance media","comparison / decision guide","Wins with exact-match headings, plain-language summaries, updated comparison tables, calculators, and broad long-tail coverage.","Broad and scannable but often generic, affiliate-led, thin on Ontario underwriting evidence, and disconnected from a real exit plan.","Match the winners’ exact-query answer, comparison / decision guide, Ontario/Canada terminology, scannable structure, definitions, risks, and a clear next step. Cite the strongest primary source instead of paraphrasing unsupported rules.","Add what the dominant comparison publisher / finance media results omit: borrower-specific decision logic, transparent assumptions, a worked Ontario scenario, all-in economics, document requirements, failure modes, and a route beyond the current product.","Underwrite the property and project together: scope, budget, contractor evidence, as-improved value, permits, working capital, draw timing, contingencies, and takeout—not merely a list of loan products.","Original comparison matrix + scenario calculator","Open with a 40–60 word answer to “personal loan vs home equity for renovation”; follow with original comparison matrix + scenario calculator; layer in underwrite the property and project together: scope, budget, contractor evidence, as-improved value, permits, working capital, draw timing, contingencies, and takeout—not merely a list of loan products. Support every material claim, answer the visible follow-up questions, and keep the full commercial pitch on /resources/heloc-vs-refinance-vs-renovation.","Cite FSRA/FCAC/CMHC or Ontario primary sources; show brokerage #13827 and administrator #13828; attribute 28+ years and $1B+ funded to the principal broker with the July 14, 2026 methodology. Add a worked Ontario file with assumptions, timeline, verification points, contingency, and takeout source.","Compare my realistic financing routes","/borrowers/heloc; /borrowers/renovation-financing; /borrowers/private-mortgage-financing","Article + WebApplication + visible FAQPage","Semiannual","live web search, one exact query","2026-07-20","Canada/Ontario query modifiers; exact localization not guaranteed","medium — five live result references","volume/difficulty/backlinks unavailable-not-zero"
"KW-093","renovation financing lender Ontario","renovation","Renovation financing","L4","renovation-service","/borrowers/renovation-financing","P1","Financing Options for Home Renovations","https://www.cmhc-schl.gc.ca/consumers/home-buying/mortgage-loan-insurance-for-consumers/cmhc-home-renovation-financing-options","cmhc-schl.gc.ca","government / regulator","Ontario/Canada aligned","Home Improvement Loans - RBC Royal Bank","https://www.rbcroyalbank.com/loans-line-of-credit/home-improvement-loans.html","rbcroyalbank.com","bank / institutional product provider","Home Renovation Loan Options in Canada","https://wowa.ca/home-renovation-loan","wowa.ca","comparison publisher / finance media","https://www.tembofinancial.com/services/home-renovation-loans/","https://renfi.ca/","5","direct lender, brokerage, or specialist","commercial service / product page","Wins through exact local commercial intent, scenario specificity, speed/equity language, strong CTAs, and service-page relevance.","Commercially relevant but many pages rely on generic approval/speed claims, weak citations, opaque total cost, and little proof of exit planning.","Match the winners’ exact-query answer, commercial service / product page, Ontario/Canada terminology, scannable structure, definitions, risks, and a clear next step. Cite the strongest primary source instead of paraphrasing unsupported rules.","Add what the dominant direct lender, brokerage, or specialist results omit: borrower-specific decision logic, transparent assumptions, a worked Ontario scenario, all-in economics, document requirements, failure modes, and a route beyond the current product.","Underwrite the property and project together: scope, budget, contractor evidence, as-improved value, permits, working capital, draw timing, contingencies, and takeout—not merely a list of loan products.","Service decision module + lender-tier route selector + focused intake","Open with a 40–60 word answer to “renovation financing lender Ontario”; follow with service decision module + lender-tier route selector + focused intake; layer in underwrite the property and project together: scope, budget, contractor evidence, as-improved value, permits, working capital, draw timing, contingencies, and takeout—not merely a list of loan products. Support every material claim, answer the visible follow-up questions, and keep the full commercial pitch on /borrowers/renovation-financing.","Cite FSRA/FCAC/CMHC or Ontario primary sources; show brokerage #13827 and administrator #13828; attribute 28+ years and $1B+ funded to the principal broker with the July 14, 2026 methodology. Add a worked Ontario file with assumptions, timeline, verification points, contingency, and takeout source.","Get a focused eligibility and document review","/resources/renovation-financing-ontario; /resources/heloc-vs-refinance-vs-renovation; /borrowers/heloc","Article/Service as appropriate + visible FAQPage","Semiannual","live web search, one exact query","2026-07-20","Canada/Ontario query modifiers; exact localization not guaranteed","medium — five live result references","volume/difficulty/backlinks unavailable-not-zero"
"KW-094","purchase plus improvements mortgage Ontario","renovation","Renovation financing","L4","renovation-service","/borrowers/renovation-financing","P1","Purchase Plus Improvements Program","https://www.sagen.ca/products-and-services/purchase-plus-improvements/","sagen.ca","direct lender, brokerage, or specialist","Ontario/Canada aligned","Q: Why won't most/all lenders allow for some 'Home ...","https://www.reddit.com/r/MortgagesCanada/comments/1e4x8k8/q_why_wont_mostall_lenders_allow_for_some_home/","reddit.com","community / forum","Understanding Purchase Plus Improvements Mortgages for ...","https://www.gertmartens.ca/post/understanding-purchase-plus-improvements-mortgages-for-home-renovations-in-canada","gertmartens.ca","direct lender, brokerage, or specialist","https://www.cmhc-schl.gc.ca/professionals/project-funding-and-mortgage-financing/mortgage-loan-insurance/mortgage-loan-insurance-homeownership-programs/improvement","https://www.nesto.ca/purchase-plus-improvement/","5","direct lender, brokerage, or specialist","commercial service / product page","Wins through exact local commercial intent, scenario specificity, speed/equity language, strong CTAs, and service-page relevance.","Commercially relevant but many pages rely on generic approval/speed claims, weak citations, opaque total cost, and little proof of exit planning.","Match the winners’ exact-query answer, commercial service / product page, Ontario/Canada terminology, scannable structure, definitions, risks, and a clear next step. Cite the strongest primary source instead of paraphrasing unsupported rules.","Add what the dominant direct lender, brokerage, or specialist results omit: borrower-specific decision logic, transparent assumptions, a worked Ontario scenario, all-in economics, document requirements, failure modes, and a route beyond the current product.","Underwrite the property and project together: scope, budget, contractor evidence, as-improved value, permits, working capital, draw timing, contingencies, and takeout—not merely a list of loan products.","Answer-first section + worked scenario + focused CTA","Open with a 40–60 word answer to “purchase plus improvements mortgage Ontario”; follow with answer-first section + worked scenario + focused cta; layer in underwrite the property and project together: scope, budget, contractor evidence, as-improved value, permits, working capital, draw timing, contingencies, and takeout—not merely a list of loan products. Support every material claim, answer the visible follow-up questions, and keep the full commercial pitch on /borrowers/renovation-financing.","Cite FSRA/FCAC/CMHC or Ontario primary sources; show brokerage #13827 and administrator #13828; attribute 28+ years and $1B+ funded to the principal broker with the July 14, 2026 methodology. Add a worked Ontario file with assumptions, timeline, verification points, contingency, and takeout source.","Get a focused eligibility and document review","/resources/renovation-financing-ontario; /resources/heloc-vs-refinance-vs-renovation; /borrowers/heloc","Article/Service as appropriate + visible FAQPage","Semiannual","live web search, one exact query","2026-07-20","Canada/Ontario query modifiers; exact localization not guaranteed","medium — five live result references","volume/difficulty/backlinks unavailable-not-zero"
"KW-095","home improvement loan broker Ontario","renovation","Renovation financing","L4","renovation-service","/borrowers/renovation-financing","P1","Home Improvement Loan for Renovations Canada | 360Lending","https://www.360lending.ca/products/home-improvement","360lending.ca","direct lender, brokerage, or specialist","Ontario/Canada aligned","Alternative Mortgage Broker in Ontario | Turnedaway.ca","https://www.turnedaway.ca/","turnedaway.ca","direct lender, brokerage, or specialist","Award-Winning Online Mortgage Brokerage Ontario | 360Lending","https://www.360lending.ca/","360lending.ca","direct lender, brokerage, or specialist","https://fastmortgages.ca/","https://bestratesgta.ca/","5","direct lender, brokerage, or specialist","commercial service / product page","Wins through exact local commercial intent, scenario specificity, speed/equity language, strong CTAs, and service-page relevance.","Commercially relevant but many pages rely on generic approval/speed claims, weak citations, opaque total cost, and little proof of exit planning.","Match the winners’ exact-query answer, commercial service / product page, Ontario/Canada terminology, scannable structure, definitions, risks, and a clear next step. Cite the strongest primary source instead of paraphrasing unsupported rules.","Add what the dominant direct lender, brokerage, or specialist results omit: borrower-specific decision logic, transparent assumptions, a worked Ontario scenario, all-in economics, document requirements, failure modes, and a route beyond the current product.","Underwrite the property and project together: scope, budget, contractor evidence, as-improved value, permits, working capital, draw timing, contingencies, and takeout—not merely a list of loan products.","Service decision module + lender-tier route selector + focused intake","Open with a 40–60 word answer to “home improvement loan broker Ontario”; follow with service decision module + lender-tier route selector + focused intake; layer in underwrite the property and project together: scope, budget, contractor evidence, as-improved value, permits, working capital, draw timing, contingencies, and takeout—not merely a list of loan products. Support every material claim, answer the visible follow-up questions, and keep the full commercial pitch on /borrowers/renovation-financing.","Cite FSRA/FCAC/CMHC or Ontario primary sources; show brokerage #13827 and administrator #13828; attribute 28+ years and $1B+ funded to the principal broker with the July 14, 2026 methodology. Add a worked Ontario file with assumptions, timeline, verification points, contingency, and takeout source.","Get a focused eligibility and document review","/resources/renovation-financing-ontario; /resources/heloc-vs-refinance-vs-renovation; /borrowers/heloc","Article/Service as appropriate + visible FAQPage","Semiannual","live web search, one exact query","2026-07-20","Canada/Ontario query modifiers; exact localization not guaranteed","medium — five live result references","volume/difficulty/backlinks unavailable-not-zero"
"KW-096","renovation mortgage appraisal requirements","renovation","Renovation financing","L4","renovation-service","/borrowers/renovation-financing","P1","HomeStyle Renovation Mortgages: Collateral Considerations | Fannie Mae","https://selling-guide.fanniemae.com/sel/b5-3.2-03/homestyle-renovation-mortgages-collateral-considerations","selling-guide.fanniemae.com","direct lender, brokerage, or specialist","foreign/US context — localization gap","Interagency Appraisal and Evaluation Guidelines","https://www.federalreserve.gov/frrs/guidance/interagency-appraisal-and-evaluation-guidelines.htm","federalreserve.gov","government / regulator","APPENDIX N—Higher-Priced Mortgage Loan Appraisal Safe Harbor Review","https://www.federalreserve.gov/frrs/regulations/appendix-n-higher-priced-mortgage-loan-appraisal-safe-harbor-review-reg-z.htm","federalreserve.gov","government / regulator","https://www.law.cornell.edu/cfr/text/12/appendix-A_to_subpart_G_of_part_34","https://servicing-guide.fanniemae.com/svc/d1-2-01/renovation-mortgage-loans","5","direct lender, brokerage, or specialist","qualification process / checklist","Wins through exact local commercial intent, scenario specificity, speed/equity language, strong CTAs, and service-page relevance.","Commercially relevant but many pages rely on generic approval/speed claims, weak citations, opaque total cost, and little proof of exit planning.","Match the winners’ exact-query answer, qualification process / checklist, Ontario/Canada terminology, scannable structure, definitions, risks, and a clear next step. Cite the strongest primary source instead of paraphrasing unsupported rules.","Add what the dominant direct lender, brokerage, or specialist results omit: borrower-specific decision logic, transparent assumptions, a worked Ontario scenario, all-in economics, document requirements, failure modes, and a route beyond the current product.","Underwrite the property and project together: scope, budget, contractor evidence, as-improved value, permits, working capital, draw timing, contingencies, and takeout—not merely a list of loan products.","Document-readiness checklist + qualification decision tree","Open with a 40–60 word answer to “renovation mortgage appraisal requirements”; follow with document-readiness checklist + qualification decision tree; layer in underwrite the property and project together: scope, budget, contractor evidence, as-improved value, permits, working capital, draw timing, contingencies, and takeout—not merely a list of loan products. Support every material claim, answer the visible follow-up questions, and keep the full commercial pitch on /borrowers/renovation-financing.","Cite FSRA/FCAC/CMHC or Ontario primary sources; show brokerage #13827 and administrator #13828; attribute 28+ years and $1B+ funded to the principal broker with the July 14, 2026 methodology. Add a worked Ontario file with assumptions, timeline, verification points, contingency, and takeout source.","Get a focused eligibility and document review","/resources/renovation-financing-ontario; /resources/heloc-vs-refinance-vs-renovation; /borrowers/heloc","Article/Service as appropriate + visible FAQPage","Semiannual","live web search, one exact query","2026-07-20","Canada/Ontario query modifiers; exact localization not guaranteed","medium — five live result references","volume/difficulty/backlinks unavailable-not-zero"
"KW-097","renovation cost overrun financing Ontario","renovation","Renovation financing","L5","renovation-service","/borrowers/renovation-financing","P1","Financing Options for Home Renovations","https://www.cmhc-schl.gc.ca/consumers/home-buying/mortgage-loan-insurance-for-consumers/cmhc-home-renovation-financing-options","cmhc-schl.gc.ca","government / regulator","Ontario/Canada aligned","2025 Long-Term Care Home Capital Funding Policy","https://www.ontario.ca/page/2025-long-term-care-home-capital-funding-policy","ontario.ca","government / regulator","Financing Options For Home Renovation In Toronto","https://csgrenovation.ca/our-services/renovation-financing-toronto/","csgrenovation.ca","direct lender, brokerage, or specialist","https://www.canada.ca/en/department-finance/news/2024/12/2024-fall-economic-statement-making-it-easier-for-homeowners-to-build-secondary-suites.html","https://simcoe.ca/wp-content/uploads/2024/01/Fact-Sheet-Ontario-Renovates-Repairs-2023-2024.pdf","5","government / regulator","consumer guidance","Wins trust through primary-source authority, exhaustive process coverage, neutral risk language, and durable internal linking.","Neutral and authoritative but rarely helps a borrower compare viable routes, model a file, or act with a focused document plan.","Match the winners’ exact-query answer, consumer guidance, Ontario/Canada terminology, scannable structure, definitions, risks, and a clear next step. Cite the strongest primary source instead of paraphrasing unsupported rules.","Add what the dominant government / regulator results omit: borrower-specific decision logic, transparent assumptions, a worked Ontario scenario, all-in economics, document requirements, failure modes, and a route beyond the current product.","Underwrite the property and project together: scope, budget, contractor evidence, as-improved value, permits, working capital, draw timing, contingencies, and takeout—not merely a list of loan products.","All-in cost calculator + worked Ontario examples","Open with a 40–60 word answer to “renovation cost overrun financing Ontario”; follow with all-in cost calculator + worked ontario examples; layer in underwrite the property and project together: scope, budget, contractor evidence, as-improved value, permits, working capital, draw timing, contingencies, and takeout—not merely a list of loan products. Support every material claim, answer the visible follow-up questions, and keep the full commercial pitch on /borrowers/renovation-financing.","Cite FSRA/FCAC/CMHC or Ontario primary sources; show brokerage #13827 and administrator #13828; attribute 28+ years and $1B+ funded to the principal broker with the July 14, 2026 methodology. Add a worked Ontario file with assumptions, timeline, verification points, contingency, and takeout source.","Request a time-sensitive scenario triage","/resources/renovation-financing-ontario; /resources/heloc-vs-refinance-vs-renovation; /borrowers/heloc","Article + WebApplication + visible FAQPage","Quarterly and after material policy/rate change","live web search, one exact query","2026-07-20","Canada/Ontario query modifiers; exact localization not guaranteed","medium — five live result references","volume/difficulty/backlinks unavailable-not-zero"
"KW-098","urgent home improvement loan Ontario","renovation","Renovation financing","L5","renovation-service","/borrowers/renovation-financing","P1","URGENT Definition & Meaning","https://www.merriam-webster.com/dictionary/urgent","merriam-webster.com","direct lender, brokerage, or specialist","geography unclear","Urgent - song and lyrics by Foreigner","https://open.spotify.com/track/08onVqQ8YicJ98Ycm1qoLf","open.spotify.com","direct lender, brokerage, or specialist","URGENT Synonyms & Antonyms - 95 words","https://www.thesaurus.com/browse/urgent","thesaurus.com","direct lender, brokerage, or specialist","https://en.wiktionary.org/wiki/urgent","https://dictionary.cambridge.org/us/dictionary/english/urgent","5","direct lender, brokerage, or specialist","commercial service / product page","Wins through exact local commercial intent, scenario specificity, speed/equity language, strong CTAs, and service-page relevance.","Commercially relevant but many pages rely on generic approval/speed claims, weak citations, opaque total cost, and little proof of exit planning.","Match the winners’ exact-query answer, commercial service / product page, Ontario/Canada terminology, scannable structure, definitions, risks, and a clear next step. Cite the strongest primary source instead of paraphrasing unsupported rules.","Add what the dominant direct lender, brokerage, or specialist results omit: borrower-specific decision logic, transparent assumptions, a worked Ontario scenario, all-in economics, document requirements, failure modes, and a route beyond the current product.","Underwrite the property and project together: scope, budget, contractor evidence, as-improved value, permits, working capital, draw timing, contingencies, and takeout—not merely a list of loan products.","Deadline triage flow + evidence checklist + sober risk notice","Open with a 40–60 word answer to “urgent home improvement loan Ontario”; follow with deadline triage flow + evidence checklist + sober risk notice; layer in underwrite the property and project together: scope, budget, contractor evidence, as-improved value, permits, working capital, draw timing, contingencies, and takeout—not merely a list of loan products. Support every material claim, answer the visible follow-up questions, and keep the full commercial pitch on /borrowers/renovation-financing.","Cite FSRA/FCAC/CMHC or Ontario primary sources; show brokerage #13827 and administrator #13828; attribute 28+ years and $1B+ funded to the principal broker with the July 14, 2026 methodology. Add a worked Ontario file with assumptions, timeline, verification points, contingency, and takeout source.","Request a time-sensitive scenario triage","/resources/renovation-financing-ontario; /resources/heloc-vs-refinance-vs-renovation; /borrowers/heloc","Article/Service as appropriate + visible FAQPage","Semiannual","live web search, one exact query","2026-07-20","Canada/Ontario query modifiers; exact localization not guaranteed","medium — five live result references","volume/difficulty/backlinks unavailable-not-zero"
"KW-099","unfinished renovation financing Ontario","renovation","Renovation financing","L5","renovation-service","/borrowers/renovation-financing","P1","Ontario Home Renovation Loans, Financing & Debt Consolidation Loan Company","https://renfi.ca/","renfi.ca","direct lender, brokerage, or specialist","Ontario/Canada aligned","Finance - PD Home Renovations, Inc.","https://pdrenovations.ca/finance/","pdrenovations.ca","direct lender, brokerage, or specialist","Finance Your Home Renovation | Yorkland Homes","https://www.yorklandhomes.ca/financing/","yorklandhomes.ca","direct lender, brokerage, or specialist","https://www.leoconstra.com/financing","https://monstermortgage.ca/service/renovation-construction-financing/","5","direct lender, brokerage, or specialist","commercial service / product page","Wins through exact local commercial intent, scenario specificity, speed/equity language, strong CTAs, and service-page relevance.","Commercially relevant but many pages rely on generic approval/speed claims, weak citations, opaque total cost, and little proof of exit planning.","Match the winners’ exact-query answer, commercial service / product page, Ontario/Canada terminology, scannable structure, definitions, risks, and a clear next step. Cite the strongest primary source instead of paraphrasing unsupported rules.","Add what the dominant direct lender, brokerage, or specialist results omit: borrower-specific decision logic, transparent assumptions, a worked Ontario scenario, all-in economics, document requirements, failure modes, and a route beyond the current product.","Underwrite the property and project together: scope, budget, contractor evidence, as-improved value, permits, working capital, draw timing, contingencies, and takeout—not merely a list of loan products.","Service decision module + lender-tier route selector + focused intake","Open with a 40–60 word answer to “unfinished renovation financing Ontario”; follow with service decision module + lender-tier route selector + focused intake; layer in underwrite the property and project together: scope, budget, contractor evidence, as-improved value, permits, working capital, draw timing, contingencies, and takeout—not merely a list of loan products. Support every material claim, answer the visible follow-up questions, and keep the full commercial pitch on /borrowers/renovation-financing.","Cite FSRA/FCAC/CMHC or Ontario primary sources; show brokerage #13827 and administrator #13828; attribute 28+ years and $1B+ funded to the principal broker with the July 14, 2026 methodology. Add a worked Ontario file with assumptions, timeline, verification points, contingency, and takeout source.","Request a time-sensitive scenario triage","/resources/renovation-financing-ontario; /resources/heloc-vs-refinance-vs-renovation; /borrowers/heloc","Article/Service as appropriate + visible FAQPage","Semiannual","live web search, one exact query","2026-07-20","Canada/Ontario query modifiers; exact localization not guaranteed","medium — five live result references","volume/difficulty/backlinks unavailable-not-zero"
"KW-100","renovation draw funding delay Ontario","renovation","Renovation financing","L5","renovation-service","/borrowers/renovation-financing","P1","Ontario and Canada Open Applications for New Development Charge Reduction Program | Ontario Newsroom","https://news.ontario.ca/en/release/1007531/ontario-and-canada-open-applications-for-new-development-charge-reduction-program","news.ontario.ca","direct lender, brokerage, or specialist","Ontario/Canada aligned","Private Construction and Renovation Loan Ontario","https://www.lendworth.ca/blog/lendworth-blog-1/private-construction-and-renovation-loan-ontario-655","lendworth.ca","direct lender, brokerage, or specialist","Ontario Rewards Thunder Bay With More Than $700,000 Through the Building Faster Fund | Ontario Newsroom","https://news.ontario.ca/en/release/1007716/ontario-rewards-thunder-bay-with-more-than-700000-through-the-building-faster-fund","news.ontario.ca","direct lender, brokerage, or specialist","https://www.toronto.ca/legdocs/mmis/2025/ia/bgrd/backgroundfile-259266.pdf","https://insightlawfirm.ca/construction-draw-mortgage-in-ontario/","5","direct lender, brokerage, or specialist","commercial service / product page","Wins through exact local commercial intent, scenario specificity, speed/equity language, strong CTAs, and service-page relevance.","Commercially relevant but many pages rely on generic approval/speed claims, weak citations, opaque total cost, and little proof of exit planning.","Match the winners’ exact-query answer, commercial service / product page, Ontario/Canada terminology, scannable structure, definitions, risks, and a clear next step. Cite the strongest primary source instead of paraphrasing unsupported rules.","Add what the dominant direct lender, brokerage, or specialist results omit: borrower-specific decision logic, transparent assumptions, a worked Ontario scenario, all-in economics, document requirements, failure modes, and a route beyond the current product.","Underwrite the property and project together: scope, budget, contractor evidence, as-improved value, permits, working capital, draw timing, contingencies, and takeout—not merely a list of loan products.","Answer-first section + worked scenario + focused CTA","Open with a 40–60 word answer to “renovation draw funding delay Ontario”; follow with answer-first section + worked scenario + focused cta; layer in underwrite the property and project together: scope, budget, contractor evidence, as-improved value, permits, working capital, draw timing, contingencies, and takeout—not merely a list of loan products. Support every material claim, answer the visible follow-up questions, and keep the full commercial pitch on /borrowers/renovation-financing.","Cite FSRA/FCAC/CMHC or Ontario primary sources; show brokerage #13827 and administrator #13828; attribute 28+ years and $1B+ funded to the principal broker with the July 14, 2026 methodology. Add a worked Ontario file with assumptions, timeline, verification points, contingency, and takeout source.","Request a time-sensitive scenario triage","/resources/renovation-financing-ontario; /resources/heloc-vs-refinance-vs-renovation; /borrowers/heloc","Article/Service as appropriate + visible FAQPage","Semiannual","live web search, one exact query","2026-07-20","Canada/Ontario query modifiers; exact localization not guaranteed","medium — five live result references","volume/difficulty/backlinks unavailable-not-zero"
"KW-101","what is bridge financing in Canada","bridge","Bridge financing","L1","bridge-guide","/resources/bridge-financing-ontario","P1","What Is Bridge Financing in Canada? | Mortgage Squad","https://www.mortgagesquad.ca/blog/what-is-bridge-financing-in-canada","mortgagesquad.ca","direct lender, brokerage, or specialist","Ontario/Canada aligned","Bridge Financing | Ratehub.ca","https://www.ratehub.ca/bridge-financing","ratehub.ca","comparison publisher / finance media","Bridge Financing Canada | HomeEquity Bank","https://www.chip.ca/reverse-mortgage-resources/retirement-planning/bridge-financing-canada/","chip.ca","direct lender, brokerage, or specialist","https://wahi.com/ca/en/learning-centre/real-estate-101/buy/bridge-financing/","https://www.td.com/ca/en/personal-banking/products/mortgages/financing-between-homes","5","direct lender, brokerage, or specialist","evergreen explainer / guide","Wins through exact local commercial intent, scenario specificity, speed/equity language, strong CTAs, and service-page relevance.","Commercially relevant but many pages rely on generic approval/speed claims, weak citations, opaque total cost, and little proof of exit planning.","Match the winners’ exact-query answer, evergreen explainer / guide, Ontario/Canada terminology, scannable structure, definitions, risks, and a clear next step. Cite the strongest primary source instead of paraphrasing unsupported rules.","Add what the dominant direct lender, brokerage, or specialist results omit: borrower-specific decision logic, transparent assumptions, a worked Ontario scenario, all-in economics, document requirements, failure modes, and a route beyond the current product.","Model the actual closing gap, firm-sale status, available equity, carrying cost, term, payout source, and failure modes; compare bank bridge, HELOC, refinance, and private bridge as one capital decision.","Answer-first explainer + route selector + annotated example","Open with a 40–60 word answer to “what is bridge financing in Canada”; follow with answer-first explainer + route selector + annotated example; layer in model the actual closing gap, firm-sale status, available equity, carrying cost, term, payout source, and failure modes; compare bank bridge, HELOC, refinance, and private bridge as one capital decision. Support every material claim, answer the visible follow-up questions, and keep the full commercial pitch on /resources/bridge-financing-ontario.","Cite FSRA/FCAC/CMHC or Ontario primary sources; show brokerage #13827 and administrator #13828; attribute 28+ years and $1B+ funded to the principal broker with the July 14, 2026 methodology. Add a worked Ontario file with assumptions, timeline, verification points, contingency, and takeout source.","See which financing route fits","/borrowers/bridge-financing; /borrowers/private-mortgage-financing; /borrowers/heloc","Article/Service as appropriate + visible FAQPage","Semiannual","live web search, one exact query","2026-07-20","Canada/Ontario query modifiers; exact localization not guaranteed","medium — five live result references","volume/difficulty/backlinks unavailable-not-zero"
"KW-102","how does a bridge loan work Ontario","bridge","Bridge financing","L1","bridge-guide","/resources/bridge-financing-ontario","P1","Ontario Bridge Financing: Buying Before Selling | Best Rates","https://bestrates.ca/ontario-bridge-financing-guide","bestrates.ca","comparison publisher / finance media","Ontario/Canada aligned","Bridge Financing in Ontario: Buying Before You've Sold | Hassan Nouman","https://hassann.ca/blog/bridge-financing-ontario","hassann.ca","direct lender, brokerage, or specialist","Bridge Financing Explained — How Bridge Loans Work in Canada | WealthNorth","https://wealthnorth.ca/mortgages/bridge-financing-explained-canada/","wealthnorth.ca","direct lender, brokerage, or specialist","https://www.chip.ca/reverse-mortgage-resources/retirement-planning/bridge-financing-canada/","https://www.lendworth.ca/bridge-loans","5","direct lender, brokerage, or specialist","evergreen explainer / guide","Wins through exact local commercial intent, scenario specificity, speed/equity language, strong CTAs, and service-page relevance.","Commercially relevant but many pages rely on generic approval/speed claims, weak citations, opaque total cost, and little proof of exit planning.","Match the winners’ exact-query answer, evergreen explainer / guide, Ontario/Canada terminology, scannable structure, definitions, risks, and a clear next step. Cite the strongest primary source instead of paraphrasing unsupported rules.","Add what the dominant direct lender, brokerage, or specialist results omit: borrower-specific decision logic, transparent assumptions, a worked Ontario scenario, all-in economics, document requirements, failure modes, and a route beyond the current product.","Model the actual closing gap, firm-sale status, available equity, carrying cost, term, payout source, and failure modes; compare bank bridge, HELOC, refinance, and private bridge as one capital decision.","Answer-first explainer + route selector + annotated example","Open with a 40–60 word answer to “how does a bridge loan work Ontario”; follow with answer-first explainer + route selector + annotated example; layer in model the actual closing gap, firm-sale status, available equity, carrying cost, term, payout source, and failure modes; compare bank bridge, HELOC, refinance, and private bridge as one capital decision. Support every material claim, answer the visible follow-up questions, and keep the full commercial pitch on /resources/bridge-financing-ontario.","Cite FSRA/FCAC/CMHC or Ontario primary sources; show brokerage #13827 and administrator #13828; attribute 28+ years and $1B+ funded to the principal broker with the July 14, 2026 methodology. Add a worked Ontario file with assumptions, timeline, verification points, contingency, and takeout source.","See which financing route fits","/borrowers/bridge-financing; /borrowers/private-mortgage-financing; /borrowers/heloc","Article/Service as appropriate + visible FAQPage","Semiannual","live web search, one exact query","2026-07-20","Canada/Ontario query modifiers; exact localization not guaranteed","medium — five live result references","volume/difficulty/backlinks unavailable-not-zero"
"KW-103","bridge mortgage explained Canada","bridge","Bridge financing","L1","bridge-guide","/resources/bridge-financing-ontario","P1","Bridge Financing Explained — How Bridge Loans Work in Canada | WealthNorth","https://wealthnorth.ca/mortgages/bridge-financing-explained-canada/","wealthnorth.ca","direct lender, brokerage, or specialist","Ontario/Canada aligned","Getting a Bridge Loan In Canada - NerdWallet Canada","https://www.nerdwallet.com/ca/p/article/mortgages/what-is-bridge-loan","nerdwallet.com","comparison publisher / finance media","Bridge Financing Canada | HomeEquity Bank","https://www.chip.ca/reverse-mortgage-resources/retirement-planning/bridge-financing-canada/","chip.ca","direct lender, brokerage, or specialist","https://money.ca/mortgages/homebuying/bridge-financing-loan","https://bestrates.ca/bridge-financing-explained-canada","5","comparison publisher / finance media","evergreen explainer / guide","Wins with exact-match headings, plain-language summaries, updated comparison tables, calculators, and broad long-tail coverage.","Broad and scannable but often generic, affiliate-led, thin on Ontario underwriting evidence, and disconnected from a real exit plan.","Match the winners’ exact-query answer, evergreen explainer / guide, Ontario/Canada terminology, scannable structure, definitions, risks, and a clear next step. Cite the strongest primary source instead of paraphrasing unsupported rules.","Add what the dominant comparison publisher / finance media results omit: borrower-specific decision logic, transparent assumptions, a worked Ontario scenario, all-in economics, document requirements, failure modes, and a route beyond the current product.","Model the actual closing gap, firm-sale status, available equity, carrying cost, term, payout source, and failure modes; compare bank bridge, HELOC, refinance, and private bridge as one capital decision.","Answer-first explainer + route selector + annotated example","Open with a 40–60 word answer to “bridge mortgage explained Canada”; follow with answer-first explainer + route selector + annotated example; layer in model the actual closing gap, firm-sale status, available equity, carrying cost, term, payout source, and failure modes; compare bank bridge, HELOC, refinance, and private bridge as one capital decision. Support every material claim, answer the visible follow-up questions, and keep the full commercial pitch on /resources/bridge-financing-ontario.","Cite FSRA/FCAC/CMHC or Ontario primary sources; show brokerage #13827 and administrator #13828; attribute 28+ years and $1B+ funded to the principal broker with the July 14, 2026 methodology. Add a worked Ontario file with assumptions, timeline, verification points, contingency, and takeout source.","See which financing route fits","/borrowers/bridge-financing; /borrowers/private-mortgage-financing; /borrowers/heloc","Article/Service as appropriate + visible FAQPage","Semiannual","live web search, one exact query","2026-07-20","Canada/Ontario query modifiers; exact localization not guaranteed","medium — five live result references","volume/difficulty/backlinks unavailable-not-zero"
"KW-104","when do you need bridge financing","bridge","Bridge financing","L1","bridge-guide","/resources/bridge-financing-ontario","P1","What is a bridge loan and how does it work for businesses | Xero US","https://www.xero.com/us/guides/bridge-loan/","xero.com","direct lender, brokerage, or specialist","geography unclear","What Is a Bridge Loan?","https://www.experian.com/blogs/ask-experian/what-is-a-bridge-loan/","experian.com","comparison publisher / finance media","What Is A Bridge Loan And How Does It Work? | Bankrate","https://www.bankrate.com/mortgages/bridge-loan/","bankrate.com","comparison publisher / finance media","https://www.chase.com/personal/mortgage/education/financing-a-home/what-is-a-bridge-loan","https://www.rocketmortgage.com/learn/bridge-loan","5","comparison publisher / finance media","evergreen explainer / guide","Wins with exact-match headings, plain-language summaries, updated comparison tables, calculators, and broad long-tail coverage.","Broad and scannable but often generic, affiliate-led, thin on Ontario underwriting evidence, and disconnected from a real exit plan.","Match the winners’ exact-query answer, evergreen explainer / guide, Ontario/Canada terminology, scannable structure, definitions, risks, and a clear next step. Cite the strongest primary source instead of paraphrasing unsupported rules.","Add what the dominant comparison publisher / finance media results omit: borrower-specific decision logic, transparent assumptions, a worked Ontario scenario, all-in economics, document requirements, failure modes, and a route beyond the current product.","Model the actual closing gap, firm-sale status, available equity, carrying cost, term, payout source, and failure modes; compare bank bridge, HELOC, refinance, and private bridge as one capital decision.","Service decision module + lender-tier route selector + focused intake","Open with a 40–60 word answer to “when do you need bridge financing”; follow with service decision module + lender-tier route selector + focused intake; layer in model the actual closing gap, firm-sale status, available equity, carrying cost, term, payout source, and failure modes; compare bank bridge, HELOC, refinance, and private bridge as one capital decision. Support every material claim, answer the visible follow-up questions, and keep the full commercial pitch on /resources/bridge-financing-ontario.","Cite FSRA/FCAC/CMHC or Ontario primary sources; show brokerage #13827 and administrator #13828; attribute 28+ years and $1B+ funded to the principal broker with the July 14, 2026 methodology. Add a worked Ontario file with assumptions, timeline, verification points, contingency, and takeout source.","See which financing route fits","/borrowers/bridge-financing; /borrowers/private-mortgage-financing; /borrowers/heloc","Article/Service as appropriate + visible FAQPage","Semiannual","live web search, one exact query","2026-07-20","Canada/Ontario query modifiers; exact localization not guaranteed","medium — five live result references","volume/difficulty/backlinks unavailable-not-zero"
"KW-105","bridge loan eligibility Ontario","bridge","Bridge financing","L2","bridge-guide","/resources/bridge-financing-ontario","P1","Ontario Bridging Participant Assistance Program | ontario.ca","https://www.ontario.ca/page/ontario-bridging-participant-assistance-program","ontario.ca","government / regulator","Ontario/Canada aligned","Adult learning: Ontario Bridge Training Program | ontario.ca","https://www.ontario.ca/page/adult-learning-ontario-bridge-training-program","ontario.ca","government / regulator","Ontario Bridge Financing: Buying Before Selling | Best Rates","https://bestrates.ca/ontario-bridge-financing-guide","bestrates.ca","comparison publisher / finance media","https://hassann.ca/blog/bridge-financing-ontario","https://www.lendworth.ca/bridge-loans","5","direct lender, brokerage, or specialist","qualification process / checklist","Wins through exact local commercial intent, scenario specificity, speed/equity language, strong CTAs, and service-page relevance.","Commercially relevant but many pages rely on generic approval/speed claims, weak citations, opaque total cost, and little proof of exit planning.","Match the winners’ exact-query answer, qualification process / checklist, Ontario/Canada terminology, scannable structure, definitions, risks, and a clear next step. Cite the strongest primary source instead of paraphrasing unsupported rules.","Add what the dominant direct lender, brokerage, or specialist results omit: borrower-specific decision logic, transparent assumptions, a worked Ontario scenario, all-in economics, document requirements, failure modes, and a route beyond the current product.","Model the actual closing gap, firm-sale status, available equity, carrying cost, term, payout source, and failure modes; compare bank bridge, HELOC, refinance, and private bridge as one capital decision.","Document-readiness checklist + qualification decision tree","Open with a 40–60 word answer to “bridge loan eligibility Ontario”; follow with document-readiness checklist + qualification decision tree; layer in model the actual closing gap, firm-sale status, available equity, carrying cost, term, payout source, and failure modes; compare bank bridge, HELOC, refinance, and private bridge as one capital decision. Support every material claim, answer the visible follow-up questions, and keep the full commercial pitch on /resources/bridge-financing-ontario.","Cite FSRA/FCAC/CMHC or Ontario primary sources; show brokerage #13827 and administrator #13828; attribute 28+ years and $1B+ funded to the principal broker with the July 14, 2026 methodology. Add a worked Ontario file with assumptions, timeline, verification points, contingency, and takeout source.","Pressure-test my scenario","/borrowers/bridge-financing; /borrowers/private-mortgage-financing; /borrowers/heloc","Article/Service as appropriate + visible FAQPage","Semiannual","live web search, one exact query","2026-07-20","Canada/Ontario query modifiers; exact localization not guaranteed","medium — five live result references","volume/difficulty/backlinks unavailable-not-zero"
"KW-106","bridge financing cost Ontario","bridge","Bridge financing","L2","bridge-guide","/resources/bridge-financing-ontario","P1","Bridge Loan Calculator Canada 2026 — Financing Cost | Mortgage Squad","https://www.mortgagesquad.ca/bridge-loan-calculator","mortgagesquad.ca","direct lender, brokerage, or specialist","Ontario/Canada aligned","Bridge Financing in Ontario 2026 — How It Works, What It Costs, Who Qualifies — ClearKey","https://clearkey.ca/blog-bridge-financing-ontario.html","clearkey.ca","direct lender, brokerage, or specialist","Bridge Financing Ontario | Canadian Mortgage Services","https://cmsmortgages.ca/solutions/bridge-financing/","cmsmortgages.ca","direct lender, brokerage, or specialist","https://bestrates.ca/ontario-bridge-financing-guide","https://hassann.ca/blog/bridge-financing-ontario","5","direct lender, brokerage, or specialist","commercial service / product page","Wins through exact local commercial intent, scenario specificity, speed/equity language, strong CTAs, and service-page relevance.","Commercially relevant but many pages rely on generic approval/speed claims, weak citations, opaque total cost, and little proof of exit planning.","Match the winners’ exact-query answer, commercial service / product page, Ontario/Canada terminology, scannable structure, definitions, risks, and a clear next step. Cite the strongest primary source instead of paraphrasing unsupported rules.","Add what the dominant direct lender, brokerage, or specialist results omit: borrower-specific decision logic, transparent assumptions, a worked Ontario scenario, all-in economics, document requirements, failure modes, and a route beyond the current product.","Model the actual closing gap, firm-sale status, available equity, carrying cost, term, payout source, and failure modes; compare bank bridge, HELOC, refinance, and private bridge as one capital decision.","All-in cost calculator + worked Ontario examples","Open with a 40–60 word answer to “bridge financing cost Ontario”; follow with all-in cost calculator + worked ontario examples; layer in model the actual closing gap, firm-sale status, available equity, carrying cost, term, payout source, and failure modes; compare bank bridge, HELOC, refinance, and private bridge as one capital decision. Support every material claim, answer the visible follow-up questions, and keep the full commercial pitch on /resources/bridge-financing-ontario.","Cite FSRA/FCAC/CMHC or Ontario primary sources; show brokerage #13827 and administrator #13828; attribute 28+ years and $1B+ funded to the principal broker with the July 14, 2026 methodology. Add a worked Ontario file with assumptions, timeline, verification points, contingency, and takeout source.","Pressure-test my scenario","/borrowers/bridge-financing; /borrowers/private-mortgage-financing; /borrowers/heloc","Article + WebApplication + visible FAQPage","Quarterly and after material policy/rate change","live web search, one exact query","2026-07-20","Canada/Ontario query modifiers; exact localization not guaranteed","medium — five live result references","volume/difficulty/backlinks unavailable-not-zero"
"KW-107","how much bridge financing can I get","bridge","Bridge financing","L2","bridge-guide","/resources/bridge-financing-ontario","P1","Bridging loans – MSE","https://www.moneysavingexpert.com/loans/bridge-loans/","moneysavingexpert.com","direct lender, brokerage, or specialist","geography unclear","Bridge Loans: What They Are and How They Work | Chase","https://www.chase.com/personal/mortgage/education/financing-a-home/what-is-a-bridge-loan","chase.com","bank / institutional product provider","What Is A Bridge Loan And How Does It Work? | Bankrate","https://www.bankrate.com/mortgages/bridge-loan/","bankrate.com","comparison publisher / finance media","https://www.nerdwallet.com/ca/p/article/mortgages/what-is-bridge-loan","https://www.experian.com/blogs/ask-experian/what-is-a-bridge-loan/","5","comparison publisher / finance media","commercial service / product page","Wins with exact-match headings, plain-language summaries, updated comparison tables, calculators, and broad long-tail coverage.","Broad and scannable but often generic, affiliate-led, thin on Ontario underwriting evidence, and disconnected from a real exit plan.","Match the winners’ exact-query answer, commercial service / product page, Ontario/Canada terminology, scannable structure, definitions, risks, and a clear next step. Cite the strongest primary source instead of paraphrasing unsupported rules.","Add what the dominant comparison publisher / finance media results omit: borrower-specific decision logic, transparent assumptions, a worked Ontario scenario, all-in economics, document requirements, failure modes, and a route beyond the current product.","Model the actual closing gap, firm-sale status, available equity, carrying cost, term, payout source, and failure modes; compare bank bridge, HELOC, refinance, and private bridge as one capital decision.","Service decision module + lender-tier route selector + focused intake","Open with a 40–60 word answer to “how much bridge financing can I get”; follow with service decision module + lender-tier route selector + focused intake; layer in model the actual closing gap, firm-sale status, available equity, carrying cost, term, payout source, and failure modes; compare bank bridge, HELOC, refinance, and private bridge as one capital decision. Support every material claim, answer the visible follow-up questions, and keep the full commercial pitch on /resources/bridge-financing-ontario.","Cite FSRA/FCAC/CMHC or Ontario primary sources; show brokerage #13827 and administrator #13828; attribute 28+ years and $1B+ funded to the principal broker with the July 14, 2026 methodology. Add a worked Ontario file with assumptions, timeline, verification points, contingency, and takeout source.","Pressure-test my scenario","/borrowers/bridge-financing; /borrowers/private-mortgage-financing; /borrowers/heloc","Article/Service as appropriate + visible FAQPage","Semiannual","live web search, one exact query","2026-07-20","Canada/Ontario query modifiers; exact localization not guaranteed","medium — five live result references","volume/difficulty/backlinks unavailable-not-zero"
"KW-108","bridge loan with firm sale Ontario","bridge","Bridge financing","L2","bridge-guide","/resources/bridge-financing-ontario","P1","Bridge Loans Ontario When the Sale is Not Yet Firm | Stonefield Capital | Stonefield Capital","https://www.stonefieldcapital.ca/services/bridge-loan","stonefieldcapital.ca","direct lender, brokerage, or specialist","Ontario/Canada aligned","Bridge Financing in Ontario: Buying Before You've Sold | Hassan Nouman","https://hassann.ca/blog/bridge-financing-ontario","hassann.ca","direct lender, brokerage, or specialist","Bridge financing in Ontario: how to buy before you sell | Ownright Blog","https://ownright.com/blog/home-finance/bridge-financing-in-ontario-how-to-buy-before-you-sell","ownright.com","direct lender, brokerage, or specialist","https://www.fisgard.com/on-mortgage-products/bridge-financing-on/","https://cmsmortgages.ca/solutions/bridge-financing/","5","direct lender, brokerage, or specialist","commercial service / product page","Wins through exact local commercial intent, scenario specificity, speed/equity language, strong CTAs, and service-page relevance.","Commercially relevant but many pages rely on generic approval/speed claims, weak citations, opaque total cost, and little proof of exit planning.","Match the winners’ exact-query answer, commercial service / product page, Ontario/Canada terminology, scannable structure, definitions, risks, and a clear next step. Cite the strongest primary source instead of paraphrasing unsupported rules.","Add what the dominant direct lender, brokerage, or specialist results omit: borrower-specific decision logic, transparent assumptions, a worked Ontario scenario, all-in economics, document requirements, failure modes, and a route beyond the current product.","Model the actual closing gap, firm-sale status, available equity, carrying cost, term, payout source, and failure modes; compare bank bridge, HELOC, refinance, and private bridge as one capital decision.","Service decision module + lender-tier route selector + focused intake","Open with a 40–60 word answer to “bridge loan with firm sale Ontario”; follow with service decision module + lender-tier route selector + focused intake; layer in model the actual closing gap, firm-sale status, available equity, carrying cost, term, payout source, and failure modes; compare bank bridge, HELOC, refinance, and private bridge as one capital decision. Support every material claim, answer the visible follow-up questions, and keep the full commercial pitch on /resources/bridge-financing-ontario.","Cite FSRA/FCAC/CMHC or Ontario primary sources; show brokerage #13827 and administrator #13828; attribute 28+ years and $1B+ funded to the principal broker with the July 14, 2026 methodology. Add a worked Ontario file with assumptions, timeline, verification points, contingency, and takeout source.","Pressure-test my scenario","/borrowers/bridge-financing; /borrowers/private-mortgage-financing; /borrowers/heloc","Article/Service as appropriate + visible FAQPage","Semiannual","live web search, one exact query","2026-07-20","Canada/Ontario query modifiers; exact localization not guaranteed","medium — five live result references","volume/difficulty/backlinks unavailable-not-zero"
"KW-109","bridge loan vs HELOC Ontario","bridge","Bridge financing","L3","bridge-guide","/resources/bridge-financing-ontario","P1","Bridge Financing in Ontario: Buying Before You've Sold | Hassan Nouman","https://hassann.ca/blog/bridge-financing-ontario","hassann.ca","direct lender, brokerage, or specialist","Ontario/Canada aligned","Choosing a bridge loan vs. a HELOC | Rocket Mortgage","https://www.rocketmortgage.com/learn/bridge-loan-vs-heloc","rocketmortgage.com","direct lender, brokerage, or specialist","Bridge Loan vs HELOC: What’s the Difference? | SoFi","https://www.sofi.com/learn/content/bridge-loan-vs-heloc/","sofi.com","direct lender, brokerage, or specialist","https://smartasset.com/mortgage/bridge-loan-vs-heloc","https://better.com/content/bridge-loan-vs-heloc","5","direct lender, brokerage, or specialist","comparison / decision guide","Wins through exact local commercial intent, scenario specificity, speed/equity language, strong CTAs, and service-page relevance.","Commercially relevant but many pages rely on generic approval/speed claims, weak citations, opaque total cost, and little proof of exit planning.","Match the winners’ exact-query answer, comparison / decision guide, Ontario/Canada terminology, scannable structure, definitions, risks, and a clear next step. Cite the strongest primary source instead of paraphrasing unsupported rules.","Add what the dominant direct lender, brokerage, or specialist results omit: borrower-specific decision logic, transparent assumptions, a worked Ontario scenario, all-in economics, document requirements, failure modes, and a route beyond the current product.","Model the actual closing gap, firm-sale status, available equity, carrying cost, term, payout source, and failure modes; compare bank bridge, HELOC, refinance, and private bridge as one capital decision.","Original comparison matrix + scenario calculator","Open with a 40–60 word answer to “bridge loan vs HELOC Ontario”; follow with original comparison matrix + scenario calculator; layer in model the actual closing gap, firm-sale status, available equity, carrying cost, term, payout source, and failure modes; compare bank bridge, HELOC, refinance, and private bridge as one capital decision. Support every material claim, answer the visible follow-up questions, and keep the full commercial pitch on /resources/bridge-financing-ontario.","Cite FSRA/FCAC/CMHC or Ontario primary sources; show brokerage #13827 and administrator #13828; attribute 28+ years and $1B+ funded to the principal broker with the July 14, 2026 methodology. Add a worked Ontario file with assumptions, timeline, verification points, contingency, and takeout source.","Compare my realistic financing routes","/borrowers/bridge-financing; /borrowers/private-mortgage-financing; /borrowers/heloc","Article + WebApplication + visible FAQPage","Semiannual","live web search, one exact query","2026-07-20","Canada/Ontario query modifiers; exact localization not guaranteed","medium — five live result references","volume/difficulty/backlinks unavailable-not-zero"
"KW-110","bridge loan vs private mortgage Ontario","bridge","Bridge financing","L3","bridge-guide","/resources/bridge-financing-ontario","P1","Private Mortgages | Financial Services Regulatory Authority of Ontario","https://www.fsrao.ca/privatemortgage","fsrao.ca","government / regulator","Ontario/Canada aligned","B Lender vs Private Lender: Which Is Cheaper, and When? | RATECORE Mortgage","https://ratecore.ca/blog/b-lender-vs-private-lender-ontario/","ratecore.ca","direct lender, brokerage, or specialist","Canada's Private Lending Rules Every Ontario Borrower Should Know (2026) | RATECORE Mortgage","https://ratecore.ca/blog/private-lending-rules-canada-2026/","ratecore.ca","direct lender, brokerage, or specialist","https://ratecore.ca/private-lenders/","https://lendsimpl.ca/private-mortgage","5","direct lender, brokerage, or specialist","comparison / decision guide","Wins through exact local commercial intent, scenario specificity, speed/equity language, strong CTAs, and service-page relevance.","Commercially relevant but many pages rely on generic approval/speed claims, weak citations, opaque total cost, and little proof of exit planning.","Match the winners’ exact-query answer, comparison / decision guide, Ontario/Canada terminology, scannable structure, definitions, risks, and a clear next step. Cite the strongest primary source instead of paraphrasing unsupported rules.","Add what the dominant direct lender, brokerage, or specialist results omit: borrower-specific decision logic, transparent assumptions, a worked Ontario scenario, all-in economics, document requirements, failure modes, and a route beyond the current product.","Model the actual closing gap, firm-sale status, available equity, carrying cost, term, payout source, and failure modes; compare bank bridge, HELOC, refinance, and private bridge as one capital decision.","Original comparison matrix + scenario calculator","Open with a 40–60 word answer to “bridge loan vs private mortgage Ontario”; follow with original comparison matrix + scenario calculator; layer in model the actual closing gap, firm-sale status, available equity, carrying cost, term, payout source, and failure modes; compare bank bridge, HELOC, refinance, and private bridge as one capital decision. Support every material claim, answer the visible follow-up questions, and keep the full commercial pitch on /resources/bridge-financing-ontario.","Cite FSRA/FCAC/CMHC or Ontario primary sources; show brokerage #13827 and administrator #13828; attribute 28+ years and $1B+ funded to the principal broker with the July 14, 2026 methodology. Add a worked Ontario file with assumptions, timeline, verification points, contingency, and takeout source.","Compare my realistic financing routes","/borrowers/bridge-financing; /borrowers/private-mortgage-financing; /borrowers/heloc","Article + WebApplication + visible FAQPage","Semiannual","live web search, one exact query","2026-07-20","Canada/Ontario query modifiers; exact localization not guaranteed","medium — five live result references","volume/difficulty/backlinks unavailable-not-zero"
"KW-111","bridge financing vs refinance Ontario","bridge","Bridge financing","L3","bridge-guide","/resources/bridge-financing-ontario","P1","Bridge Financing vs Refinance Explained - LeSolace Corporation","https://lesolace.com/bridge-financing-vs-refinance-explained/","lesolace.com","direct lender, brokerage, or specialist","geography unclear","Bridge Financing in Ontario: Buying Before You've Sold | Hassan Nouman","https://hassann.ca/blog/bridge-financing-ontario","hassann.ca","direct lender, brokerage, or specialist","Ontario Bridge Financing: Buying Before Selling | Best Rates","https://bestrates.ca/ontario-bridge-financing-guide","bestrates.ca","comparison publisher / finance media","https://cmsmortgages.ca/solutions/purchases-refinances/","https://www.lendworth.ca/blog/lendworth-blog-1/second-mortgage-vs-refinance-which-one-makes-more-sense-for-ontario-homeowners-1139","5","direct lender, brokerage, or specialist","comparison / decision guide","Wins through exact local commercial intent, scenario specificity, speed/equity language, strong CTAs, and service-page relevance.","Commercially relevant but many pages rely on generic approval/speed claims, weak citations, opaque total cost, and little proof of exit planning.","Match the winners’ exact-query answer, comparison / decision guide, Ontario/Canada terminology, scannable structure, definitions, risks, and a clear next step. Cite the strongest primary source instead of paraphrasing unsupported rules.","Add what the dominant direct lender, brokerage, or specialist results omit: borrower-specific decision logic, transparent assumptions, a worked Ontario scenario, all-in economics, document requirements, failure modes, and a route beyond the current product.","Model the actual closing gap, firm-sale status, available equity, carrying cost, term, payout source, and failure modes; compare bank bridge, HELOC, refinance, and private bridge as one capital decision.","Original comparison matrix + scenario calculator","Open with a 40–60 word answer to “bridge financing vs refinance Ontario”; follow with original comparison matrix + scenario calculator; layer in model the actual closing gap, firm-sale status, available equity, carrying cost, term, payout source, and failure modes; compare bank bridge, HELOC, refinance, and private bridge as one capital decision. Support every material claim, answer the visible follow-up questions, and keep the full commercial pitch on /resources/bridge-financing-ontario.","Cite FSRA/FCAC/CMHC or Ontario primary sources; show brokerage #13827 and administrator #13828; attribute 28+ years and $1B+ funded to the principal broker with the July 14, 2026 methodology. Add a worked Ontario file with assumptions, timeline, verification points, contingency, and takeout source.","Compare my realistic financing routes","/borrowers/bridge-financing; /borrowers/private-mortgage-financing; /borrowers/heloc","Article + WebApplication + visible FAQPage","Semiannual","live web search, one exact query","2026-07-20","Canada/Ontario query modifiers; exact localization not guaranteed","medium — five live result references","volume/difficulty/backlinks unavailable-not-zero"
"KW-112","bank bridge loan vs private bridge loan","bridge","Bridge financing","L3","bridge-guide","/resources/bridge-financing-ontario","P1","What Banks Do Bridge Loans: Lenders, Rates & Risks - LegalClarity","https://legalclarity.org/what-banks-and-lenders-offer-bridge-loans/","legalclarity.org","legal / professional authority","geography unclear","What Is A Bridge Loan And How Does It Work? | Bankrate","https://www.bankrate.com/mortgages/bridge-loan/","bankrate.com","comparison publisher / finance media","Bridge Loans: What They Are and How They Work | Chase","https://www.chase.com/personal/mortgage/education/financing-a-home/what-is-a-bridge-loan","chase.com","bank / institutional product provider","https://www.moneysavingexpert.com/loans/bridge-loans/","https://legalclarity.org/is-a-bridge-loan-a-conventional-loan-key-differences/","5","legal / professional authority","comparison / decision guide","Wins sensitive enforcement queries through legal specificity, Ontario terminology, procedural detail, and professional trust.","Strong on procedure but usually weak on financing feasibility, all-in economics, property underwriting, and lender-path comparisons.","Match the winners’ exact-query answer, comparison / decision guide, Ontario/Canada terminology, scannable structure, definitions, risks, and a clear next step. Cite the strongest primary source instead of paraphrasing unsupported rules.","Add what the dominant legal / professional authority results omit: borrower-specific decision logic, transparent assumptions, a worked Ontario scenario, all-in economics, document requirements, failure modes, and a route beyond the current product.","Model the actual closing gap, firm-sale status, available equity, carrying cost, term, payout source, and failure modes; compare bank bridge, HELOC, refinance, and private bridge as one capital decision.","Original comparison matrix + scenario calculator","Open with a 40–60 word answer to “bank bridge loan vs private bridge loan”; follow with original comparison matrix + scenario calculator; layer in model the actual closing gap, firm-sale status, available equity, carrying cost, term, payout source, and failure modes; compare bank bridge, HELOC, refinance, and private bridge as one capital decision. Support every material claim, answer the visible follow-up questions, and keep the full commercial pitch on /resources/bridge-financing-ontario.","Cite FSRA/FCAC/CMHC or Ontario primary sources; show brokerage #13827 and administrator #13828; attribute 28+ years and $1B+ funded to the principal broker with the July 14, 2026 methodology. Add a worked Ontario file with assumptions, timeline, verification points, contingency, and takeout source.","Compare my realistic financing routes","/borrowers/bridge-financing; /borrowers/private-mortgage-financing; /borrowers/heloc","Article + WebApplication + visible FAQPage","Semiannual","live web search, one exact query","2026-07-20","Canada/Ontario query modifiers; exact localization not guaranteed","medium — five live result references","volume/difficulty/backlinks unavailable-not-zero"
"KW-113","bridge financing real estate Canada","bridge","Bridge financing","L4","bridge-service","/borrowers/bridge-financing","P1","Bridge Financing in Canada: Buy Your Next Home Easily","https://wahi.com/ca/en/learning-centre/real-estate-101/buy/bridge-financing/","wahi.com","direct lender, brokerage, or specialist","Ontario/Canada aligned","Bridge Financing | TD Canada Trust","https://www.td.com/ca/en/personal-banking/products/mortgages/financing-between-homes","td.com","bank / institutional product provider","Bridge Financing Canada | HomeEquity Bank","https://www.chip.ca/reverse-mortgage-resources/retirement-planning/bridge-financing-canada/","chip.ca","direct lender, brokerage, or specialist","https://www.ratehub.ca/bridge-financing","https://wealthnorth.ca/mortgages/bridge-loan-canada/","5","direct lender, brokerage, or specialist","commercial service / product page","Wins through exact local commercial intent, scenario specificity, speed/equity language, strong CTAs, and service-page relevance.","Commercially relevant but many pages rely on generic approval/speed claims, weak citations, opaque total cost, and little proof of exit planning.","Match the winners’ exact-query answer, commercial service / product page, Ontario/Canada terminology, scannable structure, definitions, risks, and a clear next step. Cite the strongest primary source instead of paraphrasing unsupported rules.","Add what the dominant direct lender, brokerage, or specialist results omit: borrower-specific decision logic, transparent assumptions, a worked Ontario scenario, all-in economics, document requirements, failure modes, and a route beyond the current product.","Model the actual closing gap, firm-sale status, available equity, carrying cost, term, payout source, and failure modes; compare bank bridge, HELOC, refinance, and private bridge as one capital decision.","Service decision module + lender-tier route selector + focused intake","Open with a 40–60 word answer to “bridge financing real estate Canada”; follow with service decision module + lender-tier route selector + focused intake; layer in model the actual closing gap, firm-sale status, available equity, carrying cost, term, payout source, and failure modes; compare bank bridge, HELOC, refinance, and private bridge as one capital decision. Support every material claim, answer the visible follow-up questions, and keep the full commercial pitch on /borrowers/bridge-financing.","Cite FSRA/FCAC/CMHC or Ontario primary sources; show brokerage #13827 and administrator #13828; attribute 28+ years and $1B+ funded to the principal broker with the July 14, 2026 methodology. Add a worked Ontario file with assumptions, timeline, verification points, contingency, and takeout source.","Get a focused eligibility and document review","/resources/bridge-financing-ontario; /borrowers/private-mortgage-financing","Article/Service as appropriate + visible FAQPage","Semiannual","live web search, one exact query","2026-07-20","Canada/Ontario query modifiers; exact localization not guaranteed","medium — five live result references","volume/difficulty/backlinks unavailable-not-zero"
"KW-114","bridge mortgage lender Ontario","bridge","Bridge financing","L4","bridge-service","/borrowers/bridge-financing","P1","Black Bear Capital | Ontario Private Mortgage Lender","https://www.blackbear.ca/","blackbear.ca","direct lender, brokerage, or specialist","Ontario/Canada aligned","Mortgage for Self Employed, Private Mortgage Lender Ontario","https://www.tembofinancial.com/","tembofinancial.com","direct lender, brokerage, or specialist","Private Bridge Mortgage Services in Ontario | Trillium Mortgage","https://bestratesgta.ca/bridge-mortgage-service-ontario","bestratesgta.ca","direct lender, brokerage, or specialist","https://rashidcapital.com/","https://lendsimpl.ca/bridge-mortgage-ontario","5","direct lender, brokerage, or specialist","commercial service / product page","Wins through exact local commercial intent, scenario specificity, speed/equity language, strong CTAs, and service-page relevance.","Commercially relevant but many pages rely on generic approval/speed claims, weak citations, opaque total cost, and little proof of exit planning.","Match the winners’ exact-query answer, commercial service / product page, Ontario/Canada terminology, scannable structure, definitions, risks, and a clear next step. Cite the strongest primary source instead of paraphrasing unsupported rules.","Add what the dominant direct lender, brokerage, or specialist results omit: borrower-specific decision logic, transparent assumptions, a worked Ontario scenario, all-in economics, document requirements, failure modes, and a route beyond the current product.","Model the actual closing gap, firm-sale status, available equity, carrying cost, term, payout source, and failure modes; compare bank bridge, HELOC, refinance, and private bridge as one capital decision.","Service decision module + lender-tier route selector + focused intake","Open with a 40–60 word answer to “bridge mortgage lender Ontario”; follow with service decision module + lender-tier route selector + focused intake; layer in model the actual closing gap, firm-sale status, available equity, carrying cost, term, payout source, and failure modes; compare bank bridge, HELOC, refinance, and private bridge as one capital decision. Support every material claim, answer the visible follow-up questions, and keep the full commercial pitch on /borrowers/bridge-financing.","Cite FSRA/FCAC/CMHC or Ontario primary sources; show brokerage #13827 and administrator #13828; attribute 28+ years and $1B+ funded to the principal broker with the July 14, 2026 methodology. Add a worked Ontario file with assumptions, timeline, verification points, contingency, and takeout source.","Get a focused eligibility and document review","/resources/bridge-financing-ontario; /borrowers/private-mortgage-financing","Article/Service as appropriate + visible FAQPage","Semiannual","live web search, one exact query","2026-07-20","Canada/Ontario query modifiers; exact localization not guaranteed","medium — five live result references","volume/difficulty/backlinks unavailable-not-zero"
"KW-115","bridge loan broker Toronto","bridge","Bridge financing","L4","bridge-service","/borrowers/bridge-financing","P1","Bridge Financing, Debt, Loan, Capital Markets, Stock Exchanges | ITB Solutions Incorporated","https://www.itbsolutions.ca/companies/bridge-financing/","itbsolutions.ca","direct lender, brokerage, or specialist","Ontario/Canada aligned","Bridge Loans | Bridge Financing Toronto, Ontario | Burke Financial","https://burkefinancial.ca/bridge-financing-ontario/","burkefinancial.ca","direct lender, brokerage, or specialist","Rashid Capital - Made to fit your deal, not fight it.","https://rashidcapital.com/","rashidcapital.com","direct lender, brokerage, or specialist","https://cmsmortgages.ca/solutions/toronto/bridge-financing/","https://themortgageworld.ca/","5","direct lender, brokerage, or specialist","commercial service / product page","Wins through exact local commercial intent, scenario specificity, speed/equity language, strong CTAs, and service-page relevance.","Commercially relevant but many pages rely on generic approval/speed claims, weak citations, opaque total cost, and little proof of exit planning.","Match the winners’ exact-query answer, commercial service / product page, Ontario/Canada terminology, scannable structure, definitions, risks, and a clear next step. Cite the strongest primary source instead of paraphrasing unsupported rules.","Add what the dominant direct lender, brokerage, or specialist results omit: borrower-specific decision logic, transparent assumptions, a worked Ontario scenario, all-in economics, document requirements, failure modes, and a route beyond the current product.","Model the actual closing gap, firm-sale status, available equity, carrying cost, term, payout source, and failure modes; compare bank bridge, HELOC, refinance, and private bridge as one capital decision.","Service decision module + lender-tier route selector + focused intake","Open with a 40–60 word answer to “bridge loan broker Toronto”; follow with service decision module + lender-tier route selector + focused intake; layer in model the actual closing gap, firm-sale status, available equity, carrying cost, term, payout source, and failure modes; compare bank bridge, HELOC, refinance, and private bridge as one capital decision. Support every material claim, answer the visible follow-up questions, and keep the full commercial pitch on /borrowers/bridge-financing.","Cite FSRA/FCAC/CMHC or Ontario primary sources; show brokerage #13827 and administrator #13828; attribute 28+ years and $1B+ funded to the principal broker with the July 14, 2026 methodology. Add a worked Ontario file with assumptions, timeline, verification points, contingency, and takeout source.","Get a focused eligibility and document review","/resources/bridge-financing-ontario; /borrowers/private-mortgage-financing","Article/Service as appropriate + visible FAQPage","Semiannual","live web search, one exact query","2026-07-20","Canada/Ontario query modifiers; exact localization not guaranteed","medium — five live result references","volume/difficulty/backlinks unavailable-not-zero"
"KW-116","documents needed for bridge financing","bridge","Bridge financing","L4","bridge-service","/borrowers/bridge-financing","P1","What Documentation Do Lenders Need for a Bridge Loan? - American Heritage Lending","https://ahlend.com/docs/bridge-loan-documentation/","ahlend.com","direct lender, brokerage, or specialist","geography unclear","Documentation Required for a Bridging Loan","https://www.bridgingloan.org.uk/guide/bridging-loan-documents","bridgingloan.org.uk","direct lender, brokerage, or specialist","How Commercial Bridge Financing Works: Rates, Fees and Terms - LegalClarity","https://legalclarity.org/how-commercial-bridge-financing-works-rates-fees-and-terms/","legalclarity.org","legal / professional authority","https://legalclarity.org/how-to-get-a-bridge-loan-steps-costs-and-requirements/","https://www.tatacapital.com/blog/personal-use-loan/bridge-loan-in-india/","5","direct lender, brokerage, or specialist","qualification process / checklist","Wins through exact local commercial intent, scenario specificity, speed/equity language, strong CTAs, and service-page relevance.","Commercially relevant but many pages rely on generic approval/speed claims, weak citations, opaque total cost, and little proof of exit planning.","Match the winners’ exact-query answer, qualification process / checklist, Ontario/Canada terminology, scannable structure, definitions, risks, and a clear next step. Cite the strongest primary source instead of paraphrasing unsupported rules.","Add what the dominant direct lender, brokerage, or specialist results omit: borrower-specific decision logic, transparent assumptions, a worked Ontario scenario, all-in economics, document requirements, failure modes, and a route beyond the current product.","Model the actual closing gap, firm-sale status, available equity, carrying cost, term, payout source, and failure modes; compare bank bridge, HELOC, refinance, and private bridge as one capital decision.","Document-readiness checklist + qualification decision tree","Open with a 40–60 word answer to “documents needed for bridge financing”; follow with document-readiness checklist + qualification decision tree; layer in model the actual closing gap, firm-sale status, available equity, carrying cost, term, payout source, and failure modes; compare bank bridge, HELOC, refinance, and private bridge as one capital decision. Support every material claim, answer the visible follow-up questions, and keep the full commercial pitch on /borrowers/bridge-financing.","Cite FSRA/FCAC/CMHC or Ontario primary sources; show brokerage #13827 and administrator #13828; attribute 28+ years and $1B+ funded to the principal broker with the July 14, 2026 methodology. Add a worked Ontario file with assumptions, timeline, verification points, contingency, and takeout source.","Get a focused eligibility and document review","/resources/bridge-financing-ontario; /borrowers/private-mortgage-financing","Article/Service as appropriate + visible FAQPage","Semiannual","live web search, one exact query","2026-07-20","Canada/Ontario query modifiers; exact localization not guaranteed","medium — five live result references","volume/difficulty/backlinks unavailable-not-zero"
"KW-117","urgent bridge financing Ontario","bridge","Bridge financing","L5","bridge-service","/borrowers/bridge-financing","P1","Private Bridge Mortgage Services in Ontario | Trillium Mortgage","https://bestratesgta.ca/bridge-mortgage-service-ontario","bestratesgta.ca","direct lender, brokerage, or specialist","Ontario/Canada aligned","Rashid Capital - Made to fit your deal, not fight it.","https://rashidcapital.com/","rashidcapital.com","direct lender, brokerage, or specialist","Bridge Financing Ontario | Short-Term Real Estate Loan","https://pcbcanada.ca/bridge-financing","pcbcanada.ca","direct lender, brokerage, or specialist","https://bestrates.ca/ontario-bridge-financing-guide","https://graysbrookcapital.ca/lending-solutions/bridge-financing/","5","direct lender, brokerage, or specialist","commercial service / product page","Wins through exact local commercial intent, scenario specificity, speed/equity language, strong CTAs, and service-page relevance.","Commercially relevant but many pages rely on generic approval/speed claims, weak citations, opaque total cost, and little proof of exit planning.","Match the winners’ exact-query answer, commercial service / product page, Ontario/Canada terminology, scannable structure, definitions, risks, and a clear next step. Cite the strongest primary source instead of paraphrasing unsupported rules.","Add what the dominant direct lender, brokerage, or specialist results omit: borrower-specific decision logic, transparent assumptions, a worked Ontario scenario, all-in economics, document requirements, failure modes, and a route beyond the current product.","Model the actual closing gap, firm-sale status, available equity, carrying cost, term, payout source, and failure modes; compare bank bridge, HELOC, refinance, and private bridge as one capital decision.","Deadline triage flow + evidence checklist + sober risk notice","Open with a 40–60 word answer to “urgent bridge financing Ontario”; follow with deadline triage flow + evidence checklist + sober risk notice; layer in model the actual closing gap, firm-sale status, available equity, carrying cost, term, payout source, and failure modes; compare bank bridge, HELOC, refinance, and private bridge as one capital decision. Support every material claim, answer the visible follow-up questions, and keep the full commercial pitch on /borrowers/bridge-financing.","Cite FSRA/FCAC/CMHC or Ontario primary sources; show brokerage #13827 and administrator #13828; attribute 28+ years and $1B+ funded to the principal broker with the July 14, 2026 methodology. Add a worked Ontario file with assumptions, timeline, verification points, contingency, and takeout source.","Request a time-sensitive scenario triage","/resources/bridge-financing-ontario; /borrowers/private-mortgage-financing","Article/Service as appropriate + visible FAQPage","Semiannual","live web search, one exact query","2026-07-20","Canada/Ontario query modifiers; exact localization not guaranteed","medium — five live result references","volume/difficulty/backlinks unavailable-not-zero"
"KW-118","bridge loan without firm sale Ontario","bridge","Bridge financing","L5","bridge-service","/borrowers/bridge-financing","P1","Bridge Loans Ontario When the Sale is Not Yet Firm | Stonefield Capital | Stonefield Capital","https://www.stonefieldcapital.ca/services/bridge-loan","stonefieldcapital.ca","direct lender, brokerage, or specialist","Ontario/Canada aligned","Bridge Financing in Ontario: Buying Before You've Sold | Hassan Nouman","https://hassann.ca/blog/bridge-financing-ontario","hassann.ca","direct lender, brokerage, or specialist","Bridge Loans Ontario — Close On Time with Fast Equity-Based Funding","https://www.lendworth.ca/bridge-loans","lendworth.ca","direct lender, brokerage, or specialist","https://pathwaylending.ca/services/bridge-loan/","https://cmsmortgages.ca/solutions/bridge-financing/","5","direct lender, brokerage, or specialist","commercial service / product page","Wins through exact local commercial intent, scenario specificity, speed/equity language, strong CTAs, and service-page relevance.","Commercially relevant but many pages rely on generic approval/speed claims, weak citations, opaque total cost, and little proof of exit planning.","Match the winners’ exact-query answer, commercial service / product page, Ontario/Canada terminology, scannable structure, definitions, risks, and a clear next step. Cite the strongest primary source instead of paraphrasing unsupported rules.","Add what the dominant direct lender, brokerage, or specialist results omit: borrower-specific decision logic, transparent assumptions, a worked Ontario scenario, all-in economics, document requirements, failure modes, and a route beyond the current product.","Model the actual closing gap, firm-sale status, available equity, carrying cost, term, payout source, and failure modes; compare bank bridge, HELOC, refinance, and private bridge as one capital decision.","Service decision module + lender-tier route selector + focused intake","Open with a 40–60 word answer to “bridge loan without firm sale Ontario”; follow with service decision module + lender-tier route selector + focused intake; layer in model the actual closing gap, firm-sale status, available equity, carrying cost, term, payout source, and failure modes; compare bank bridge, HELOC, refinance, and private bridge as one capital decision. Support every material claim, answer the visible follow-up questions, and keep the full commercial pitch on /borrowers/bridge-financing.","Cite FSRA/FCAC/CMHC or Ontario primary sources; show brokerage #13827 and administrator #13828; attribute 28+ years and $1B+ funded to the principal broker with the July 14, 2026 methodology. Add a worked Ontario file with assumptions, timeline, verification points, contingency, and takeout source.","Request a time-sensitive scenario triage","/resources/bridge-financing-ontario; /borrowers/private-mortgage-financing","Article/Service as appropriate + visible FAQPage","Semiannual","live web search, one exact query","2026-07-20","Canada/Ontario query modifiers; exact localization not guaranteed","medium — five live result references","volume/difficulty/backlinks unavailable-not-zero"
"KW-119","bridge financing for closing gap","bridge","Bridge financing","L5","bridge-service","/borrowers/bridge-financing","P1","Bridge Loan Calculator Canada 2026 — Financing Cost | Mortgage Squad","https://www.mortgagesquad.ca/bridge-loan-calculator","mortgagesquad.ca","direct lender, brokerage, or specialist","Ontario/Canada aligned","What Is A Bridge Loan And How Does It Work? | Bankrate","https://www.bankrate.com/mortgages/bridge-loan/","bankrate.com","comparison publisher / finance media","Bridge Financing in Canada | Mortgage Gap Funding","https://pragmatic.mortgage/products/bridge-financing","pragmatic.mortgage","direct lender, brokerage, or specialist","https://www.xero.com/us/guides/bridge-loan/","https://wealthnorth.ca/mortgages/bridge-financing-explained-canada/","5","direct lender, brokerage, or specialist","evergreen explainer / guide","Wins through exact local commercial intent, scenario specificity, speed/equity language, strong CTAs, and service-page relevance.","Commercially relevant but many pages rely on generic approval/speed claims, weak citations, opaque total cost, and little proof of exit planning.","Match the winners’ exact-query answer, evergreen explainer / guide, Ontario/Canada terminology, scannable structure, definitions, risks, and a clear next step. Cite the strongest primary source instead of paraphrasing unsupported rules.","Add what the dominant direct lender, brokerage, or specialist results omit: borrower-specific decision logic, transparent assumptions, a worked Ontario scenario, all-in economics, document requirements, failure modes, and a route beyond the current product.","Model the actual closing gap, firm-sale status, available equity, carrying cost, term, payout source, and failure modes; compare bank bridge, HELOC, refinance, and private bridge as one capital decision.","Deadline triage flow + evidence checklist + sober risk notice","Open with a 40–60 word answer to “bridge financing for closing gap”; follow with deadline triage flow + evidence checklist + sober risk notice; layer in model the actual closing gap, firm-sale status, available equity, carrying cost, term, payout source, and failure modes; compare bank bridge, HELOC, refinance, and private bridge as one capital decision. Support every material claim, answer the visible follow-up questions, and keep the full commercial pitch on /borrowers/bridge-financing.","Cite FSRA/FCAC/CMHC or Ontario primary sources; show brokerage #13827 and administrator #13828; attribute 28+ years and $1B+ funded to the principal broker with the July 14, 2026 methodology. Add a worked Ontario file with assumptions, timeline, verification points, contingency, and takeout source.","Request a time-sensitive scenario triage","/resources/bridge-financing-ontario; /borrowers/private-mortgage-financing","Article/Service as appropriate + visible FAQPage","Semiannual","live web search, one exact query","2026-07-20","Canada/Ontario query modifiers; exact localization not guaranteed","medium — five live result references","volume/difficulty/backlinks unavailable-not-zero"
"KW-120","same week bridge loan Ontario","bridge","Bridge financing","L5","bridge-service","/borrowers/bridge-financing","P1","Private Mortgage Lending & Construction Financing in Ontario | Richview Capital MIC","https://www.richviewcapital.com/","richviewcapital.com","direct lender, brokerage, or specialist","Ontario/Canada aligned","Bridge Loans Ontario — Close On Time with Fast Equity-Based Funding","https://www.lendworth.ca/bridge-loans","lendworth.ca","direct lender, brokerage, or specialist","Bridge Financing in Ontario: Buying Before You've Sold | Hassan Nouman","https://hassann.ca/blog/bridge-financing-ontario","hassann.ca","direct lender, brokerage, or specialist","https://documentcentre.ey.com/api/Document/download?docId=34063&language=EN","https://www.stonefieldcapital.ca/brokers","5","direct lender, brokerage, or specialist","commercial service / product page","Wins through exact local commercial intent, scenario specificity, speed/equity language, strong CTAs, and service-page relevance.","Commercially relevant but many pages rely on generic approval/speed claims, weak citations, opaque total cost, and little proof of exit planning.","Match the winners’ exact-query answer, commercial service / product page, Ontario/Canada terminology, scannable structure, definitions, risks, and a clear next step. Cite the strongest primary source instead of paraphrasing unsupported rules.","Add what the dominant direct lender, brokerage, or specialist results omit: borrower-specific decision logic, transparent assumptions, a worked Ontario scenario, all-in economics, document requirements, failure modes, and a route beyond the current product.","Model the actual closing gap, firm-sale status, available equity, carrying cost, term, payout source, and failure modes; compare bank bridge, HELOC, refinance, and private bridge as one capital decision.","Deadline triage flow + evidence checklist + sober risk notice","Open with a 40–60 word answer to “same week bridge loan Ontario”; follow with deadline triage flow + evidence checklist + sober risk notice; layer in model the actual closing gap, firm-sale status, available equity, carrying cost, term, payout source, and failure modes; compare bank bridge, HELOC, refinance, and private bridge as one capital decision. Support every material claim, answer the visible follow-up questions, and keep the full commercial pitch on /borrowers/bridge-financing.","Cite FSRA/FCAC/CMHC or Ontario primary sources; show brokerage #13827 and administrator #13828; attribute 28+ years and $1B+ funded to the principal broker with the July 14, 2026 methodology. Add a worked Ontario file with assumptions, timeline, verification points, contingency, and takeout source.","Request a time-sensitive scenario triage","/resources/bridge-financing-ontario; /borrowers/private-mortgage-financing","Article/Service as appropriate + visible FAQPage","Semiannual","live web search, one exact query","2026-07-20","Canada/Ontario query modifiers; exact localization not guaranteed","medium — five live result references","volume/difficulty/backlinks unavailable-not-zero"
"KW-121","what is a HELOC in Canada","heloc-equity","HELOC / home equity","L1","heloc-guide","/resources/heloc-ontario-guide","P1","Home equity lines of credit - Canada.ca","https://www.canada.ca/en/financial-consumer-agency/services/mortgages/home-equity-line-credit.html","canada.ca","government / regulator","Ontario/Canada aligned","Home equity lines of credit: Consumer knowledge and behaviour - Canada.ca","https://www.canada.ca/en/financial-consumer-agency/programs/research/home-equity-lines-credit-consumer-knowledge-behaviour.html","canada.ca","government / regulator","What Can You Use a HELOC For in Canada? | HomeEquity Bank","https://www.chip.ca/reverse-mortgage-resources/retirement-planning/what-can-you-use-a-heloc-for/","chip.ca","direct lender, brokerage, or specialist","https://www.canada.ca/en/financial-consumer-agency/services/loans/loans-lines-credit.html","https://www.canada.ca/en/financial-consumer-agency/services/mortgages/borrow-home-equity.html","5","government / regulator","evergreen explainer / guide","Wins trust through primary-source authority, exhaustive process coverage, neutral risk language, and durable internal linking.","Neutral and authoritative but rarely helps a borrower compare viable routes, model a file, or act with a focused document plan.","Match the winners’ exact-query answer, evergreen explainer / guide, Ontario/Canada terminology, scannable structure, definitions, risks, and a clear next step. Cite the strongest primary source instead of paraphrasing unsupported rules.","Add what the dominant government / regulator results omit: borrower-specific decision logic, transparent assumptions, a worked Ontario scenario, all-in economics, document requirements, failure modes, and a route beyond the current product.","Use an equity/LTV cushion model and refinance-vs-second-mortgage break-even tool to compare flexibility, payment relief, total debt, fees, and exit instead of ranking products by headline rate.","Answer-first explainer + route selector + annotated example","Open with a 40–60 word answer to “what is a HELOC in Canada”; follow with answer-first explainer + route selector + annotated example; layer in use an equity/LTV cushion model and refinance-vs-second-mortgage break-even tool to compare flexibility, payment relief, total debt, fees, and exit instead of ranking products by headline rate. Support every material claim, answer the visible follow-up questions, and keep the full commercial pitch on /resources/heloc-ontario-guide.","Cite FSRA/FCAC/CMHC or Ontario primary sources; show brokerage #13827 and administrator #13828; attribute 28+ years and $1B+ funded to the principal broker with the July 14, 2026 methodology. Add one anonymized borrower scenario and a named editorial reviewer.","See which financing route fits","/borrowers/heloc; /resources/heloc-vs-refinance-vs-renovation","Article/Service as appropriate + visible FAQPage","Semiannual","live web search, one exact query","2026-07-20","Canada/Ontario query modifiers; exact localization not guaranteed","medium — five live result references","volume/difficulty/backlinks unavailable-not-zero"
"KW-122","how does a HELOC work Ontario","heloc-equity","HELOC / home equity","L1","heloc-guide","/resources/heloc-ontario-guide","P1","What is a home equity line of credit (HELOC)? | Consumer Financial Protection Bureau","https://www.consumerfinance.gov/ask-cfpb/what-is-a-home-equity-line-of-credit-heloc-en-107/","consumerfinance.gov","government / regulator","foreign/US context — localization gap","Home equity lines of credit - Canada.ca","https://www.canada.ca/en/financial-consumer-agency/services/mortgages/home-equity-line-credit.html","canada.ca","government / regulator","Home Equity Line of Credit | HELOC | Ratehub.ca","https://www.ratehub.ca/home-equity-line-of-credit","ratehub.ca","comparison publisher / finance media","https://www.turnedaway.ca/2025/03/understanding-helocs-in-ontario-your-ultimate-guide-to-home-equity-lines-of-credit/","https://ratescout.ca/blog/heloc-rates-ontario","5","direct lender, brokerage, or specialist","evergreen explainer / guide","Wins through exact local commercial intent, scenario specificity, speed/equity language, strong CTAs, and service-page relevance.","Commercially relevant but many pages rely on generic approval/speed claims, weak citations, opaque total cost, and little proof of exit planning.","Match the winners’ exact-query answer, evergreen explainer / guide, Ontario/Canada terminology, scannable structure, definitions, risks, and a clear next step. Cite the strongest primary source instead of paraphrasing unsupported rules.","Add what the dominant direct lender, brokerage, or specialist results omit: borrower-specific decision logic, transparent assumptions, a worked Ontario scenario, all-in economics, document requirements, failure modes, and a route beyond the current product.","Use an equity/LTV cushion model and refinance-vs-second-mortgage break-even tool to compare flexibility, payment relief, total debt, fees, and exit instead of ranking products by headline rate.","Answer-first explainer + route selector + annotated example","Open with a 40–60 word answer to “how does a HELOC work Ontario”; follow with answer-first explainer + route selector + annotated example; layer in use an equity/LTV cushion model and refinance-vs-second-mortgage break-even tool to compare flexibility, payment relief, total debt, fees, and exit instead of ranking products by headline rate. Support every material claim, answer the visible follow-up questions, and keep the full commercial pitch on /resources/heloc-ontario-guide.","Cite FSRA/FCAC/CMHC or Ontario primary sources; show brokerage #13827 and administrator #13828; attribute 28+ years and $1B+ funded to the principal broker with the July 14, 2026 methodology. Add one anonymized borrower scenario and a named editorial reviewer.","See which financing route fits","/borrowers/heloc; /resources/heloc-vs-refinance-vs-renovation","Article/Service as appropriate + visible FAQPage","Semiannual","live web search, one exact query","2026-07-20","Canada/Ontario query modifiers; exact localization not guaranteed","medium — five live result references","volume/difficulty/backlinks unavailable-not-zero"
"KW-123","home equity line of credit explained","heloc-equity","HELOC / home equity","L1","heloc-guide","/resources/heloc-ontario-guide","P1","What is a home equity line of credit (HELOC)? | Consumer Financial Protection Bureau","https://www.consumerfinance.gov/ask-cfpb/what-is-a-home-equity-line-of-credit-heloc-en-107/","consumerfinance.gov","government / regulator","foreign/US context — localization gap","Home equity line of credit (HELOC): What it is and how it works | Rocket Mortgage","https://www.rocketmortgage.com/learn/home-equity-line-of-credit","rocketmortgage.com","direct lender, brokerage, or specialist","Home Equity Loans and Home Equity Lines of Credit | Consumer Advice","https://consumer.ftc.gov/articles/home-equity-loans-and-home-equity-lines-credit","consumer.ftc.gov","government / regulator","https://www.experian.com/blogs/ask-experian/what-is-a-home-equity-line-of-credit-heloc/?intcmp=Insightsblog-080725-the-heloc-revival-why-home-equity-lending-is-shaping-the-financial-future-of-2025","https://www.bills.com/learn/home-equity/what-is-a-heloc","5","direct lender, brokerage, or specialist","evergreen explainer / guide","Wins through exact local commercial intent, scenario specificity, speed/equity language, strong CTAs, and service-page relevance.","Commercially relevant but many pages rely on generic approval/speed claims, weak citations, opaque total cost, and little proof of exit planning.","Match the winners’ exact-query answer, evergreen explainer / guide, Ontario/Canada terminology, scannable structure, definitions, risks, and a clear next step. Cite the strongest primary source instead of paraphrasing unsupported rules.","Add what the dominant direct lender, brokerage, or specialist results omit: borrower-specific decision logic, transparent assumptions, a worked Ontario scenario, all-in economics, document requirements, failure modes, and a route beyond the current product.","Use an equity/LTV cushion model and refinance-vs-second-mortgage break-even tool to compare flexibility, payment relief, total debt, fees, and exit instead of ranking products by headline rate.","Document-readiness checklist + qualification decision tree","Open with a 40–60 word answer to “home equity line of credit explained”; follow with document-readiness checklist + qualification decision tree; layer in use an equity/LTV cushion model and refinance-vs-second-mortgage break-even tool to compare flexibility, payment relief, total debt, fees, and exit instead of ranking products by headline rate. Support every material claim, answer the visible follow-up questions, and keep the full commercial pitch on /resources/heloc-ontario-guide.","Cite FSRA/FCAC/CMHC or Ontario primary sources; show brokerage #13827 and administrator #13828; attribute 28+ years and $1B+ funded to the principal broker with the July 14, 2026 methodology. Add one anonymized borrower scenario and a named editorial reviewer.","See which financing route fits","/borrowers/heloc; /resources/heloc-vs-refinance-vs-renovation","Article/Service as appropriate + visible FAQPage","Semiannual","live web search, one exact query","2026-07-20","Canada/Ontario query modifiers; exact localization not guaranteed","medium — five live result references","volume/difficulty/backlinks unavailable-not-zero"
"KW-124","borrowing against home equity Canada","heloc-equity","HELOC / home equity","L1","heloc-guide","/resources/heloc-ontario-guide","P1","Borrowing against home equity - Canada.ca","https://www.canada.ca/en/financial-consumer-agency/services/mortgages/borrow-home-equity.html","canada.ca","government / regulator","Ontario/Canada aligned","Home equity lines of credit - Canada.ca","https://www.canada.ca/en/financial-consumer-agency/services/mortgages/home-equity-line-credit.html","canada.ca","government / regulator","Home Equity Line of Credit | HELOC | Ratehub.ca","https://www.ratehub.ca/home-equity-line-of-credit","ratehub.ca","comparison publisher / finance media","https://www.nerdwallet.com/ca/p/article/mortgages/home-equity-heres-how-and-when-to-tap-it","https://www.chip.ca/reverse-mortgage-resources/retirement-planning/what-can-you-use-a-heloc-for/","5","comparison publisher / finance media","commercial service / product page","Wins with exact-match headings, plain-language summaries, updated comparison tables, calculators, and broad long-tail coverage.","Broad and scannable but often generic, affiliate-led, thin on Ontario underwriting evidence, and disconnected from a real exit plan.","Match the winners’ exact-query answer, commercial service / product page, Ontario/Canada terminology, scannable structure, definitions, risks, and a clear next step. Cite the strongest primary source instead of paraphrasing unsupported rules.","Add what the dominant comparison publisher / finance media results omit: borrower-specific decision logic, transparent assumptions, a worked Ontario scenario, all-in economics, document requirements, failure modes, and a route beyond the current product.","Use an equity/LTV cushion model and refinance-vs-second-mortgage break-even tool to compare flexibility, payment relief, total debt, fees, and exit instead of ranking products by headline rate.","Document-readiness checklist + qualification decision tree","Open with a 40–60 word answer to “borrowing against home equity Canada”; follow with document-readiness checklist + qualification decision tree; layer in use an equity/LTV cushion model and refinance-vs-second-mortgage break-even tool to compare flexibility, payment relief, total debt, fees, and exit instead of ranking products by headline rate. Support every material claim, answer the visible follow-up questions, and keep the full commercial pitch on /resources/heloc-ontario-guide.","Cite FSRA/FCAC/CMHC or Ontario primary sources; show brokerage #13827 and administrator #13828; attribute 28+ years and $1B+ funded to the principal broker with the July 14, 2026 methodology. Add one anonymized borrower scenario and a named editorial reviewer.","See which financing route fits","/borrowers/heloc; /resources/heloc-vs-refinance-vs-renovation","Article/Service as appropriate + visible FAQPage","Semiannual","live web search, one exact query","2026-07-20","Canada/Ontario query modifiers; exact localization not guaranteed","medium — five live result references","volume/difficulty/backlinks unavailable-not-zero"
"KW-125","how much HELOC can I get Ontario","heloc-equity","HELOC / home equity","L2","heloc-guide","/resources/heloc-ontario-guide","P1","Best HELOC Rates in Ontario - Ratehub.ca","https://www.ratehub.ca/best-ontario-mortgage-rates/heloc","ratehub.ca","comparison publisher / finance media","Ontario/Canada aligned","HELOC rates Canada - Best Home Equity Line of Credit rates - Ratehub.ca","https://www.ratehub.ca/best-mortgage-rates/heloc","ratehub.ca","comparison publisher / finance media","Home equity lines of credit - Canada.ca","https://www.canada.ca/en/financial-consumer-agency/services/mortgages/home-equity-line-credit.html","canada.ca","government / regulator","https://www.ratehub.ca/home-equity-line-of-credit","https://ratescout.ca/blog/heloc-rates-ontario","5","comparison publisher / finance media","commercial service / product page","Wins with exact-match headings, plain-language summaries, updated comparison tables, calculators, and broad long-tail coverage.","Broad and scannable but often generic, affiliate-led, thin on Ontario underwriting evidence, and disconnected from a real exit plan.","Match the winners’ exact-query answer, commercial service / product page, Ontario/Canada terminology, scannable structure, definitions, risks, and a clear next step. Cite the strongest primary source instead of paraphrasing unsupported rules.","Add what the dominant comparison publisher / finance media results omit: borrower-specific decision logic, transparent assumptions, a worked Ontario scenario, all-in economics, document requirements, failure modes, and a route beyond the current product.","Use an equity/LTV cushion model and refinance-vs-second-mortgage break-even tool to compare flexibility, payment relief, total debt, fees, and exit instead of ranking products by headline rate.","Answer-first section + worked scenario + focused CTA","Open with a 40–60 word answer to “how much HELOC can I get Ontario”; follow with answer-first section + worked scenario + focused cta; layer in use an equity/LTV cushion model and refinance-vs-second-mortgage break-even tool to compare flexibility, payment relief, total debt, fees, and exit instead of ranking products by headline rate. Support every material claim, answer the visible follow-up questions, and keep the full commercial pitch on /resources/heloc-ontario-guide.","Cite FSRA/FCAC/CMHC or Ontario primary sources; show brokerage #13827 and administrator #13828; attribute 28+ years and $1B+ funded to the principal broker with the July 14, 2026 methodology. Add one anonymized borrower scenario and a named editorial reviewer.","Pressure-test my scenario","/borrowers/heloc; /resources/heloc-vs-refinance-vs-renovation","Article/Service as appropriate + visible FAQPage","Semiannual","live web search, one exact query","2026-07-20","Canada/Ontario query modifiers; exact localization not guaranteed","medium — five live result references","volume/difficulty/backlinks unavailable-not-zero"
"KW-126","HELOC equity requirements Ontario","heloc-equity","HELOC / home equity","L2","heloc-guide","/resources/heloc-ontario-guide","P1","Home equity lines of credit - Canada.ca","https://www.canada.ca/en/financial-consumer-agency/services/mortgages/home-equity-line-credit.html","canada.ca","government / regulator","Ontario/Canada aligned","Home Equity Line of Credit | HELOC | Ratehub.ca","https://www.ratehub.ca/home-equity-line-of-credit","ratehub.ca","comparison publisher / finance media","HELOC Requirements | Bills.com","https://www.bills.com/learn/home-equity/heloc-requirements","bills.com","direct lender, brokerage, or specialist","https://www.equitablebank.ca/docs/default-source/alternative-mortgages-library/feature-sheets/feature-sheet---ontario.pdf?sfvrsn=5a2ad531_4","https://www.forbes.com/advisor/home-equity/heloc-requirements/","5","comparison publisher / finance media","qualification process / checklist","Wins with exact-match headings, plain-language summaries, updated comparison tables, calculators, and broad long-tail coverage.","Broad and scannable but often generic, affiliate-led, thin on Ontario underwriting evidence, and disconnected from a real exit plan.","Match the winners’ exact-query answer, qualification process / checklist, Ontario/Canada terminology, scannable structure, definitions, risks, and a clear next step. Cite the strongest primary source instead of paraphrasing unsupported rules.","Add what the dominant comparison publisher / finance media results omit: borrower-specific decision logic, transparent assumptions, a worked Ontario scenario, all-in economics, document requirements, failure modes, and a route beyond the current product.","Use an equity/LTV cushion model and refinance-vs-second-mortgage break-even tool to compare flexibility, payment relief, total debt, fees, and exit instead of ranking products by headline rate.","Document-readiness checklist + qualification decision tree","Open with a 40–60 word answer to “HELOC equity requirements Ontario”; follow with document-readiness checklist + qualification decision tree; layer in use an equity/LTV cushion model and refinance-vs-second-mortgage break-even tool to compare flexibility, payment relief, total debt, fees, and exit instead of ranking products by headline rate. Support every material claim, answer the visible follow-up questions, and keep the full commercial pitch on /resources/heloc-ontario-guide.","Cite FSRA/FCAC/CMHC or Ontario primary sources; show brokerage #13827 and administrator #13828; attribute 28+ years and $1B+ funded to the principal broker with the July 14, 2026 methodology. Add one anonymized borrower scenario and a named editorial reviewer.","Pressure-test my scenario","/borrowers/heloc; /resources/heloc-vs-refinance-vs-renovation","Article/Service as appropriate + visible FAQPage","Semiannual","live web search, one exact query","2026-07-20","Canada/Ontario query modifiers; exact localization not guaranteed","medium — five live result references","volume/difficulty/backlinks unavailable-not-zero"
"KW-127","HELOC credit score requirements Canada","heloc-equity","HELOC / home equity","L2","heloc-guide","/resources/heloc-ontario-guide","P1","Home equity lines of credit - Canada.ca","https://www.canada.ca/en/financial-consumer-agency/services/mortgages/home-equity-line-credit.html","canada.ca","government / regulator","Ontario/Canada aligned","HELOC rates Canada - Best Home Equity Line of Credit rates - Ratehub.ca","https://www.ratehub.ca/best-mortgage-rates/heloc","ratehub.ca","comparison publisher / finance media","Home Equity Line of Credit | HELOC | Ratehub.ca","https://www.ratehub.ca/home-equity-line-of-credit","ratehub.ca","comparison publisher / finance media","https://www.lendingtree.com/home/home-equity/heloc/requirements/","https://www.chase.com/personal/mortgage/education/financing-a-home/credit-score-needed-for-home-equity-loan","5","comparison publisher / finance media","qualification process / checklist","Wins with exact-match headings, plain-language summaries, updated comparison tables, calculators, and broad long-tail coverage.","Broad and scannable but often generic, affiliate-led, thin on Ontario underwriting evidence, and disconnected from a real exit plan.","Match the winners’ exact-query answer, qualification process / checklist, Ontario/Canada terminology, scannable structure, definitions, risks, and a clear next step. Cite the strongest primary source instead of paraphrasing unsupported rules.","Add what the dominant comparison publisher / finance media results omit: borrower-specific decision logic, transparent assumptions, a worked Ontario scenario, all-in economics, document requirements, failure modes, and a route beyond the current product.","Use an equity/LTV cushion model and refinance-vs-second-mortgage break-even tool to compare flexibility, payment relief, total debt, fees, and exit instead of ranking products by headline rate.","Document-readiness checklist + qualification decision tree","Open with a 40–60 word answer to “HELOC credit score requirements Canada”; follow with document-readiness checklist + qualification decision tree; layer in use an equity/LTV cushion model and refinance-vs-second-mortgage break-even tool to compare flexibility, payment relief, total debt, fees, and exit instead of ranking products by headline rate. Support every material claim, answer the visible follow-up questions, and keep the full commercial pitch on /resources/heloc-ontario-guide.","Cite FSRA/FCAC/CMHC or Ontario primary sources; show brokerage #13827 and administrator #13828; attribute 28+ years and $1B+ funded to the principal broker with the July 14, 2026 methodology. Add one anonymized borrower scenario and a named editorial reviewer.","Pressure-test my scenario","/borrowers/heloc; /resources/heloc-vs-refinance-vs-renovation","Article/Service as appropriate + visible FAQPage","Semiannual","live web search, one exact query","2026-07-20","Canada/Ontario query modifiers; exact localization not guaranteed","medium — five live result references","volume/difficulty/backlinks unavailable-not-zero"
"KW-128","home equity loan eligibility Ontario","heloc-equity","HELOC / home equity","L2","heloc-guide","/resources/heloc-ontario-guide","P1","Home Equity Loan | Ontario, Canada | Get Approved!","https://www.turnedaway.ca/home-equity-loans/","turnedaway.ca","direct lender, brokerage, or specialist","Ontario/Canada aligned","Shared equity homeownership | ontario.ca","https://www.ontario.ca/page/shared-equity-homeownership","ontario.ca","government / regulator","Borrowing against home equity - Canada.ca","https://www.canada.ca/en/financial-consumer-agency/services/mortgages/borrow-home-equity.html","canada.ca","government / regulator","https://www.canada.ca/en/financial-consumer-agency/services/mortgages/home-equity-line-credit.html","https://www.ratehub.ca/home-equity-line-of-credit","5","government / regulator","qualification process / checklist","Wins trust through primary-source authority, exhaustive process coverage, neutral risk language, and durable internal linking.","Neutral and authoritative but rarely helps a borrower compare viable routes, model a file, or act with a focused document plan.","Match the winners’ exact-query answer, qualification process / checklist, Ontario/Canada terminology, scannable structure, definitions, risks, and a clear next step. Cite the strongest primary source instead of paraphrasing unsupported rules.","Add what the dominant government / regulator results omit: borrower-specific decision logic, transparent assumptions, a worked Ontario scenario, all-in economics, document requirements, failure modes, and a route beyond the current product.","Use an equity/LTV cushion model and refinance-vs-second-mortgage break-even tool to compare flexibility, payment relief, total debt, fees, and exit instead of ranking products by headline rate.","Document-readiness checklist + qualification decision tree","Open with a 40–60 word answer to “home equity loan eligibility Ontario”; follow with document-readiness checklist + qualification decision tree; layer in use an equity/LTV cushion model and refinance-vs-second-mortgage break-even tool to compare flexibility, payment relief, total debt, fees, and exit instead of ranking products by headline rate. Support every material claim, answer the visible follow-up questions, and keep the full commercial pitch on /resources/heloc-ontario-guide.","Cite FSRA/FCAC/CMHC or Ontario primary sources; show brokerage #13827 and administrator #13828; attribute 28+ years and $1B+ funded to the principal broker with the July 14, 2026 methodology. Add one anonymized borrower scenario and a named editorial reviewer.","Pressure-test my scenario","/borrowers/heloc; /resources/heloc-vs-refinance-vs-renovation","Article/Service as appropriate + visible FAQPage","Semiannual","live web search, one exact query","2026-07-20","Canada/Ontario query modifiers; exact localization not guaranteed","medium — five live result references","volume/difficulty/backlinks unavailable-not-zero"
"KW-129","HELOC vs refinance Ontario","heloc-equity","HELOC / home equity","L3","equity-comparison","/resources/heloc-vs-refinance-vs-renovation","P1","Mortgage vs Home Equity Loan vs HELOC: Which Is Right for You? | WealthNorth","https://wealthnorth.ca/mortgages/refinancing-and-home-equity/mortgage-vs-home-equity-loan-vs-heloc/","wealthnorth.ca","direct lender, brokerage, or specialist","Ontario/Canada aligned","HELOC vs Refinance in Canada: Which One Should You Choose? (2026) | WealthNorth","https://wealthnorth.ca/mortgages/refinancing-and-home-equity/heloc-vs-refinance-canada/","wealthnorth.ca","direct lender, brokerage, or specialist","HELOC or home equity loan vs. cash-out refinance (2026)","https://www.finder.com/home-equity/cash-out-refinance-vs-home-equity-loan","finder.com","comparison publisher / finance media","https://lendsimpl.ca/heloc-vs-refinance-ontario","https://lendinghub.ca/blog/heloc-vs-refinance-in-canada-which-option-is-right-for-you","5","direct lender, brokerage, or specialist","comparison / decision guide","Wins through exact local commercial intent, scenario specificity, speed/equity language, strong CTAs, and service-page relevance.","Commercially relevant but many pages rely on generic approval/speed claims, weak citations, opaque total cost, and little proof of exit planning.","Match the winners’ exact-query answer, comparison / decision guide, Ontario/Canada terminology, scannable structure, definitions, risks, and a clear next step. Cite the strongest primary source instead of paraphrasing unsupported rules.","Add what the dominant direct lender, brokerage, or specialist results omit: borrower-specific decision logic, transparent assumptions, a worked Ontario scenario, all-in economics, document requirements, failure modes, and a route beyond the current product.","Use an equity/LTV cushion model and refinance-vs-second-mortgage break-even tool to compare flexibility, payment relief, total debt, fees, and exit instead of ranking products by headline rate.","Original comparison matrix + scenario calculator","Open with a 40–60 word answer to “HELOC vs refinance Ontario”; follow with original comparison matrix + scenario calculator; layer in use an equity/LTV cushion model and refinance-vs-second-mortgage break-even tool to compare flexibility, payment relief, total debt, fees, and exit instead of ranking products by headline rate. Support every material claim, answer the visible follow-up questions, and keep the full commercial pitch on /resources/heloc-vs-refinance-vs-renovation.","Cite FSRA/FCAC/CMHC or Ontario primary sources; show brokerage #13827 and administrator #13828; attribute 28+ years and $1B+ funded to the principal broker with the July 14, 2026 methodology. Add one anonymized borrower scenario and a named editorial reviewer.","Compare my realistic financing routes","/borrowers/heloc; /borrowers/renovation-financing; /borrowers/private-mortgage-financing","Article + WebApplication + visible FAQPage","Semiannual","live web search, one exact query","2026-07-20","Canada/Ontario query modifiers; exact localization not guaranteed","medium — five live result references","volume/difficulty/backlinks unavailable-not-zero"
"KW-130","HELOC vs home equity loan Canada","heloc-equity","HELOC / home equity","L3","equity-comparison","/resources/heloc-vs-refinance-vs-renovation","P1","Home equity lines of credit - Canada.ca","https://www.canada.ca/en/financial-consumer-agency/services/mortgages/home-equity-line-credit.html","canada.ca","government / regulator","Ontario/Canada aligned","Borrowing against home equity - Canada.ca","https://www.canada.ca/en/financial-consumer-agency/services/mortgages/borrow-home-equity.html","canada.ca","government / regulator","Home Equity Line of Credit | HELOC | Ratehub.ca","https://www.ratehub.ca/home-equity-line-of-credit","ratehub.ca","comparison publisher / finance media","https://wealthnorth.ca/mortgages/refinancing-and-home-equity/mortgage-vs-home-equity-loan-vs-heloc/","https://www.scotiabank.com/ca/en/personal/advice-plus/features/posts.how-canadians-can-use-home-equity.html","5","government / regulator","comparison / decision guide","Wins trust through primary-source authority, exhaustive process coverage, neutral risk language, and durable internal linking.","Neutral and authoritative but rarely helps a borrower compare viable routes, model a file, or act with a focused document plan.","Match the winners’ exact-query answer, comparison / decision guide, Ontario/Canada terminology, scannable structure, definitions, risks, and a clear next step. Cite the strongest primary source instead of paraphrasing unsupported rules.","Add what the dominant government / regulator results omit: borrower-specific decision logic, transparent assumptions, a worked Ontario scenario, all-in economics, document requirements, failure modes, and a route beyond the current product.","Use an equity/LTV cushion model and refinance-vs-second-mortgage break-even tool to compare flexibility, payment relief, total debt, fees, and exit instead of ranking products by headline rate.","Original comparison matrix + scenario calculator","Open with a 40–60 word answer to “HELOC vs home equity loan Canada”; follow with original comparison matrix + scenario calculator; layer in use an equity/LTV cushion model and refinance-vs-second-mortgage break-even tool to compare flexibility, payment relief, total debt, fees, and exit instead of ranking products by headline rate. Support every material claim, answer the visible follow-up questions, and keep the full commercial pitch on /resources/heloc-vs-refinance-vs-renovation.","Cite FSRA/FCAC/CMHC or Ontario primary sources; show brokerage #13827 and administrator #13828; attribute 28+ years and $1B+ funded to the principal broker with the July 14, 2026 methodology. Add one anonymized borrower scenario and a named editorial reviewer.","Compare my realistic financing routes","/borrowers/heloc; /borrowers/renovation-financing; /borrowers/private-mortgage-financing","Article + WebApplication + visible FAQPage","Semiannual","live web search, one exact query","2026-07-20","Canada/Ontario query modifiers; exact localization not guaranteed","medium — five live result references","volume/difficulty/backlinks unavailable-not-zero"
"KW-131","HELOC vs second mortgage Ontario","heloc-equity","HELOC / home equity","L3","equity-comparison","/resources/heloc-vs-refinance-vs-renovation","P1","Borrowing against home equity - Canada.ca","https://www.canada.ca/en/financial-consumer-agency/services/mortgages/borrow-home-equity.html","canada.ca","government / regulator","Ontario/Canada aligned","Roger Carroll - Real Mortgage Associates Inc.","https://www.mortgageontario.ca/second-mortgages","mortgageontario.ca","direct lender, brokerage, or specialist","HELOC vs Second Mortgage 2026 | Ontario Home Equity Guide","https://www.lendworth.ca/blog/lendworth-blog-1/second-mortgage-vs-heloc-what-s-better-in-2026-569","lendworth.ca","direct lender, brokerage, or specialist","https://wealthnorth.ca/mortgages/refinancing-and-home-equity/mortgage-vs-home-equity-loan-vs-heloc/","https://www.lendworth.ca/blog/lendworth-blog-1/second-mortgage-vs-refinance-which-one-makes-more-sense-for-ontario-homeowners-1139","5","direct lender, brokerage, or specialist","comparison / decision guide","Wins through exact local commercial intent, scenario specificity, speed/equity language, strong CTAs, and service-page relevance.","Commercially relevant but many pages rely on generic approval/speed claims, weak citations, opaque total cost, and little proof of exit planning.","Match the winners’ exact-query answer, comparison / decision guide, Ontario/Canada terminology, scannable structure, definitions, risks, and a clear next step. Cite the strongest primary source instead of paraphrasing unsupported rules.","Add what the dominant direct lender, brokerage, or specialist results omit: borrower-specific decision logic, transparent assumptions, a worked Ontario scenario, all-in economics, document requirements, failure modes, and a route beyond the current product.","Use an equity/LTV cushion model and refinance-vs-second-mortgage break-even tool to compare flexibility, payment relief, total debt, fees, and exit instead of ranking products by headline rate.","Original comparison matrix + scenario calculator","Open with a 40–60 word answer to “HELOC vs second mortgage Ontario”; follow with original comparison matrix + scenario calculator; layer in use an equity/LTV cushion model and refinance-vs-second-mortgage break-even tool to compare flexibility, payment relief, total debt, fees, and exit instead of ranking products by headline rate. Support every material claim, answer the visible follow-up questions, and keep the full commercial pitch on /resources/heloc-vs-refinance-vs-renovation.","Cite FSRA/FCAC/CMHC or Ontario primary sources; show brokerage #13827 and administrator #13828; attribute 28+ years and $1B+ funded to the principal broker with the July 14, 2026 methodology. Add one anonymized borrower scenario and a named editorial reviewer.","Compare my realistic financing routes","/borrowers/heloc; /borrowers/renovation-financing; /borrowers/private-mortgage-financing","Article + WebApplication + visible FAQPage","Semiannual","live web search, one exact query","2026-07-20","Canada/Ontario query modifiers; exact localization not guaranteed","medium — five live result references","volume/difficulty/backlinks unavailable-not-zero"
"KW-132","HELOC vs personal line of credit","heloc-equity","HELOC / home equity","L3","equity-comparison","/resources/heloc-vs-refinance-vs-renovation","P1","What is a home equity line of credit (HELOC)? | Consumer Financial Protection Bureau","https://www.consumerfinance.gov/ask-cfpb/what-is-a-home-equity-line-of-credit-heloc-en-107/","consumerfinance.gov","government / regulator","foreign/US context — localization gap","Personal Line of Credit vs. HELOC | SoFi","https://www.sofi.com/learn/content/personal-line-of-credit-vs.-heloc/","sofi.com","direct lender, brokerage, or specialist","HELOC vs Personal Line of Credit in Canada 2026 | WealthNorth","https://wealthnorth.ca/banking/heloc-vs-personal-line-of-credit/","wealthnorth.ca","direct lender, brokerage, or specialist","https://www.experian.com/blogs/ask-experian/heloc-vs-personal-loan-which-is-better/","https://legalclarity.org/heloc-vs-personal-loans-credit-cards-and-unsecured-lines/","5","direct lender, brokerage, or specialist","comparison / decision guide","Wins through exact local commercial intent, scenario specificity, speed/equity language, strong CTAs, and service-page relevance.","Commercially relevant but many pages rely on generic approval/speed claims, weak citations, opaque total cost, and little proof of exit planning.","Match the winners’ exact-query answer, comparison / decision guide, Ontario/Canada terminology, scannable structure, definitions, risks, and a clear next step. Cite the strongest primary source instead of paraphrasing unsupported rules.","Add what the dominant direct lender, brokerage, or specialist results omit: borrower-specific decision logic, transparent assumptions, a worked Ontario scenario, all-in economics, document requirements, failure modes, and a route beyond the current product.","Use an equity/LTV cushion model and refinance-vs-second-mortgage break-even tool to compare flexibility, payment relief, total debt, fees, and exit instead of ranking products by headline rate.","Original comparison matrix + scenario calculator","Open with a 40–60 word answer to “HELOC vs personal line of credit”; follow with original comparison matrix + scenario calculator; layer in use an equity/LTV cushion model and refinance-vs-second-mortgage break-even tool to compare flexibility, payment relief, total debt, fees, and exit instead of ranking products by headline rate. Support every material claim, answer the visible follow-up questions, and keep the full commercial pitch on /resources/heloc-vs-refinance-vs-renovation.","Cite FSRA/FCAC/CMHC or Ontario primary sources; show brokerage #13827 and administrator #13828; attribute 28+ years and $1B+ funded to the principal broker with the July 14, 2026 methodology. Add one anonymized borrower scenario and a named editorial reviewer.","Compare my realistic financing routes","/borrowers/heloc; /borrowers/renovation-financing; /borrowers/private-mortgage-financing","Article + WebApplication + visible FAQPage","Semiannual","live web search, one exact query","2026-07-20","Canada/Ontario query modifiers; exact localization not guaranteed","medium — five live result references","volume/difficulty/backlinks unavailable-not-zero"
"KW-133","HELOC lender Ontario","heloc-equity","HELOC / home equity","L4","heloc-service","/borrowers/heloc","P1","Home Equity Loan | Ontario, Canada | Get Approved!","https://www.turnedaway.ca/home-equity-loans/","turnedaway.ca","direct lender, brokerage, or specialist","Ontario/Canada aligned","Best HELOC Rates in Ontario - Ratehub.ca","https://www.ratehub.ca/best-ontario-mortgage-rates/heloc","ratehub.ca","comparison publisher / finance media","Home Equity Loans & HELOCs in Ontario | HomeEquityLoans.ca","https://www.homeequityloans.ca/","homeequityloans.ca","direct lender, brokerage, or specialist","https://www.360lending.ca/products/home-equity-loan","https://homebasemortgages.ca/","5","direct lender, brokerage, or specialist","commercial service / product page","Wins through exact local commercial intent, scenario specificity, speed/equity language, strong CTAs, and service-page relevance.","Commercially relevant but many pages rely on generic approval/speed claims, weak citations, opaque total cost, and little proof of exit planning.","Match the winners’ exact-query answer, commercial service / product page, Ontario/Canada terminology, scannable structure, definitions, risks, and a clear next step. Cite the strongest primary source instead of paraphrasing unsupported rules.","Add what the dominant direct lender, brokerage, or specialist results omit: borrower-specific decision logic, transparent assumptions, a worked Ontario scenario, all-in economics, document requirements, failure modes, and a route beyond the current product.","Use an equity/LTV cushion model and refinance-vs-second-mortgage break-even tool to compare flexibility, payment relief, total debt, fees, and exit instead of ranking products by headline rate.","Service decision module + lender-tier route selector + focused intake","Open with a 40–60 word answer to “HELOC lender Ontario”; follow with service decision module + lender-tier route selector + focused intake; layer in use an equity/LTV cushion model and refinance-vs-second-mortgage break-even tool to compare flexibility, payment relief, total debt, fees, and exit instead of ranking products by headline rate. Support every material claim, answer the visible follow-up questions, and keep the full commercial pitch on /borrowers/heloc.","Cite FSRA/FCAC/CMHC or Ontario primary sources; show brokerage #13827 and administrator #13828; attribute 28+ years and $1B+ funded to the principal broker with the July 14, 2026 methodology. Add one anonymized borrower scenario and a named editorial reviewer.","Get a focused eligibility and document review","/resources/heloc-ontario-guide; /resources/heloc-vs-refinance-vs-renovation; /borrowers/private-mortgage-financing","Article/Service as appropriate + visible FAQPage","Semiannual","live web search, one exact query","2026-07-20","Canada/Ontario query modifiers; exact localization not guaranteed","medium — five live result references","volume/difficulty/backlinks unavailable-not-zero"
"KW-134","home equity loan broker Ontario","heloc-equity","HELOC / home equity","L4","heloc-service","/borrowers/heloc","P1","Alternative Mortgage Broker in Ontario | Turnedaway.ca","https://www.turnedaway.ca/","turnedaway.ca","direct lender, brokerage, or specialist","Ontario/Canada aligned","Home Equity Loans Ontario | Trusted Loan Solutions | 360Lending","https://www.360lending.ca/products/home-equity-loan","360lending.ca","direct lender, brokerage, or specialist","Award-Winning Online Mortgage Brokerage Ontario | 360Lending","https://www.360lending.ca/","360lending.ca","direct lender, brokerage, or specialist","https://fastmortgages.ca/","https://www.turnedaway.ca/home-equity-loans/","5","direct lender, brokerage, or specialist","commercial service / product page","Wins through exact local commercial intent, scenario specificity, speed/equity language, strong CTAs, and service-page relevance.","Commercially relevant but many pages rely on generic approval/speed claims, weak citations, opaque total cost, and little proof of exit planning.","Match the winners’ exact-query answer, commercial service / product page, Ontario/Canada terminology, scannable structure, definitions, risks, and a clear next step. Cite the strongest primary source instead of paraphrasing unsupported rules.","Add what the dominant direct lender, brokerage, or specialist results omit: borrower-specific decision logic, transparent assumptions, a worked Ontario scenario, all-in economics, document requirements, failure modes, and a route beyond the current product.","Use an equity/LTV cushion model and refinance-vs-second-mortgage break-even tool to compare flexibility, payment relief, total debt, fees, and exit instead of ranking products by headline rate.","Document-readiness checklist + qualification decision tree","Open with a 40–60 word answer to “home equity loan broker Ontario”; follow with document-readiness checklist + qualification decision tree; layer in use an equity/LTV cushion model and refinance-vs-second-mortgage break-even tool to compare flexibility, payment relief, total debt, fees, and exit instead of ranking products by headline rate. Support every material claim, answer the visible follow-up questions, and keep the full commercial pitch on /borrowers/heloc.","Cite FSRA/FCAC/CMHC or Ontario primary sources; show brokerage #13827 and administrator #13828; attribute 28+ years and $1B+ funded to the principal broker with the July 14, 2026 methodology. Add one anonymized borrower scenario and a named editorial reviewer.","Get a focused eligibility and document review","/resources/heloc-ontario-guide; /resources/heloc-vs-refinance-vs-renovation; /borrowers/private-mortgage-financing","Article/Service as appropriate + visible FAQPage","Semiannual","live web search, one exact query","2026-07-20","Canada/Ontario query modifiers; exact localization not guaranteed","medium — five live result references","volume/difficulty/backlinks unavailable-not-zero"
"KW-135","apply for HELOC Ontario","heloc-equity","HELOC / home equity","L4","heloc-service","/borrowers/heloc","P1","HELOCRATE.CA","https://apply.helocrate.ca/","apply.helocrate.ca","direct lender, brokerage, or specialist","Ontario/Canada aligned","HELOC Rate","https://helocrate.ca/","helocrate.ca","direct lender, brokerage, or specialist","Get a HELOC without leaving your home - Advance Mortgages","https://apply.advancemortgages.ca/","apply.advancemortgages.ca","direct lender, brokerage, or specialist","https://www.reliantcu.com/personal/loans/home/equity/","https://www.homeequityloans.ca/","5","direct lender, brokerage, or specialist","commercial service / product page","Wins through exact local commercial intent, scenario specificity, speed/equity language, strong CTAs, and service-page relevance.","Commercially relevant but many pages rely on generic approval/speed claims, weak citations, opaque total cost, and little proof of exit planning.","Match the winners’ exact-query answer, commercial service / product page, Ontario/Canada terminology, scannable structure, definitions, risks, and a clear next step. Cite the strongest primary source instead of paraphrasing unsupported rules.","Add what the dominant direct lender, brokerage, or specialist results omit: borrower-specific decision logic, transparent assumptions, a worked Ontario scenario, all-in economics, document requirements, failure modes, and a route beyond the current product.","Use an equity/LTV cushion model and refinance-vs-second-mortgage break-even tool to compare flexibility, payment relief, total debt, fees, and exit instead of ranking products by headline rate.","Service decision module + lender-tier route selector + focused intake","Open with a 40–60 word answer to “apply for HELOC Ontario”; follow with service decision module + lender-tier route selector + focused intake; layer in use an equity/LTV cushion model and refinance-vs-second-mortgage break-even tool to compare flexibility, payment relief, total debt, fees, and exit instead of ranking products by headline rate. Support every material claim, answer the visible follow-up questions, and keep the full commercial pitch on /borrowers/heloc.","Cite FSRA/FCAC/CMHC or Ontario primary sources; show brokerage #13827 and administrator #13828; attribute 28+ years and $1B+ funded to the principal broker with the July 14, 2026 methodology. Add one anonymized borrower scenario and a named editorial reviewer.","Get a focused eligibility and document review","/resources/heloc-ontario-guide; /resources/heloc-vs-refinance-vs-renovation; /borrowers/private-mortgage-financing","Article/Service as appropriate + visible FAQPage","Semiannual","live web search, one exact query","2026-07-20","Canada/Ontario query modifiers; exact localization not guaranteed","medium — five live result references","volume/difficulty/backlinks unavailable-not-zero"
"KW-136","HELOC rates and fees Ontario","heloc-equity","HELOC / home equity","L4","heloc-service","/borrowers/heloc","P1","Best HELOC Rates in Ontario - Ratehub.ca","https://www.ratehub.ca/best-ontario-mortgage-rates/heloc","ratehub.ca","comparison publisher / finance media","Ontario/Canada aligned","Home Equity Line of Credit (HELOC) Rates in Canada - nesto.ca","https://www.nesto.ca/mortgage-rates/heloc-mortgage-rates/","nesto.ca","comparison publisher / finance media","Best Canada HELOC Rates - 4.45% | WOWA.ca","https://wowa.ca/heloc-rates","wowa.ca","comparison publisher / finance media","https://www.ratehub.ca/best-mortgage-rates/heloc","https://www.ratehub.ca/home-equity-line-of-credit","5","comparison publisher / finance media","commercial service / product page","Wins with exact-match headings, plain-language summaries, updated comparison tables, calculators, and broad long-tail coverage.","Broad and scannable but often generic, affiliate-led, thin on Ontario underwriting evidence, and disconnected from a real exit plan.","Match the winners’ exact-query answer, commercial service / product page, Ontario/Canada terminology, scannable structure, definitions, risks, and a clear next step. Cite the strongest primary source instead of paraphrasing unsupported rules.","Add what the dominant comparison publisher / finance media results omit: borrower-specific decision logic, transparent assumptions, a worked Ontario scenario, all-in economics, document requirements, failure modes, and a route beyond the current product.","Use an equity/LTV cushion model and refinance-vs-second-mortgage break-even tool to compare flexibility, payment relief, total debt, fees, and exit instead of ranking products by headline rate.","All-in cost calculator + worked Ontario examples","Open with a 40–60 word answer to “HELOC rates and fees Ontario”; follow with all-in cost calculator + worked ontario examples; layer in use an equity/LTV cushion model and refinance-vs-second-mortgage break-even tool to compare flexibility, payment relief, total debt, fees, and exit instead of ranking products by headline rate. Support every material claim, answer the visible follow-up questions, and keep the full commercial pitch on /borrowers/heloc.","Cite FSRA/FCAC/CMHC or Ontario primary sources; show brokerage #13827 and administrator #13828; attribute 28+ years and $1B+ funded to the principal broker with the July 14, 2026 methodology. Date every rate/cost input and expose calculator assumptions; do not publish universal rates as promises.","Get a focused eligibility and document review","/resources/heloc-ontario-guide; /resources/heloc-vs-refinance-vs-renovation; /borrowers/private-mortgage-financing","Article + WebApplication + visible FAQPage","Quarterly and after material policy/rate change","live web search, one exact query","2026-07-20","Canada/Ontario query modifiers; exact localization not guaranteed","medium — five live result references","volume/difficulty/backlinks unavailable-not-zero"
"KW-137","urgent home equity loan Ontario","heloc-equity","HELOC / home equity","L5","heloc-service","/borrowers/heloc","P1","Home Equity Loans Ontario — Access Your Equity Fast (All Credit)","https://www.lendworth.ca/home-equity-line","lendworth.ca","direct lender, brokerage, or specialist","Ontario/Canada aligned","Emergency Home Equity Loans Ontario — Get Cash Fast","https://www.lendworth.ca/emergency-loans","lendworth.ca","direct lender, brokerage, or specialist","Home Equity Loan | Ontario, Canada | Get Approved!","https://www.turnedaway.ca/home-equity-loans/","turnedaway.ca","direct lender, brokerage, or specialist","https://www.mymortgagefinder.ca/","https://www.turnedaway.ca/","5","direct lender, brokerage, or specialist","commercial service / product page","Wins through exact local commercial intent, scenario specificity, speed/equity language, strong CTAs, and service-page relevance.","Commercially relevant but many pages rely on generic approval/speed claims, weak citations, opaque total cost, and little proof of exit planning.","Match the winners’ exact-query answer, commercial service / product page, Ontario/Canada terminology, scannable structure, definitions, risks, and a clear next step. Cite the strongest primary source instead of paraphrasing unsupported rules.","Add what the dominant direct lender, brokerage, or specialist results omit: borrower-specific decision logic, transparent assumptions, a worked Ontario scenario, all-in economics, document requirements, failure modes, and a route beyond the current product.","Use an equity/LTV cushion model and refinance-vs-second-mortgage break-even tool to compare flexibility, payment relief, total debt, fees, and exit instead of ranking products by headline rate.","Document-readiness checklist + qualification decision tree","Open with a 40–60 word answer to “urgent home equity loan Ontario”; follow with document-readiness checklist + qualification decision tree; layer in use an equity/LTV cushion model and refinance-vs-second-mortgage break-even tool to compare flexibility, payment relief, total debt, fees, and exit instead of ranking products by headline rate. Support every material claim, answer the visible follow-up questions, and keep the full commercial pitch on /borrowers/heloc.","Cite FSRA/FCAC/CMHC or Ontario primary sources; show brokerage #13827 and administrator #13828; attribute 28+ years and $1B+ funded to the principal broker with the July 14, 2026 methodology. Add one anonymized borrower scenario and a named editorial reviewer.","Request a time-sensitive scenario triage","/resources/heloc-ontario-guide; /resources/heloc-vs-refinance-vs-renovation; /borrowers/private-mortgage-financing","Article/Service as appropriate + visible FAQPage","Semiannual","live web search, one exact query","2026-07-20","Canada/Ontario query modifiers; exact localization not guaranteed","medium — five live result references","volume/difficulty/backlinks unavailable-not-zero"
"KW-138","HELOC declined by bank options","heloc-equity","HELOC / home equity","L5","heloc-service","/borrowers/heloc","P1","What to do if you are denied a HELOC or home equity loan","https://www.bankrate.com/home-equity/what-to-do-if-denied-a-heloc/","bankrate.com","comparison publisher / finance media","geography unclear","Whelp I got denied a HELOC to consolidate my debt","https://www.reddit.com/r/personalfinance/comments/13csun7/whelp_i_got_denied_a_heloc_to_consolidate_my_debt/","reddit.com","community / forum","The Top 4 Reasons People Get Denied a HELOC","https://mtg-specialists.com/top-4-reasons-people-get-denied-heloc/","mtg-specialists.com","direct lender, brokerage, or specialist","https://www.bankofamerica.com/home-equity/","https://www.helpwithmybank.gov/help-topics/mortgages-home-equity/home-equity-loans-lines-of-credit/heloc-freeze.html","5","direct lender, brokerage, or specialist","evergreen explainer / guide","Wins through exact local commercial intent, scenario specificity, speed/equity language, strong CTAs, and service-page relevance.","Commercially relevant but many pages rely on generic approval/speed claims, weak citations, opaque total cost, and little proof of exit planning.","Match the winners’ exact-query answer, evergreen explainer / guide, Ontario/Canada terminology, scannable structure, definitions, risks, and a clear next step. Cite the strongest primary source instead of paraphrasing unsupported rules.","Add what the dominant direct lender, brokerage, or specialist results omit: borrower-specific decision logic, transparent assumptions, a worked Ontario scenario, all-in economics, document requirements, failure modes, and a route beyond the current product.","Use an equity/LTV cushion model and refinance-vs-second-mortgage break-even tool to compare flexibility, payment relief, total debt, fees, and exit instead of ranking products by headline rate.","Deadline triage flow + evidence checklist + sober risk notice","Open with a 40–60 word answer to “HELOC declined by bank options”; follow with deadline triage flow + evidence checklist + sober risk notice; layer in use an equity/LTV cushion model and refinance-vs-second-mortgage break-even tool to compare flexibility, payment relief, total debt, fees, and exit instead of ranking products by headline rate. Support every material claim, answer the visible follow-up questions, and keep the full commercial pitch on /borrowers/heloc.","Cite FSRA/FCAC/CMHC or Ontario primary sources; show brokerage #13827 and administrator #13828; attribute 28+ years and $1B+ funded to the principal broker with the July 14, 2026 methodology. Add one anonymized borrower scenario and a named editorial reviewer.","Request a time-sensitive scenario triage","/resources/heloc-ontario-guide; /resources/heloc-vs-refinance-vs-renovation; /borrowers/private-mortgage-financing","Article/Service as appropriate + visible FAQPage","Semiannual","live web search, one exact query","2026-07-20","Canada/Ontario query modifiers; exact localization not guaranteed","medium — five live result references","volume/difficulty/backlinks unavailable-not-zero"
"KW-139","home equity loan with bad credit Ontario","heloc-equity","HELOC / home equity","L5","heloc-service","/borrowers/heloc","P1","Home Equity Loan | Ontario, Canada | Get Approved!","https://www.turnedaway.ca/home-equity-loans/","turnedaway.ca","direct lender, brokerage, or specialist","Ontario/Canada aligned","Bad Credit Mortgages in Ontario and Canada | TurnedAway","https://www.turnedaway.ca/bad-credit-mortgages/","turnedaway.ca","direct lender, brokerage, or specialist","Can You Get a Home Equity Loan With Bad Credit? | LendingTree","https://www.lendingtree.com/home/home-equity/home-equity-loan-bad-credit/","lendingtree.com","direct lender, brokerage, or specialist","https://www.finder.com/home-equity/home-equity-loan-bad-credit","https://www.bankrate.com/home-equity/home-equity-loan-bad-credit/","5","direct lender, brokerage, or specialist","commercial service / product page","Wins through exact local commercial intent, scenario specificity, speed/equity language, strong CTAs, and service-page relevance.","Commercially relevant but many pages rely on generic approval/speed claims, weak citations, opaque total cost, and little proof of exit planning.","Match the winners’ exact-query answer, commercial service / product page, Ontario/Canada terminology, scannable structure, definitions, risks, and a clear next step. Cite the strongest primary source instead of paraphrasing unsupported rules.","Add what the dominant direct lender, brokerage, or specialist results omit: borrower-specific decision logic, transparent assumptions, a worked Ontario scenario, all-in economics, document requirements, failure modes, and a route beyond the current product.","Use an equity/LTV cushion model and refinance-vs-second-mortgage break-even tool to compare flexibility, payment relief, total debt, fees, and exit instead of ranking products by headline rate.","Document-readiness checklist + qualification decision tree","Open with a 40–60 word answer to “home equity loan with bad credit Ontario”; follow with document-readiness checklist + qualification decision tree; layer in use an equity/LTV cushion model and refinance-vs-second-mortgage break-even tool to compare flexibility, payment relief, total debt, fees, and exit instead of ranking products by headline rate. Support every material claim, answer the visible follow-up questions, and keep the full commercial pitch on /borrowers/heloc.","Cite FSRA/FCAC/CMHC or Ontario primary sources; show brokerage #13827 and administrator #13828; attribute 28+ years and $1B+ funded to the principal broker with the July 14, 2026 methodology. Add one anonymized borrower scenario and a named editorial reviewer.","Request a time-sensitive scenario triage","/resources/heloc-ontario-guide; /resources/heloc-vs-refinance-vs-renovation; /borrowers/private-mortgage-financing","Article/Service as appropriate + visible FAQPage","Semiannual","live web search, one exact query","2026-07-20","Canada/Ontario query modifiers; exact localization not guaranteed","medium — five live result references","volume/difficulty/backlinks unavailable-not-zero"
"KW-140","fast second mortgage using home equity","heloc-equity","HELOC / home equity","L5","heloc-service","/borrowers/heloc","P1","What is a second mortgage loan or ""junior-lien""? | Consumer Financial Protection Bureau","https://www.consumerfinance.gov/ask-cfpb/what-is-a-second-mortgage-loan-or-junior-lien-en-105/","consumerfinance.gov","government / regulator","foreign/US context — localization gap","Can You Use Home Equity to Buy a Second Home?","https://www.experian.com/blogs/ask-experian/home-equity-to-buy-second-home/","experian.com","comparison publisher / finance media","Can You Use Home Equity to Buy a Second House? | Chase","https://www.chase.com/personal/mortgage/education/buying-a-home/home-equity-to-buy-second-house","chase.com","bank / institutional product provider","https://www.bankrate.com/home-equity/what-is-a-second-mortgage/","https://www.bankrate.com/home-equity/home-equity-to-buy-second-home/","5","comparison publisher / finance media","commercial service / product page","Wins with exact-match headings, plain-language summaries, updated comparison tables, calculators, and broad long-tail coverage.","Broad and scannable but often generic, affiliate-led, thin on Ontario underwriting evidence, and disconnected from a real exit plan.","Match the winners’ exact-query answer, commercial service / product page, Ontario/Canada terminology, scannable structure, definitions, risks, and a clear next step. Cite the strongest primary source instead of paraphrasing unsupported rules.","Add what the dominant comparison publisher / finance media results omit: borrower-specific decision logic, transparent assumptions, a worked Ontario scenario, all-in economics, document requirements, failure modes, and a route beyond the current product.","Use an equity/LTV cushion model and refinance-vs-second-mortgage break-even tool to compare flexibility, payment relief, total debt, fees, and exit instead of ranking products by headline rate.","Document-readiness checklist + qualification decision tree","Open with a 40–60 word answer to “fast second mortgage using home equity”; follow with document-readiness checklist + qualification decision tree; layer in use an equity/LTV cushion model and refinance-vs-second-mortgage break-even tool to compare flexibility, payment relief, total debt, fees, and exit instead of ranking products by headline rate. Support every material claim, answer the visible follow-up questions, and keep the full commercial pitch on /borrowers/heloc.","Cite FSRA/FCAC/CMHC or Ontario primary sources; show brokerage #13827 and administrator #13828; attribute 28+ years and $1B+ funded to the principal broker with the July 14, 2026 methodology. Add one anonymized borrower scenario and a named editorial reviewer.","Request a time-sensitive scenario triage","/resources/heloc-ontario-guide; /resources/heloc-vs-refinance-vs-renovation; /borrowers/private-mortgage-financing","Article/Service as appropriate + visible FAQPage","Semiannual","live web search, one exact query","2026-07-20","Canada/Ontario query modifiers; exact localization not guaranteed","medium — five live result references","volume/difficulty/backlinks unavailable-not-zero"
"KW-141","why was my mortgage declined Ontario","rescue","Bank-declined / rescue borrowers","L1","rescue-guide","/resources/mortgage-declined-ontario","P0","Mortgage Denied after Approval : r/MortgagesCanada","https://www.reddit.com/r/MortgagesCanada/comments/1l9c81s/mortgage_denied_after_approval/","reddit.com","community / forum","Ontario/Canada aligned","What to do when your mortgage application is declined","https://www.moneyhelper.org.uk/en/homes/buying-a-home/why-mortgage-applications-are-declined","moneyhelper.org.uk","direct lender, brokerage, or specialist","Your Mortgage Application Was Denied: Here's What to Do","https://www.equifax.com/personal/education/loans/articles/-/learn/what-to-do-after-mortage-application-denied/","equifax.com","direct lender, brokerage, or specialist","https://www.nesto.ca/mortgage-basics/mortgage-application-denied/","https://www.morcan.ca/index.php/blog/post/163/what-to-do-if-you-are-denied-a-mortgage","5","direct lender, brokerage, or specialist","commercial service / product page","Wins through exact local commercial intent, scenario specificity, speed/equity language, strong CTAs, and service-page relevance.","Commercially relevant but many pages rely on generic approval/speed claims, weak citations, opaque total cost, and little proof of exit planning.","Match the winners’ exact-query answer, commercial service / product page, Ontario/Canada terminology, scannable structure, definitions, risks, and a clear next step. Cite the strongest primary source instead of paraphrasing unsupported rules.","Add what the dominant direct lender, brokerage, or specialist results omit: borrower-specific decision logic, transparent assumptions, a worked Ontario scenario, all-in economics, document requirements, failure modes, and a route beyond the current product.","Provide fast but sober triage grounded in recovery experience: diagnose the deadline, equity, documents, arrears, legal stage, and viable exits; cite Ontario sources, involve legal counsel, and never promise to stop enforcement or guarantee approval.","Deadline triage flow + evidence checklist + sober risk notice","Open with a 40–60 word answer to “why was my mortgage declined Ontario”; follow with deadline triage flow + evidence checklist + sober risk notice; layer in provide fast but sober triage grounded in recovery experience: diagnose the deadline, equity, documents, arrears, legal stage, and viable exits; cite Ontario sources, involve legal counsel, and never promise to stop enforcement or guarantee approval. Support every material claim, answer the visible follow-up questions, and keep the full commercial pitch on /resources/mortgage-declined-ontario.","Cite FSRA/FCAC/CMHC or Ontario primary sources; show brokerage #13827 and administrator #13828; attribute 28+ years and $1B+ funded to the principal broker with the July 14, 2026 methodology. Require Ontario legal review for enforcement claims, display dates, and distinguish financing guidance from legal advice.","See which financing route fits","/borrowers/alternative-mortgage; /borrowers/private-mortgage-financing; /resources/power-of-sale-options-ontario","Article/Service as appropriate + visible FAQPage","Semiannual","live web search, one exact query","2026-07-20","Canada/Ontario query modifiers; exact localization not guaranteed","medium — five live result references","volume/difficulty/backlinks unavailable-not-zero"
"KW-142","what happens after a mortgage decline","rescue","Bank-declined / rescue borrowers","L1","rescue-guide","/resources/mortgage-declined-ontario","P0","Trouble Paying Your Mortgage or Facing Foreclosure? | Consumer Advice","https://consumer.ftc.gov/trouble-paying-your-mortgage-or-facing-foreclosure","consumer.ftc.gov","government / regulator","foreign/US context — localization gap","What to do when your mortgage application is declined | MoneyHelper","https://www.moneyhelper.org.uk/en/homes/buying-a-home/why-mortgage-applications-are-declined?source=mas","moneyhelper.org.uk","direct lender, brokerage, or specialist","Mortgage Declined on Affordability: What to Do Next - LegalClarity","https://legalclarity.org/mortgage-declined-on-affordability-what-to-do-next/","legalclarity.org","legal / professional authority","https://www.experian.com/blogs/ask-experian/what-is-loss-mitigation/","https://www.experian.co.uk/consumer/mortgages/guides/refused-mortgage.html","5","direct lender, brokerage, or specialist","commercial service / product page","Wins through exact local commercial intent, scenario specificity, speed/equity language, strong CTAs, and service-page relevance.","Commercially relevant but many pages rely on generic approval/speed claims, weak citations, opaque total cost, and little proof of exit planning.","Match the winners’ exact-query answer, commercial service / product page, Ontario/Canada terminology, scannable structure, definitions, risks, and a clear next step. Cite the strongest primary source instead of paraphrasing unsupported rules.","Add what the dominant direct lender, brokerage, or specialist results omit: borrower-specific decision logic, transparent assumptions, a worked Ontario scenario, all-in economics, document requirements, failure modes, and a route beyond the current product.","Provide fast but sober triage grounded in recovery experience: diagnose the deadline, equity, documents, arrears, legal stage, and viable exits; cite Ontario sources, involve legal counsel, and never promise to stop enforcement or guarantee approval.","Deadline triage flow + evidence checklist + sober risk notice","Open with a 40–60 word answer to “what happens after a mortgage decline”; follow with deadline triage flow + evidence checklist + sober risk notice; layer in provide fast but sober triage grounded in recovery experience: diagnose the deadline, equity, documents, arrears, legal stage, and viable exits; cite Ontario sources, involve legal counsel, and never promise to stop enforcement or guarantee approval. Support every material claim, answer the visible follow-up questions, and keep the full commercial pitch on /resources/mortgage-declined-ontario.","Cite FSRA/FCAC/CMHC or Ontario primary sources; show brokerage #13827 and administrator #13828; attribute 28+ years and $1B+ funded to the principal broker with the July 14, 2026 methodology. Require Ontario legal review for enforcement claims, display dates, and distinguish financing guidance from legal advice.","See which financing route fits","/borrowers/alternative-mortgage; /borrowers/private-mortgage-financing; /resources/power-of-sale-options-ontario","Article/Service as appropriate + visible FAQPage","Semiannual","live web search, one exact query","2026-07-20","Canada/Ontario query modifiers; exact localization not guaranteed","medium — five live result references","volume/difficulty/backlinks unavailable-not-zero"
"KW-143","mortgage arrears options Ontario","rescue","Bank-declined / rescue borrowers","L1","rescue-guide","/resources/mortgage-declined-ontario","P0","2026 User Guide for Financial Institutions - Financial Hardship Unlocking | Financial Services Regulatory Authority of Ontario","https://www.fsrao.ca/industry/pensions/pensions-all-forms/2026-user-guide-financial-institutions-financial-hardship-unlocking","fsrao.ca","government / regulator","Ontario/Canada aligned","2026 User Guide for - Financial Hardship Unlocking Form FHU 2 – Application for Arrears of Rent or Default on Secured Debt | Financial Services Regulatory Authority of Ontario","https://www.fsrao.ca/industry/pensions/pensions-all-forms/2026-user-guide-financial-hardship-unlocking-form-fhu-2-application-arrears-rent-or-default-secured-debt","fsrao.ca","government / regulator","Mortgage Arrears Ontario: What Are Your Options? - CreditReboot Mortgages","https://www.creditreboot.ca/blog/mortgage-arrears-options-ontario/","creditreboot.ca","direct lender, brokerage, or specialist","https://www.canada.ca/en/financial-consumer-agency/services/mortgages/relief-options.html","https://www.lendworth.ca/blog/lendworth-financial-1/mortgage-arrears-in-ontario-what-are-your-options-381","5","government / regulator","legal / rescue guide","Wins trust through primary-source authority, exhaustive process coverage, neutral risk language, and durable internal linking.","Neutral and authoritative but rarely helps a borrower compare viable routes, model a file, or act with a focused document plan.","Match the winners’ exact-query answer, legal / rescue guide, Ontario/Canada terminology, scannable structure, definitions, risks, and a clear next step. Cite the strongest primary source instead of paraphrasing unsupported rules.","Add what the dominant government / regulator results omit: borrower-specific decision logic, transparent assumptions, a worked Ontario scenario, all-in economics, document requirements, failure modes, and a route beyond the current product.","Provide fast but sober triage grounded in recovery experience: diagnose the deadline, equity, documents, arrears, legal stage, and viable exits; cite Ontario sources, involve legal counsel, and never promise to stop enforcement or guarantee approval.","Deadline triage flow + evidence checklist + sober risk notice","Open with a 40–60 word answer to “mortgage arrears options Ontario”; follow with deadline triage flow + evidence checklist + sober risk notice; layer in provide fast but sober triage grounded in recovery experience: diagnose the deadline, equity, documents, arrears, legal stage, and viable exits; cite Ontario sources, involve legal counsel, and never promise to stop enforcement or guarantee approval. Support every material claim, answer the visible follow-up questions, and keep the full commercial pitch on /resources/mortgage-declined-ontario.","Cite FSRA/FCAC/CMHC or Ontario primary sources; show brokerage #13827 and administrator #13828; attribute 28+ years and $1B+ funded to the principal broker with the July 14, 2026 methodology. Require Ontario legal review for enforcement claims, display dates, and distinguish financing guidance from legal advice.","See which financing route fits","/borrowers/alternative-mortgage; /borrowers/private-mortgage-financing; /resources/power-of-sale-options-ontario","Article/Service as appropriate + visible FAQPage","Semiannual","live web search, one exact query","2026-07-20","Canada/Ontario query modifiers; exact localization not guaranteed","medium — five live result references","volume/difficulty/backlinks unavailable-not-zero"
"KW-144","power of sale process Ontario homeowner","rescue","Bank-declined / rescue borrowers","L1","rescue-legal","/resources/power-of-sale-options-ontario","Hold","Power of Sale Process in Ontario | PoSO","https://powerofsalesontario.ca/power-of-sale-process-in-ontario/","powerofsalesontario.ca","legal / professional authority","Ontario/Canada aligned","What is a Notice of Sale? | Power of Sale Ontario","https://powerofsalesontario.ca/what-is-a-notice-of-sale/","powerofsalesontario.ca","legal / professional authority","What Happens After Power of Sale | Power of Sale Ontario","https://powerofsalesontario.ca/blog/what-happens-after-power-of-sale-your-options-explained/","powerofsalesontario.ca","legal / professional authority","https://powerofsalesontario.ca/stop-power-of-sale-in-ontario/","https://insightlawfirm.ca/power-of-sale/","5","legal / professional authority","legal / rescue guide","Wins sensitive enforcement queries through legal specificity, Ontario terminology, procedural detail, and professional trust.","Strong on procedure but usually weak on financing feasibility, all-in economics, property underwriting, and lender-path comparisons.","Match the winners’ exact-query answer, legal / rescue guide, Ontario/Canada terminology, scannable structure, definitions, risks, and a clear next step. Cite the strongest primary source instead of paraphrasing unsupported rules.","Add what the dominant legal / professional authority results omit: borrower-specific decision logic, transparent assumptions, a worked Ontario scenario, all-in economics, document requirements, failure modes, and a route beyond the current product.","Provide fast but sober triage grounded in recovery experience: diagnose the deadline, equity, documents, arrears, legal stage, and viable exits; cite Ontario sources, involve legal counsel, and never promise to stop enforcement or guarantee approval.","Deadline triage flow + evidence checklist + sober risk notice","Open with a 40–60 word answer to “power of sale process Ontario homeowner”; follow with deadline triage flow + evidence checklist + sober risk notice; layer in provide fast but sober triage grounded in recovery experience: diagnose the deadline, equity, documents, arrears, legal stage, and viable exits; cite Ontario sources, involve legal counsel, and never promise to stop enforcement or guarantee approval. Support every material claim, answer the visible follow-up questions, and keep the full commercial pitch on /resources/power-of-sale-options-ontario.","Cite FSRA/FCAC/CMHC or Ontario primary sources; show brokerage #13827 and administrator #13828; attribute 28+ years and $1B+ funded to the principal broker with the July 14, 2026 methodology. Require Ontario legal review for enforcement claims, display dates, and distinguish financing guidance from legal advice.","See which financing route fits","/resources/mortgage-declined-ontario; /borrowers/private-mortgage-financing","Article/Service as appropriate + visible FAQPage","Quarterly and after material policy/rate change","live web search, one exact query","2026-07-20","Canada/Ontario query modifiers; exact localization not guaranteed","medium — five live result references","volume/difficulty/backlinks unavailable-not-zero"
"KW-145","can I get a mortgage after bank decline","rescue","Bank-declined / rescue borrowers","L2","rescue-guide","/resources/mortgage-declined-ontario","P0","Can I Buy a Home After Foreclosure?","https://www.experian.com/blogs/ask-experian/can-i-buy-home-after-foreclosure/","experian.com","comparison publisher / finance media","geography unclear","Can You Get a Mortgage If You’ve Been Declined by a Bank? | Expert Advice from Mortgage Bridge","https://mortgagebridge.co.uk/2025/11/10/mortgage-after-being-declined-by-a-bank/","mortgagebridge.co.uk","direct lender, brokerage, or specialist","If I lose my home to foreclosure, can I ever buy a home again? What impact will a foreclosure have on my credit report? | Consumer Financial Protection Bureau","https://www.consumerfinance.gov/ask-cfpb/if-i-lose-my-home-to-foreclosure-can-i-ever-buy-a-home-again-what-impact-will-a-foreclosure-have-on-my-credit-report-en-326/","consumerfinance.gov","government / regulator","https://www.moneysupermarket.com/mortgages/guides/mortgage-after-default/","https://www.chase.com/personal/mortgage/education/financing-a-home/reasons-a-mortgage-gets-denied","5","direct lender, brokerage, or specialist","legal / rescue guide","Wins through exact local commercial intent, scenario specificity, speed/equity language, strong CTAs, and service-page relevance.","Commercially relevant but many pages rely on generic approval/speed claims, weak citations, opaque total cost, and little proof of exit planning.","Match the winners’ exact-query answer, legal / rescue guide, Ontario/Canada terminology, scannable structure, definitions, risks, and a clear next step. Cite the strongest primary source instead of paraphrasing unsupported rules.","Add what the dominant direct lender, brokerage, or specialist results omit: borrower-specific decision logic, transparent assumptions, a worked Ontario scenario, all-in economics, document requirements, failure modes, and a route beyond the current product.","Provide fast but sober triage grounded in recovery experience: diagnose the deadline, equity, documents, arrears, legal stage, and viable exits; cite Ontario sources, involve legal counsel, and never promise to stop enforcement or guarantee approval.","Deadline triage flow + evidence checklist + sober risk notice","Open with a 40–60 word answer to “can I get a mortgage after bank decline”; follow with deadline triage flow + evidence checklist + sober risk notice; layer in provide fast but sober triage grounded in recovery experience: diagnose the deadline, equity, documents, arrears, legal stage, and viable exits; cite Ontario sources, involve legal counsel, and never promise to stop enforcement or guarantee approval. Support every material claim, answer the visible follow-up questions, and keep the full commercial pitch on /resources/mortgage-declined-ontario.","Cite FSRA/FCAC/CMHC or Ontario primary sources; show brokerage #13827 and administrator #13828; attribute 28+ years and $1B+ funded to the principal broker with the July 14, 2026 methodology. Require Ontario legal review for enforcement claims, display dates, and distinguish financing guidance from legal advice.","Pressure-test my scenario","/borrowers/alternative-mortgage; /borrowers/private-mortgage-financing; /resources/power-of-sale-options-ontario","Article/Service as appropriate + visible FAQPage","Semiannual","live web search, one exact query","2026-07-20","Canada/Ontario query modifiers; exact localization not guaranteed","medium — five live result references","volume/difficulty/backlinks unavailable-not-zero"
"KW-146","how to stop mortgage arrears getting worse","rescue","Bank-declined / rescue borrowers","L2","rescue-guide","/resources/mortgage-declined-ontario","P0","How to avoid foreclosure | Consumer Financial Protection Bureau","https://www.consumerfinance.gov/consumer-tools/mortgages/how-to-avoid-foreclosure/","consumerfinance.gov","government / regulator","foreign/US context — localization gap","Trouble Paying Your Mortgage or Facing Foreclosure? | Consumer Advice","https://consumer.ftc.gov/trouble-paying-your-mortgage-or-facing-foreclosure","consumer.ftc.gov","government / regulator","If I can’t pay my mortgage loan, what are my options? | Consumer Financial Protection Bureau","https://www.consumerfinance.gov/ask-cfpb/if-i-cant-pay-my-mortgage-loan-what-are-my-options-en-268/","consumerfinance.gov","government / regulator","https://www.consumerfinance.gov/housing/housing-insecurity/help-for-homeowners/manage-your-money-during-forbearance/","https://www.consumerfinance.gov/ask-cfpb/what-is-mortgage-forbearance-en-289/","5","government / regulator","legal / rescue guide","Wins trust through primary-source authority, exhaustive process coverage, neutral risk language, and durable internal linking.","Neutral and authoritative but rarely helps a borrower compare viable routes, model a file, or act with a focused document plan.","Match the winners’ exact-query answer, legal / rescue guide, Ontario/Canada terminology, scannable structure, definitions, risks, and a clear next step. Cite the strongest primary source instead of paraphrasing unsupported rules.","Add what the dominant government / regulator results omit: borrower-specific decision logic, transparent assumptions, a worked Ontario scenario, all-in economics, document requirements, failure modes, and a route beyond the current product.","Provide fast but sober triage grounded in recovery experience: diagnose the deadline, equity, documents, arrears, legal stage, and viable exits; cite Ontario sources, involve legal counsel, and never promise to stop enforcement or guarantee approval.","Deadline triage flow + evidence checklist + sober risk notice","Open with a 40–60 word answer to “how to stop mortgage arrears getting worse”; follow with deadline triage flow + evidence checklist + sober risk notice; layer in provide fast but sober triage grounded in recovery experience: diagnose the deadline, equity, documents, arrears, legal stage, and viable exits; cite Ontario sources, involve legal counsel, and never promise to stop enforcement or guarantee approval. Support every material claim, answer the visible follow-up questions, and keep the full commercial pitch on /resources/mortgage-declined-ontario.","Cite FSRA/FCAC/CMHC or Ontario primary sources; show brokerage #13827 and administrator #13828; attribute 28+ years and $1B+ funded to the principal broker with the July 14, 2026 methodology. Require Ontario legal review for enforcement claims, display dates, and distinguish financing guidance from legal advice.","Pressure-test my scenario","/borrowers/alternative-mortgage; /borrowers/private-mortgage-financing; /resources/power-of-sale-options-ontario","Article/Service as appropriate + visible FAQPage","Semiannual","live web search, one exact query","2026-07-20","Canada/Ontario query modifiers; exact localization not guaranteed","medium — five live result references","volume/difficulty/backlinks unavailable-not-zero"
"KW-147","equity needed for rescue mortgage Ontario","rescue","Bank-declined / rescue borrowers","L2","rescue-guide","/resources/mortgage-declined-ontario","P0","Shared equity homeownership | ontario.ca","https://www.ontario.ca/page/shared-equity-homeownership","ontario.ca","government / regulator","Ontario/Canada aligned","Borrowing against home equity - Canada.ca","https://www.canada.ca/en/financial-consumer-agency/services/mortgages/borrow-home-equity.html","canada.ca","government / regulator","Power of Sale Rescue & Help Ontario | Stop Power of Sale Fast","https://www.centumcf.com/power-of-sale-rescue","centumcf.com","direct lender, brokerage, or specialist","https://www.cmhc-schl.gc.ca/consumers/owning-a-home/aging-in-place/mortgage-financing-options-for-people-55-and-above","https://www.ratehub.ca/reverse-mortgage","5","government / regulator","consumer guidance","Wins trust through primary-source authority, exhaustive process coverage, neutral risk language, and durable internal linking.","Neutral and authoritative but rarely helps a borrower compare viable routes, model a file, or act with a focused document plan.","Match the winners’ exact-query answer, consumer guidance, Ontario/Canada terminology, scannable structure, definitions, risks, and a clear next step. Cite the strongest primary source instead of paraphrasing unsupported rules.","Add what the dominant government / regulator results omit: borrower-specific decision logic, transparent assumptions, a worked Ontario scenario, all-in economics, document requirements, failure modes, and a route beyond the current product.","Provide fast but sober triage grounded in recovery experience: diagnose the deadline, equity, documents, arrears, legal stage, and viable exits; cite Ontario sources, involve legal counsel, and never promise to stop enforcement or guarantee approval.","Document-readiness checklist + qualification decision tree","Open with a 40–60 word answer to “equity needed for rescue mortgage Ontario”; follow with document-readiness checklist + qualification decision tree; layer in provide fast but sober triage grounded in recovery experience: diagnose the deadline, equity, documents, arrears, legal stage, and viable exits; cite Ontario sources, involve legal counsel, and never promise to stop enforcement or guarantee approval. Support every material claim, answer the visible follow-up questions, and keep the full commercial pitch on /resources/mortgage-declined-ontario.","Cite FSRA/FCAC/CMHC or Ontario primary sources; show brokerage #13827 and administrator #13828; attribute 28+ years and $1B+ funded to the principal broker with the July 14, 2026 methodology. Require Ontario legal review for enforcement claims, display dates, and distinguish financing guidance from legal advice.","Pressure-test my scenario","/borrowers/alternative-mortgage; /borrowers/private-mortgage-financing; /resources/power-of-sale-options-ontario","Article/Service as appropriate + visible FAQPage","Semiannual","live web search, one exact query","2026-07-20","Canada/Ontario query modifiers; exact localization not guaranteed","medium — five live result references","volume/difficulty/backlinks unavailable-not-zero"
"KW-148","options before power of sale Ontario","rescue","Bank-declined / rescue borrowers","L2","rescue-legal","/resources/power-of-sale-options-ontario","Hold","Stop Foreclosure in Ontario | Power of Sales Ontario","https://powerofsalesontario.ca/stop-foreclosure-in-ontario/","powerofsalesontario.ca","legal / professional authority","Ontario/Canada aligned","What is a Notice of Sale? | Power of Sale Ontario","https://powerofsalesontario.ca/what-is-a-notice-of-sale/","powerofsalesontario.ca","legal / professional authority","Stop Power of Sale in Ontario | Power of Sale Ontario","https://powerofsalesontario.ca/stop-power-of-sale-in-ontario/","powerofsalesontario.ca","legal / professional authority","https://powerofsalelistings.com/guides/how-to-stop-power-of-sale-in-ontario","https://davedubbin.com/blog/behind-on-your-mortgage-what-etobicoke-homeowners-should-know-about-power-of-sale","5","legal / professional authority","legal / rescue guide","Wins sensitive enforcement queries through legal specificity, Ontario terminology, procedural detail, and professional trust.","Strong on procedure but usually weak on financing feasibility, all-in economics, property underwriting, and lender-path comparisons.","Match the winners’ exact-query answer, legal / rescue guide, Ontario/Canada terminology, scannable structure, definitions, risks, and a clear next step. Cite the strongest primary source instead of paraphrasing unsupported rules.","Add what the dominant legal / professional authority results omit: borrower-specific decision logic, transparent assumptions, a worked Ontario scenario, all-in economics, document requirements, failure modes, and a route beyond the current product.","Provide fast but sober triage grounded in recovery experience: diagnose the deadline, equity, documents, arrears, legal stage, and viable exits; cite Ontario sources, involve legal counsel, and never promise to stop enforcement or guarantee approval.","Deadline triage flow + evidence checklist + sober risk notice","Open with a 40–60 word answer to “options before power of sale Ontario”; follow with deadline triage flow + evidence checklist + sober risk notice; layer in provide fast but sober triage grounded in recovery experience: diagnose the deadline, equity, documents, arrears, legal stage, and viable exits; cite Ontario sources, involve legal counsel, and never promise to stop enforcement or guarantee approval. Support every material claim, answer the visible follow-up questions, and keep the full commercial pitch on /resources/power-of-sale-options-ontario.","Cite FSRA/FCAC/CMHC or Ontario primary sources; show brokerage #13827 and administrator #13828; attribute 28+ years and $1B+ funded to the principal broker with the July 14, 2026 methodology. Require Ontario legal review for enforcement claims, display dates, and distinguish financing guidance from legal advice.","Pressure-test my scenario","/resources/mortgage-declined-ontario; /borrowers/private-mortgage-financing","Article/Service as appropriate + visible FAQPage","Quarterly and after material policy/rate change","live web search, one exact query","2026-07-20","Canada/Ontario query modifiers; exact localization not guaranteed","medium — five live result references","volume/difficulty/backlinks unavailable-not-zero"
"KW-149","B lender vs private lender after decline","rescue","Bank-declined / rescue borrowers","L3","rescue-guide","/resources/mortgage-declined-ontario","P0","Subprime Mortgages in Canada: B-Lenders, Private Lenders & Alternative Lending (2026) | WealthNorth","https://wealthnorth.ca/mortgages/subprime-mortgage-canada/","wealthnorth.ca","direct lender, brokerage, or specialist","Ontario/Canada aligned","B Lender vs Private Lender: Which Is Cheaper, and When? | RATECORE Mortgage","https://ratecore.ca/blog/b-lender-vs-private-lender-ontario/","ratecore.ca","direct lender, brokerage, or specialist","B-Lending in BC: The Complete Guide for Homeowners in Spring 2026","https://www.kraftmortgages.ca/blog/b-lending-bc-alternative-mortgage-guide-2026","kraftmortgages.ca","direct lender, brokerage, or specialist","https://redkeymortgage.ca/blog/private-mortgage-vs-b-lender-alberta/","https://www.amannanda.com/mortgage/bad-credit/","5","direct lender, brokerage, or specialist","comparison / decision guide","Wins through exact local commercial intent, scenario specificity, speed/equity language, strong CTAs, and service-page relevance.","Commercially relevant but many pages rely on generic approval/speed claims, weak citations, opaque total cost, and little proof of exit planning.","Match the winners’ exact-query answer, comparison / decision guide, Ontario/Canada terminology, scannable structure, definitions, risks, and a clear next step. Cite the strongest primary source instead of paraphrasing unsupported rules.","Add what the dominant direct lender, brokerage, or specialist results omit: borrower-specific decision logic, transparent assumptions, a worked Ontario scenario, all-in economics, document requirements, failure modes, and a route beyond the current product.","Provide fast but sober triage grounded in recovery experience: diagnose the deadline, equity, documents, arrears, legal stage, and viable exits; cite Ontario sources, involve legal counsel, and never promise to stop enforcement or guarantee approval.","Original comparison matrix + scenario calculator","Open with a 40–60 word answer to “B lender vs private lender after decline”; follow with original comparison matrix + scenario calculator; layer in provide fast but sober triage grounded in recovery experience: diagnose the deadline, equity, documents, arrears, legal stage, and viable exits; cite Ontario sources, involve legal counsel, and never promise to stop enforcement or guarantee approval. Support every material claim, answer the visible follow-up questions, and keep the full commercial pitch on /resources/mortgage-declined-ontario.","Cite FSRA/FCAC/CMHC or Ontario primary sources; show brokerage #13827 and administrator #13828; attribute 28+ years and $1B+ funded to the principal broker with the July 14, 2026 methodology. Require Ontario legal review for enforcement claims, display dates, and distinguish financing guidance from legal advice.","Compare my realistic financing routes","/borrowers/alternative-mortgage; /borrowers/private-mortgage-financing; /resources/power-of-sale-options-ontario","Article + WebApplication + visible FAQPage","Semiannual","live web search, one exact query","2026-07-20","Canada/Ontario query modifiers; exact localization not guaranteed","medium — five live result references","volume/difficulty/backlinks unavailable-not-zero"
"KW-150","refinance vs private mortgage for arrears","rescue","Bank-declined / rescue borrowers","L3","rescue-guide","/resources/mortgage-declined-ontario","P0","Options if You Can’t Pay Your Mortgage","https://www.experian.com/blogs/ask-experian/cant-pay-mortgage/","experian.com","comparison publisher / finance media","geography unclear","Mortgage Recasting vs. Refinancing: Which Is Better? - Experian","https://www.experian.com/blogs/ask-experian/mortgage-recasting-vs-refinancing/","experian.com","comparison publisher / finance media","Can I Refinance if I’m Behind on Mortgage Payments? - Experian","https://www.experian.com/blogs/ask-experian/can-i-refinance-if-behind-on-mortgage-payments/","experian.com","comparison publisher / finance media","https://www.rocketmortgage.com/learn/mortgage-forbearance-affect-refinancing","https://www.bankrate.com/mortgages/loan-modification-or-refinance-whats-better-for-borrowers/","5","comparison publisher / finance media","comparison / decision guide","Wins with exact-match headings, plain-language summaries, updated comparison tables, calculators, and broad long-tail coverage.","Broad and scannable but often generic, affiliate-led, thin on Ontario underwriting evidence, and disconnected from a real exit plan.","Match the winners’ exact-query answer, comparison / decision guide, Ontario/Canada terminology, scannable structure, definitions, risks, and a clear next step. Cite the strongest primary source instead of paraphrasing unsupported rules.","Add what the dominant comparison publisher / finance media results omit: borrower-specific decision logic, transparent assumptions, a worked Ontario scenario, all-in economics, document requirements, failure modes, and a route beyond the current product.","Provide fast but sober triage grounded in recovery experience: diagnose the deadline, equity, documents, arrears, legal stage, and viable exits; cite Ontario sources, involve legal counsel, and never promise to stop enforcement or guarantee approval.","Original comparison matrix + scenario calculator","Open with a 40–60 word answer to “refinance vs private mortgage for arrears”; follow with original comparison matrix + scenario calculator; layer in provide fast but sober triage grounded in recovery experience: diagnose the deadline, equity, documents, arrears, legal stage, and viable exits; cite Ontario sources, involve legal counsel, and never promise to stop enforcement or guarantee approval. Support every material claim, answer the visible follow-up questions, and keep the full commercial pitch on /resources/mortgage-declined-ontario.","Cite FSRA/FCAC/CMHC or Ontario primary sources; show brokerage #13827 and administrator #13828; attribute 28+ years and $1B+ funded to the principal broker with the July 14, 2026 methodology. Require Ontario legal review for enforcement claims, display dates, and distinguish financing guidance from legal advice.","Compare my realistic financing routes","/borrowers/alternative-mortgage; /borrowers/private-mortgage-financing; /resources/power-of-sale-options-ontario","Article + WebApplication + visible FAQPage","Semiannual","live web search, one exact query","2026-07-20","Canada/Ontario query modifiers; exact localization not guaranteed","medium — five live result references","volume/difficulty/backlinks unavailable-not-zero"
"KW-151","consumer proposal mortgage options Ontario","rescue","Bank-declined / rescue borrowers","L3","rescue-guide","/resources/mortgage-declined-ontario","P0","Consumer Proposal Mortgage Options Ontario","https://www.lendworth.ca/blog/lendworth-blog-1/consumer-proposal-mortgage-options-in-ontario-774","lendworth.ca","direct lender, brokerage, or specialist","Ontario/Canada aligned","Can You Get a Mortgage with a Consumer Proposal in Ontario","https://www.optimalfinance.ca/index.php/blog/post/152/can-you-get-a-mortgage-with-a-consumer-proposal-in-ontario","optimalfinance.ca","direct lender, brokerage, or specialist","Keep Your House During A Consumer Proposal: What Ontario Homeowners Need To Know - LendToday.ca","https://www.lendtoday.ca/2026/06/keep-your-house-during-a-consumer-proposal/","lendtoday.ca","direct lender, brokerage, or specialist","https://www.turnedaway.ca/home-equity-loans-while-in-consumer-proposal-or-bankruptcy/","https://ised-isde.canada.ca/site/office-superintendent-bankruptcy/en/you-owe-money/you-owe-money-consumer-proposals","5","direct lender, brokerage, or specialist","evergreen explainer / guide","Wins through exact local commercial intent, scenario specificity, speed/equity language, strong CTAs, and service-page relevance.","Commercially relevant but many pages rely on generic approval/speed claims, weak citations, opaque total cost, and little proof of exit planning.","Match the winners’ exact-query answer, evergreen explainer / guide, Ontario/Canada terminology, scannable structure, definitions, risks, and a clear next step. Cite the strongest primary source instead of paraphrasing unsupported rules.","Add what the dominant direct lender, brokerage, or specialist results omit: borrower-specific decision logic, transparent assumptions, a worked Ontario scenario, all-in economics, document requirements, failure modes, and a route beyond the current product.","Provide fast but sober triage grounded in recovery experience: diagnose the deadline, equity, documents, arrears, legal stage, and viable exits; cite Ontario sources, involve legal counsel, and never promise to stop enforcement or guarantee approval.","Answer-first section + worked scenario + focused CTA","Open with a 40–60 word answer to “consumer proposal mortgage options Ontario”; follow with answer-first section + worked scenario + focused cta; layer in provide fast but sober triage grounded in recovery experience: diagnose the deadline, equity, documents, arrears, legal stage, and viable exits; cite Ontario sources, involve legal counsel, and never promise to stop enforcement or guarantee approval. Support every material claim, answer the visible follow-up questions, and keep the full commercial pitch on /resources/mortgage-declined-ontario.","Cite FSRA/FCAC/CMHC or Ontario primary sources; show brokerage #13827 and administrator #13828; attribute 28+ years and $1B+ funded to the principal broker with the July 14, 2026 methodology. Require Ontario legal review for enforcement claims, display dates, and distinguish financing guidance from legal advice.","Compare my realistic financing routes","/borrowers/alternative-mortgage; /borrowers/private-mortgage-financing; /resources/power-of-sale-options-ontario","Article/Service as appropriate + visible FAQPage","Semiannual","live web search, one exact query","2026-07-20","Canada/Ontario query modifiers; exact localization not guaranteed","medium — five live result references","volume/difficulty/backlinks unavailable-not-zero"
"KW-152","sell home vs refinance mortgage arrears","rescue","Bank-declined / rescue borrowers","L3","rescue-guide","/resources/mortgage-declined-ontario","P0","What happens if I have a reverse mortgage and I want to sell my home? | Consumer Financial Protection Bureau","https://www.consumerfinance.gov/ask-cfpb/what-happens-if-i-have-reverse-mortgage-and-i-want-sell-my-home-en-2095/","consumerfinance.gov","government / regulator","foreign/US context — localization gap","Trouble Paying Your Mortgage or Facing Foreclosure? | Consumer Advice","https://consumer.ftc.gov/trouble-paying-your-mortgage-or-facing-foreclosure","consumer.ftc.gov","government / regulator","What if there is a federal tax lien on my home? | Internal Revenue Service","https://www.irs.gov/newsroom/what-if-there-is-a-federal-tax-lien-on-my-home","irs.gov","direct lender, brokerage, or specialist","https://www.redfin.com/blog/selling-a-house-with-a-mortgage/","https://www.redfin.com/blog/can-i-sell-my-house-while-in-forbearance/","5","direct lender, brokerage, or specialist","comparison / decision guide","Wins through exact local commercial intent, scenario specificity, speed/equity language, strong CTAs, and service-page relevance.","Commercially relevant but many pages rely on generic approval/speed claims, weak citations, opaque total cost, and little proof of exit planning.","Match the winners’ exact-query answer, comparison / decision guide, Ontario/Canada terminology, scannable structure, definitions, risks, and a clear next step. Cite the strongest primary source instead of paraphrasing unsupported rules.","Add what the dominant direct lender, brokerage, or specialist results omit: borrower-specific decision logic, transparent assumptions, a worked Ontario scenario, all-in economics, document requirements, failure modes, and a route beyond the current product.","Provide fast but sober triage grounded in recovery experience: diagnose the deadline, equity, documents, arrears, legal stage, and viable exits; cite Ontario sources, involve legal counsel, and never promise to stop enforcement or guarantee approval.","Original comparison matrix + scenario calculator","Open with a 40–60 word answer to “sell home vs refinance mortgage arrears”; follow with original comparison matrix + scenario calculator; layer in provide fast but sober triage grounded in recovery experience: diagnose the deadline, equity, documents, arrears, legal stage, and viable exits; cite Ontario sources, involve legal counsel, and never promise to stop enforcement or guarantee approval. Support every material claim, answer the visible follow-up questions, and keep the full commercial pitch on /resources/mortgage-declined-ontario.","Cite FSRA/FCAC/CMHC or Ontario primary sources; show brokerage #13827 and administrator #13828; attribute 28+ years and $1B+ funded to the principal broker with the July 14, 2026 methodology. Require Ontario legal review for enforcement claims, display dates, and distinguish financing guidance from legal advice.","Compare my realistic financing routes","/borrowers/alternative-mortgage; /borrowers/private-mortgage-financing; /resources/power-of-sale-options-ontario","Article + WebApplication + visible FAQPage","Semiannual","live web search, one exact query","2026-07-20","Canada/Ontario query modifiers; exact localization not guaranteed","medium — five live result references","volume/difficulty/backlinks unavailable-not-zero"
"KW-153","mortgage declined broker Ontario","rescue","Bank-declined / rescue borrowers","L4","rescue-guide","/resources/mortgage-declined-ontario","P0","Alternative Mortgage Broker in Ontario | Turnedaway.ca","https://www.turnedaway.ca/","turnedaway.ca","direct lender, brokerage, or specialist","Ontario/Canada aligned","Mortgage Agent Ontario | Hugo Rossel – Get Approved Fast - Mortgage Agent in Ontario | Get Approved Even If Banks Say No | Hugo Rossel","https://mortgageagentontario.ca/","mortgageagentontario.ca","direct lender, brokerage, or specialist","Private Mortgage Toronto, ON 2026 | Approved in 48h | lendsimpl","https://lendsimpl.ca/private-mortgage","lendsimpl.ca","direct lender, brokerage, or specialist","https://www.fsrao.ca/consumers/mortgage-brokering","https://www.fsrao.ca/consumers/mortgage-brokering/working-mortgage-professional","5","direct lender, brokerage, or specialist","commercial service / product page","Wins through exact local commercial intent, scenario specificity, speed/equity language, strong CTAs, and service-page relevance.","Commercially relevant but many pages rely on generic approval/speed claims, weak citations, opaque total cost, and little proof of exit planning.","Match the winners’ exact-query answer, commercial service / product page, Ontario/Canada terminology, scannable structure, definitions, risks, and a clear next step. Cite the strongest primary source instead of paraphrasing unsupported rules.","Add what the dominant direct lender, brokerage, or specialist results omit: borrower-specific decision logic, transparent assumptions, a worked Ontario scenario, all-in economics, document requirements, failure modes, and a route beyond the current product.","Provide fast but sober triage grounded in recovery experience: diagnose the deadline, equity, documents, arrears, legal stage, and viable exits; cite Ontario sources, involve legal counsel, and never promise to stop enforcement or guarantee approval.","Deadline triage flow + evidence checklist + sober risk notice","Open with a 40–60 word answer to “mortgage declined broker Ontario”; follow with deadline triage flow + evidence checklist + sober risk notice; layer in provide fast but sober triage grounded in recovery experience: diagnose the deadline, equity, documents, arrears, legal stage, and viable exits; cite Ontario sources, involve legal counsel, and never promise to stop enforcement or guarantee approval. Support every material claim, answer the visible follow-up questions, and keep the full commercial pitch on /resources/mortgage-declined-ontario.","Cite FSRA/FCAC/CMHC or Ontario primary sources; show brokerage #13827 and administrator #13828; attribute 28+ years and $1B+ funded to the principal broker with the July 14, 2026 methodology. Require Ontario legal review for enforcement claims, display dates, and distinguish financing guidance from legal advice.","Get a focused eligibility and document review","/borrowers/alternative-mortgage; /borrowers/private-mortgage-financing; /resources/power-of-sale-options-ontario","Article/Service as appropriate + visible FAQPage","Semiannual","live web search, one exact query","2026-07-20","Canada/Ontario query modifiers; exact localization not guaranteed","medium — five live result references","volume/difficulty/backlinks unavailable-not-zero"
"KW-154","rescue mortgage lender Ontario","rescue","Bank-declined / rescue borrowers","L4","private-service","/borrowers/private-mortgage-financing","P0","Black Bear Capital | Ontario Private Mortgage Lender","https://www.blackbear.ca/","blackbear.ca","direct lender, brokerage, or specialist","Ontario/Canada aligned","Mortgage Solutions Ontario | Good Home Capital","https://www.goodhomecapital.ca/","goodhomecapital.ca","direct lender, brokerage, or specialist","Smart 2nd Mortgage Options for Homeowners | Prompt Financial Solutions","https://www.promptfinancial.ca/","promptfinancial.ca","direct lender, brokerage, or specialist","https://kokaneemortgage.com/","https://www.turnedaway.ca/","5","direct lender, brokerage, or specialist","commercial service / product page","Wins through exact local commercial intent, scenario specificity, speed/equity language, strong CTAs, and service-page relevance.","Commercially relevant but many pages rely on generic approval/speed claims, weak citations, opaque total cost, and little proof of exit planning.","Match the winners’ exact-query answer, commercial service / product page, Ontario/Canada terminology, scannable structure, definitions, risks, and a clear next step. Cite the strongest primary source instead of paraphrasing unsupported rules.","Add what the dominant direct lender, brokerage, or specialist results omit: borrower-specific decision logic, transparent assumptions, a worked Ontario scenario, all-in economics, document requirements, failure modes, and a route beyond the current product.","Provide fast but sober triage grounded in recovery experience: diagnose the deadline, equity, documents, arrears, legal stage, and viable exits; cite Ontario sources, involve legal counsel, and never promise to stop enforcement or guarantee approval.","Service decision module + lender-tier route selector + focused intake","Open with a 40–60 word answer to “rescue mortgage lender Ontario”; follow with service decision module + lender-tier route selector + focused intake; layer in provide fast but sober triage grounded in recovery experience: diagnose the deadline, equity, documents, arrears, legal stage, and viable exits; cite Ontario sources, involve legal counsel, and never promise to stop enforcement or guarantee approval. Support every material claim, answer the visible follow-up questions, and keep the full commercial pitch on /borrowers/private-mortgage-financing.","Cite FSRA/FCAC/CMHC or Ontario primary sources; show brokerage #13827 and administrator #13828; attribute 28+ years and $1B+ funded to the principal broker with the July 14, 2026 methodology. Require Ontario legal review for enforcement claims, display dates, and distinguish financing guidance from legal advice.","Get a focused eligibility and document review","/resources/private-mortgage-costs-ontario; /resources/mortgage-declined-ontario; /resources/a-vs-b-vs-private-mortgage","Article/Service as appropriate + visible FAQPage","Semiannual","live web search, one exact query","2026-07-20","Canada/Ontario query modifiers; exact localization not guaranteed","medium — five live result references","volume/difficulty/backlinks unavailable-not-zero"
"KW-155","mortgage arrears refinancing Ontario","rescue","Bank-declined / rescue borrowers","L4","private-service","/borrowers/private-mortgage-financing","P0","2026 User Guide for - Financial Hardship Unlocking Form FHU 2 – Application for Arrears of Rent or Default on Secured Debt | Financial Services Regulatory Authority of Ontario","https://www.fsrao.ca/industry/pensions/pensions-all-forms/2026-user-guide-financial-hardship-unlocking-form-fhu-2-application-arrears-rent-or-default-secured-debt","fsrao.ca","government / regulator","Ontario/Canada aligned","2026 User Guide for Financial Institutions - Financial Hardship Unlocking | Financial Services Regulatory Authority of Ontario","https://www.fsrao.ca/industry/pensions/pensions-all-forms/2026-user-guide-financial-institutions-financial-hardship-unlocking","fsrao.ca","government / regulator","Mortgage Refinancing Ontario: Guide & Legal Considerations","https://insightlawfirm.ca/mortgage-refinancing/","insightlawfirm.ca","legal / professional authority","https://ratecore.ca/refinance/","https://www.turnedaway.ca/mortgage-refinance/","5","direct lender, brokerage, or specialist","legal / rescue guide","Wins through exact local commercial intent, scenario specificity, speed/equity language, strong CTAs, and service-page relevance.","Commercially relevant but many pages rely on generic approval/speed claims, weak citations, opaque total cost, and little proof of exit planning.","Match the winners’ exact-query answer, legal / rescue guide, Ontario/Canada terminology, scannable structure, definitions, risks, and a clear next step. Cite the strongest primary source instead of paraphrasing unsupported rules.","Add what the dominant direct lender, brokerage, or specialist results omit: borrower-specific decision logic, transparent assumptions, a worked Ontario scenario, all-in economics, document requirements, failure modes, and a route beyond the current product.","Provide fast but sober triage grounded in recovery experience: diagnose the deadline, equity, documents, arrears, legal stage, and viable exits; cite Ontario sources, involve legal counsel, and never promise to stop enforcement or guarantee approval.","Deadline triage flow + evidence checklist + sober risk notice","Open with a 40–60 word answer to “mortgage arrears refinancing Ontario”; follow with deadline triage flow + evidence checklist + sober risk notice; layer in provide fast but sober triage grounded in recovery experience: diagnose the deadline, equity, documents, arrears, legal stage, and viable exits; cite Ontario sources, involve legal counsel, and never promise to stop enforcement or guarantee approval. Support every material claim, answer the visible follow-up questions, and keep the full commercial pitch on /borrowers/private-mortgage-financing.","Cite FSRA/FCAC/CMHC or Ontario primary sources; show brokerage #13827 and administrator #13828; attribute 28+ years and $1B+ funded to the principal broker with the July 14, 2026 methodology. Require Ontario legal review for enforcement claims, display dates, and distinguish financing guidance from legal advice.","Get a focused eligibility and document review","/resources/private-mortgage-costs-ontario; /resources/mortgage-declined-ontario; /resources/a-vs-b-vs-private-mortgage","Article/Service as appropriate + visible FAQPage","Semiannual","live web search, one exact query","2026-07-20","Canada/Ontario query modifiers; exact localization not guaranteed","medium — five live result references","volume/difficulty/backlinks unavailable-not-zero"
"KW-156","private lender after bank decline Ontario","rescue","Bank-declined / rescue borrowers","L4","private-service","/borrowers/private-mortgage-financing","P0","LendToday | Ontario Mortgage Solutions Even When Banks Say No","https://www.lendtoday.ca/","lendtoday.ca","direct lender, brokerage, or specialist","Ontario/Canada aligned","Mortgage Declined Ontario? Get Approved Using Your Equity Fast","https://www.lendworth.ca/mortgage-declined","lendworth.ca","direct lender, brokerage, or specialist","Private Mortgage Lenders Ontario 2026 — Access Financing Banks Won't Offer | RATECORE Mortgage","https://ratecore.ca/private-lenders/","ratecore.ca","direct lender, brokerage, or specialist","https://www.turnedaway.ca/","https://www.stonefieldcapital.ca/services","5","direct lender, brokerage, or specialist","commercial service / product page","Wins through exact local commercial intent, scenario specificity, speed/equity language, strong CTAs, and service-page relevance.","Commercially relevant but many pages rely on generic approval/speed claims, weak citations, opaque total cost, and little proof of exit planning.","Match the winners’ exact-query answer, commercial service / product page, Ontario/Canada terminology, scannable structure, definitions, risks, and a clear next step. Cite the strongest primary source instead of paraphrasing unsupported rules.","Add what the dominant direct lender, brokerage, or specialist results omit: borrower-specific decision logic, transparent assumptions, a worked Ontario scenario, all-in economics, document requirements, failure modes, and a route beyond the current product.","Provide fast but sober triage grounded in recovery experience: diagnose the deadline, equity, documents, arrears, legal stage, and viable exits; cite Ontario sources, involve legal counsel, and never promise to stop enforcement or guarantee approval.","Deadline triage flow + evidence checklist + sober risk notice","Open with a 40–60 word answer to “private lender after bank decline Ontario”; follow with deadline triage flow + evidence checklist + sober risk notice; layer in provide fast but sober triage grounded in recovery experience: diagnose the deadline, equity, documents, arrears, legal stage, and viable exits; cite Ontario sources, involve legal counsel, and never promise to stop enforcement or guarantee approval. Support every material claim, answer the visible follow-up questions, and keep the full commercial pitch on /borrowers/private-mortgage-financing.","Cite FSRA/FCAC/CMHC or Ontario primary sources; show brokerage #13827 and administrator #13828; attribute 28+ years and $1B+ funded to the principal broker with the July 14, 2026 methodology. Require Ontario legal review for enforcement claims, display dates, and distinguish financing guidance from legal advice.","Get a focused eligibility and document review","/resources/private-mortgage-costs-ontario; /resources/mortgage-declined-ontario; /resources/a-vs-b-vs-private-mortgage","Article/Service as appropriate + visible FAQPage","Semiannual","live web search, one exact query","2026-07-20","Canada/Ontario query modifiers; exact localization not guaranteed","medium — five live result references","volume/difficulty/backlinks unavailable-not-zero"
"KW-157","urgent mortgage rescue Ontario","rescue","Bank-declined / rescue borrowers","L5","private-service","/borrowers/private-mortgage-financing","P0","Black Bear Capital | Ontario Private Mortgage Lender","https://www.blackbear.ca/","blackbear.ca","direct lender, brokerage, or specialist","Ontario/Canada aligned","Mortgage Solutions Ontario | Good Home Capital","https://www.goodhomecapital.ca/","goodhomecapital.ca","direct lender, brokerage, or specialist","Stop Foreclosure & Power of Sale in Ontario, Fast Help","https://www.turnedaway.ca/stop-foreclosure-in-canada/","turnedaway.ca","direct lender, brokerage, or specialist","https://www.turnedaway.ca/","https://www.mymortgagefinder.ca/","5","direct lender, brokerage, or specialist","commercial service / product page","Wins through exact local commercial intent, scenario specificity, speed/equity language, strong CTAs, and service-page relevance.","Commercially relevant but many pages rely on generic approval/speed claims, weak citations, opaque total cost, and little proof of exit planning.","Match the winners’ exact-query answer, commercial service / product page, Ontario/Canada terminology, scannable structure, definitions, risks, and a clear next step. Cite the strongest primary source instead of paraphrasing unsupported rules.","Add what the dominant direct lender, brokerage, or specialist results omit: borrower-specific decision logic, transparent assumptions, a worked Ontario scenario, all-in economics, document requirements, failure modes, and a route beyond the current product.","Provide fast but sober triage grounded in recovery experience: diagnose the deadline, equity, documents, arrears, legal stage, and viable exits; cite Ontario sources, involve legal counsel, and never promise to stop enforcement or guarantee approval.","Deadline triage flow + evidence checklist + sober risk notice","Open with a 40–60 word answer to “urgent mortgage rescue Ontario”; follow with deadline triage flow + evidence checklist + sober risk notice; layer in provide fast but sober triage grounded in recovery experience: diagnose the deadline, equity, documents, arrears, legal stage, and viable exits; cite Ontario sources, involve legal counsel, and never promise to stop enforcement or guarantee approval. Support every material claim, answer the visible follow-up questions, and keep the full commercial pitch on /borrowers/private-mortgage-financing.","Cite FSRA/FCAC/CMHC or Ontario primary sources; show brokerage #13827 and administrator #13828; attribute 28+ years and $1B+ funded to the principal broker with the July 14, 2026 methodology. Require Ontario legal review for enforcement claims, display dates, and distinguish financing guidance from legal advice.","Request a time-sensitive scenario triage","/resources/private-mortgage-costs-ontario; /resources/mortgage-declined-ontario; /resources/a-vs-b-vs-private-mortgage","Article/Service as appropriate + visible FAQPage","Semiannual","live web search, one exact query","2026-07-20","Canada/Ontario query modifiers; exact localization not guaranteed","medium — five live result references","volume/difficulty/backlinks unavailable-not-zero"
"KW-158","stop power of sale financing Ontario","rescue","Bank-declined / rescue borrowers","L5","rescue-legal","/resources/power-of-sale-options-ontario","Hold","Stop Power of Sale in Ontario | Power of Sale Ontario","https://powerofsalesontario.ca/stop-power-of-sale-in-ontario/","powerofsalesontario.ca","legal / professional authority","Ontario/Canada aligned","Stop Foreclosure in Ontario | Power of Sales Ontario","https://powerofsalesontario.ca/stop-foreclosure-in-ontario/","powerofsalesontario.ca","legal / professional authority","Power of Sale Help Ontario — Stop the Sale, Keep Home","https://www.mortgagesquad.ca/power-of-sale-mortgage","mortgagesquad.ca","direct lender, brokerage, or specialist","https://powerofsalesontario.ca/","https://www.turnedaway.ca/stop-foreclosure-in-canada/","5","legal / professional authority","legal / rescue guide","Wins sensitive enforcement queries through legal specificity, Ontario terminology, procedural detail, and professional trust.","Strong on procedure but usually weak on financing feasibility, all-in economics, property underwriting, and lender-path comparisons.","Match the winners’ exact-query answer, legal / rescue guide, Ontario/Canada terminology, scannable structure, definitions, risks, and a clear next step. Cite the strongest primary source instead of paraphrasing unsupported rules.","Add what the dominant legal / professional authority results omit: borrower-specific decision logic, transparent assumptions, a worked Ontario scenario, all-in economics, document requirements, failure modes, and a route beyond the current product.","Provide fast but sober triage grounded in recovery experience: diagnose the deadline, equity, documents, arrears, legal stage, and viable exits; cite Ontario sources, involve legal counsel, and never promise to stop enforcement or guarantee approval.","Deadline triage flow + evidence checklist + sober risk notice","Open with a 40–60 word answer to “stop power of sale financing Ontario”; follow with deadline triage flow + evidence checklist + sober risk notice; layer in provide fast but sober triage grounded in recovery experience: diagnose the deadline, equity, documents, arrears, legal stage, and viable exits; cite Ontario sources, involve legal counsel, and never promise to stop enforcement or guarantee approval. Support every material claim, answer the visible follow-up questions, and keep the full commercial pitch on /resources/power-of-sale-options-ontario.","Cite FSRA/FCAC/CMHC or Ontario primary sources; show brokerage #13827 and administrator #13828; attribute 28+ years and $1B+ funded to the principal broker with the July 14, 2026 methodology. Require Ontario legal review for enforcement claims, display dates, and distinguish financing guidance from legal advice.","Request a time-sensitive scenario triage","/resources/mortgage-declined-ontario; /borrowers/private-mortgage-financing","Article/Service as appropriate + visible FAQPage","Quarterly and after material policy/rate change","live web search, one exact query","2026-07-20","Canada/Ontario query modifiers; exact localization not guaranteed","medium — five live result references","volume/difficulty/backlinks unavailable-not-zero"
"KW-159","mortgage maturity default help Ontario","rescue","Bank-declined / rescue borrowers","L5","private-service","/borrowers/private-mortgage-financing","P0","2026 User Guide for - Financial Hardship Unlocking Form FHU 2 – Application for Arrears of Rent or Default on Secured Debt | Financial Services Regulatory Authority of Ontario","https://www.fsrao.ca/industry/pensions/pensions-all-forms/2026-user-guide-financial-hardship-unlocking-form-fhu-2-application-arrears-rent-or-default-secured-debt","fsrao.ca","government / regulator","Ontario/Canada aligned","Mortgages Act, R.S.O. 1990, c. M.40""","https://www.ontario.ca/laws/statute/90m40/v6","ontario.ca","government / regulator","Pay back OSAP | ontario.ca","https://www.ontario.ca/page/pay-back-osap","ontario.ca","government / regulator","https://www.ontario.ca/laws/statute/90m40?search=Landlord+and+Tenant+Act","https://www.legalline.ca/legal-answers/what-if-you-default-on-your-mortgage/","5","government / regulator","legal / rescue guide","Wins trust through primary-source authority, exhaustive process coverage, neutral risk language, and durable internal linking.","Neutral and authoritative but rarely helps a borrower compare viable routes, model a file, or act with a focused document plan.","Match the winners’ exact-query answer, legal / rescue guide, Ontario/Canada terminology, scannable structure, definitions, risks, and a clear next step. Cite the strongest primary source instead of paraphrasing unsupported rules.","Add what the dominant government / regulator results omit: borrower-specific decision logic, transparent assumptions, a worked Ontario scenario, all-in economics, document requirements, failure modes, and a route beyond the current product.","Provide fast but sober triage grounded in recovery experience: diagnose the deadline, equity, documents, arrears, legal stage, and viable exits; cite Ontario sources, involve legal counsel, and never promise to stop enforcement or guarantee approval.","Deadline triage flow + evidence checklist + sober risk notice","Open with a 40–60 word answer to “mortgage maturity default help Ontario”; follow with deadline triage flow + evidence checklist + sober risk notice; layer in provide fast but sober triage grounded in recovery experience: diagnose the deadline, equity, documents, arrears, legal stage, and viable exits; cite Ontario sources, involve legal counsel, and never promise to stop enforcement or guarantee approval. Support every material claim, answer the visible follow-up questions, and keep the full commercial pitch on /borrowers/private-mortgage-financing.","Cite FSRA/FCAC/CMHC or Ontario primary sources; show brokerage #13827 and administrator #13828; attribute 28+ years and $1B+ funded to the principal broker with the July 14, 2026 methodology. Require Ontario legal review for enforcement claims, display dates, and distinguish financing guidance from legal advice.","Request a time-sensitive scenario triage","/resources/private-mortgage-costs-ontario; /resources/mortgage-declined-ontario; /resources/a-vs-b-vs-private-mortgage","Article/Service as appropriate + visible FAQPage","Semiannual","live web search, one exact query","2026-07-20","Canada/Ontario query modifiers; exact localization not guaranteed","medium — five live result references","volume/difficulty/backlinks unavailable-not-zero"
"KW-160","closing tomorrow mortgage declined Ontario","rescue","Bank-declined / rescue borrowers","L5","private-service","/borrowers/private-mortgage-financing","P0","If I get a mortgage right now and the closing is 1 month ...","https://www.reddit.com/r/MortgagesCanada/comments/1622hic/if_i_get_a_mortgage_right_now_and_the_closing_is/","reddit.com","community / forum","geography unclear","Your mortgage fell through on closing day? What to do now","https://www.rocketmortgage.com/learn/mortgage-fell-through-on-closing-day","rocketmortgage.com","direct lender, brokerage, or specialist","How to avoid closing day problems - Mortgages","https://www.cibc.com/en/personal-banking/mortgages/resource-centre/closing-day.html","cibc.com","bank / institutional product provider","https://www.facebook.com/groups/delhiitesintoronto/posts/3926287387607980/","https://www.equifax.com/personal/education/loans/articles/-/learn/what-to-do-after-mortage-application-denied/","5","direct lender, brokerage, or specialist","commercial service / product page","Wins through exact local commercial intent, scenario specificity, speed/equity language, strong CTAs, and service-page relevance.","Commercially relevant but many pages rely on generic approval/speed claims, weak citations, opaque total cost, and little proof of exit planning.","Match the winners’ exact-query answer, commercial service / product page, Ontario/Canada terminology, scannable structure, definitions, risks, and a clear next step. Cite the strongest primary source instead of paraphrasing unsupported rules.","Add what the dominant direct lender, brokerage, or specialist results omit: borrower-specific decision logic, transparent assumptions, a worked Ontario scenario, all-in economics, document requirements, failure modes, and a route beyond the current product.","Provide fast but sober triage grounded in recovery experience: diagnose the deadline, equity, documents, arrears, legal stage, and viable exits; cite Ontario sources, involve legal counsel, and never promise to stop enforcement or guarantee approval.","Deadline triage flow + evidence checklist + sober risk notice","Open with a 40–60 word answer to “closing tomorrow mortgage declined Ontario”; follow with deadline triage flow + evidence checklist + sober risk notice; layer in provide fast but sober triage grounded in recovery experience: diagnose the deadline, equity, documents, arrears, legal stage, and viable exits; cite Ontario sources, involve legal counsel, and never promise to stop enforcement or guarantee approval. Support every material claim, answer the visible follow-up questions, and keep the full commercial pitch on /borrowers/private-mortgage-financing.","Cite FSRA/FCAC/CMHC or Ontario primary sources; show brokerage #13827 and administrator #13828; attribute 28+ years and $1B+ funded to the principal broker with the July 14, 2026 methodology. Require Ontario legal review for enforcement claims, display dates, and distinguish financing guidance from legal advice.","Request a time-sensitive scenario triage","/resources/private-mortgage-costs-ontario; /resources/mortgage-declined-ontario; /resources/a-vs-b-vs-private-mortgage","Article/Service as appropriate + visible FAQPage","Semiannual","live web search, one exact query","2026-07-20","Canada/Ontario query modifiers; exact localization not guaranteed","medium — five live result references","volume/difficulty/backlinks unavailable-not-zero"
