"id","query","normalizedQuery","segmentId","segmentName","borrowerProfile","financingTrigger","primaryFunnelLayer","layerName","secondaryFunnelLayer","intent","geography","clusterId","targetPath","pageType","priority","disposition","evidenceClass","marketMetricStatus","monthlySearches","cpc","difficulty","gscClicks","gscImpressions","gscCtr","gscPosition","fairlendGscStatus","serpValidationQuery","rankingScope","currentRankingUrls","observedAt","confidence","sourceRefs","rationale"
"KW-001","what is an A lender mortgage in Canada","what is an a lender mortgage in canada","prime-a","A / prime institutional mortgages","Borrower with strong credit, verifiable income, and bank-grade debt service","Purchase, renewal, switch, or graduation back to prime","L1","awareness-education","","informational","Canada with Ontario application","a-guide","/resources/a-lender-mortgage-requirements-ontario","Qualification guide","P1","Retain","current SERP / first-party directional","unavailable-not-zero","","","","","","","","not observed in fresh visible GSC query sample; unavailable-not-zero","A lender mortgage requirements Ontario","cluster-primary SERP; not claimed as exact-query rank","https://www.nesto.ca/mortgage-basics/a-lender-vs-b-lender-mortgages-in-canada/ | https://www.nesto.ca/mortgage-basics/main-types-of-mortgage-lenders-in-canada/ | https://www.canada.ca/en/financial-consumer-agency/services/mortgages/preapproval-qualify-mortgage.html","2026-07-20","directional","SERP-PRIME-A;KP-UNAVAILABLE","Supports A-lender requirements guide; Prime-policy education; residential guide remains broad and B/private pages own non-prime routes."
"KW-002","how A lender mortgages work Ontario","how a lender mortgages work ontario","prime-a","A / prime institutional mortgages","Borrower with strong credit, verifiable income, and bank-grade debt service","Purchase, renewal, switch, or graduation back to prime","L1","awareness-education","","informational","Ontario","a-guide","/resources/a-lender-mortgage-requirements-ontario","Qualification guide","P1","Retain","current SERP / first-party directional","unavailable-not-zero","","","","","","","","not observed in fresh visible GSC query sample; unavailable-not-zero","A lender mortgage requirements Ontario","cluster-primary SERP; not claimed as exact-query rank","https://www.nesto.ca/mortgage-basics/a-lender-vs-b-lender-mortgages-in-canada/ | https://www.nesto.ca/mortgage-basics/main-types-of-mortgage-lenders-in-canada/ | https://www.canada.ca/en/financial-consumer-agency/services/mortgages/preapproval-qualify-mortgage.html","2026-07-20","directional","SERP-PRIME-A;KP-UNAVAILABLE","Supports A-lender requirements guide; Prime-policy education; residential guide remains broad and B/private pages own non-prime routes."
"KW-003","prime mortgage lender meaning Canada","prime mortgage lender meaning canada","prime-a","A / prime institutional mortgages","Borrower with strong credit, verifiable income, and bank-grade debt service","Purchase, renewal, switch, or graduation back to prime","L1","awareness-education","","informational","Canada with Ontario application","a-guide","/resources/a-lender-mortgage-requirements-ontario","Qualification guide","P1","Retain","current SERP / first-party directional","unavailable-not-zero","","","","","","","","not observed in fresh visible GSC query sample; unavailable-not-zero","A lender mortgage requirements Ontario","cluster-primary SERP; not claimed as exact-query rank","https://www.nesto.ca/mortgage-basics/a-lender-vs-b-lender-mortgages-in-canada/ | https://www.nesto.ca/mortgage-basics/main-types-of-mortgage-lenders-in-canada/ | https://www.canada.ca/en/financial-consumer-agency/services/mortgages/preapproval-qualify-mortgage.html","2026-07-20","directional","SERP-PRIME-A;KP-UNAVAILABLE","Supports A-lender requirements guide; Prime-policy education; residential guide remains broad and B/private pages own non-prime routes."
"KW-004","institutional mortgage explained Ontario","institutional mortgage explained ontario","prime-a","A / prime institutional mortgages","Borrower with strong credit, verifiable income, and bank-grade debt service","Purchase, renewal, switch, or graduation back to prime","L1","awareness-education","","informational","Ontario","a-guide","/resources/a-lender-mortgage-requirements-ontario","Qualification guide","P1","Retain","current SERP / first-party directional","unavailable-not-zero","","","","","","","","not observed in fresh visible GSC query sample; unavailable-not-zero","A lender mortgage requirements Ontario","cluster-primary SERP; not claimed as exact-query rank","https://www.nesto.ca/mortgage-basics/a-lender-vs-b-lender-mortgages-in-canada/ | https://www.nesto.ca/mortgage-basics/main-types-of-mortgage-lenders-in-canada/ | https://www.canada.ca/en/financial-consumer-agency/services/mortgages/preapproval-qualify-mortgage.html","2026-07-20","directional","SERP-PRIME-A;KP-UNAVAILABLE","Supports A-lender requirements guide; Prime-policy education; residential guide remains broad and B/private pages own non-prime routes."
"KW-005","A lender mortgage requirements Ontario","a lender mortgage requirements ontario","prime-a","A / prime institutional mortgages","Borrower with strong credit, verifiable income, and bank-grade debt service","Purchase, renewal, switch, or graduation back to prime","L2","problem-project-feasibility","","informational-feasibility","Ontario","a-guide","/resources/a-lender-mortgage-requirements-ontario","Qualification guide","P1","Retain","current SERP / first-party directional","unavailable-not-zero","","","","","","","","not observed in fresh visible GSC query sample; unavailable-not-zero","A lender mortgage requirements Ontario","cluster-primary SERP; not claimed as exact-query rank","https://www.nesto.ca/mortgage-basics/a-lender-vs-b-lender-mortgages-in-canada/ | https://www.nesto.ca/mortgage-basics/main-types-of-mortgage-lenders-in-canada/ | https://www.canada.ca/en/financial-consumer-agency/services/mortgages/preapproval-qualify-mortgage.html","2026-07-20","directional","SERP-PRIME-A;KP-UNAVAILABLE","Supports A-lender requirements guide; Prime-policy education; residential guide remains broad and B/private pages own non-prime routes."
"KW-006","minimum credit score for A lender mortgage Canada","minimum credit score for a lender mortgage canada","prime-a","A / prime institutional mortgages","Borrower with strong credit, verifiable income, and bank-grade debt service","Purchase, renewal, switch, or graduation back to prime","L2","problem-project-feasibility","","informational-feasibility","Canada with Ontario application","a-guide","/resources/a-lender-mortgage-requirements-ontario","Qualification guide","P1","Retain","current SERP / first-party directional","unavailable-not-zero","","","","","","","","not observed in fresh visible GSC query sample; unavailable-not-zero","A lender mortgage requirements Ontario","cluster-primary SERP; not claimed as exact-query rank","https://www.nesto.ca/mortgage-basics/a-lender-vs-b-lender-mortgages-in-canada/ | https://www.nesto.ca/mortgage-basics/main-types-of-mortgage-lenders-in-canada/ | https://www.canada.ca/en/financial-consumer-agency/services/mortgages/preapproval-qualify-mortgage.html","2026-07-20","directional","SERP-PRIME-A;KP-UNAVAILABLE","Supports A-lender requirements guide; Prime-policy education; residential guide remains broad and B/private pages own non-prime routes."
"KW-007","A lender debt service ratios Canada","a lender debt service ratios canada","prime-a","A / prime institutional mortgages","Borrower with strong credit, verifiable income, and bank-grade debt service","Purchase, renewal, switch, or graduation back to prime","L2","problem-project-feasibility","","informational-feasibility","Canada with Ontario application","a-guide","/resources/a-lender-mortgage-requirements-ontario","Qualification guide","P1","Retain","current SERP / first-party directional","unavailable-not-zero","","","","","","","","not observed in fresh visible GSC query sample; unavailable-not-zero","A lender mortgage requirements Ontario","cluster-primary SERP; not claimed as exact-query rank","https://www.nesto.ca/mortgage-basics/a-lender-vs-b-lender-mortgages-in-canada/ | https://www.nesto.ca/mortgage-basics/main-types-of-mortgage-lenders-in-canada/ | https://www.canada.ca/en/financial-consumer-agency/services/mortgages/preapproval-qualify-mortgage.html","2026-07-20","directional","SERP-PRIME-A;KP-UNAVAILABLE","Supports A-lender requirements guide; Prime-policy education; residential guide remains broad and B/private pages own non-prime routes."
"KW-008","self employed A lender mortgage Ontario","self employed a lender mortgage ontario","prime-a","A / prime institutional mortgages","Borrower with strong credit, verifiable income, and bank-grade debt service","Purchase, renewal, switch, or graduation back to prime","L2","problem-project-feasibility","","informational-feasibility","Ontario","a-guide","/resources/a-lender-mortgage-requirements-ontario","Qualification guide","P1","Retain","current SERP / first-party directional","unavailable-not-zero","","","","","","","","not observed in fresh visible GSC query sample; unavailable-not-zero","A lender mortgage requirements Ontario","cluster-primary SERP; not claimed as exact-query rank","https://www.nesto.ca/mortgage-basics/a-lender-vs-b-lender-mortgages-in-canada/ | https://www.nesto.ca/mortgage-basics/main-types-of-mortgage-lenders-in-canada/ | https://www.canada.ca/en/financial-consumer-agency/services/mortgages/preapproval-qualify-mortgage.html","2026-07-20","directional","SERP-PRIME-A;KP-UNAVAILABLE","Supports A-lender requirements guide; Prime-policy education; residential guide remains broad and B/private pages own non-prime routes."
"KW-009","A lender vs B lender mortgage Ontario","a lender vs b lender mortgage ontario","prime-a","A / prime institutional mortgages","Borrower with strong credit, verifiable income, and bank-grade debt service","Purchase, renewal, switch, or graduation back to prime","L3","evaluation-planning-comparison","","commercial-comparison","Ontario","lender-comparison","/resources/a-vs-b-vs-private-mortgage","Comparison / decision page","P0","Retain","current SERP / first-party directional","unavailable-not-zero","","","","","","","","not observed in fresh visible GSC query sample; unavailable-not-zero","A lender vs B lender vs private mortgage Ontario","cluster-primary SERP; not claimed as exact-query rank","https://www.nesto.ca/mortgage-basics/a-lender-vs-b-lender-mortgages-in-canada/ | https://www.nesto.ca/mortgage-basics/main-types-of-mortgage-lenders-in-canada/ | https://www.canada.ca/en/financial-consumer-agency/services/mortgages/preapproval-qualify-mortgage.html","2026-07-20","directional","SERP-PRIME-A;KP-UNAVAILABLE","Supports A vs B vs private mortgage comparison; Sole A/B/private comparison owner; individual service pages explain their tier but do not recreate the full matrix."
"KW-010","bank vs monoline mortgage lender Canada","bank vs monoline mortgage lender canada","prime-a","A / prime institutional mortgages","Borrower with strong credit, verifiable income, and bank-grade debt service","Purchase, renewal, switch, or graduation back to prime","L3","evaluation-planning-comparison","","commercial-comparison","Canada with Ontario application","lender-comparison","/resources/a-vs-b-vs-private-mortgage","Comparison / decision page","P0","Retain","current SERP / first-party directional","unavailable-not-zero","","","","","","","","not observed in fresh visible GSC query sample; unavailable-not-zero","A lender vs B lender vs private mortgage Ontario","cluster-primary SERP; not claimed as exact-query rank","https://www.nesto.ca/mortgage-basics/a-lender-vs-b-lender-mortgages-in-canada/ | https://www.nesto.ca/mortgage-basics/main-types-of-mortgage-lenders-in-canada/ | https://www.canada.ca/en/financial-consumer-agency/services/mortgages/preapproval-qualify-mortgage.html","2026-07-20","directional","SERP-PRIME-A;KP-UNAVAILABLE","Supports A vs B vs private mortgage comparison; Sole A/B/private comparison owner; individual service pages explain their tier but do not recreate the full matrix."
"KW-011","institutional vs private mortgage Ontario","institutional vs private mortgage ontario","prime-a","A / prime institutional mortgages","Borrower with strong credit, verifiable income, and bank-grade debt service","Purchase, renewal, switch, or graduation back to prime","L3","evaluation-planning-comparison","","commercial-comparison","Ontario","lender-comparison","/resources/a-vs-b-vs-private-mortgage","Comparison / decision page","P0","Retain","current SERP / first-party directional","unavailable-not-zero","","","","","","","","not observed in fresh visible GSC query sample; unavailable-not-zero","A lender vs B lender vs private mortgage Ontario","cluster-primary SERP; not claimed as exact-query rank","https://www.nesto.ca/mortgage-basics/a-lender-vs-b-lender-mortgages-in-canada/ | https://www.nesto.ca/mortgage-basics/main-types-of-mortgage-lenders-in-canada/ | https://www.canada.ca/en/financial-consumer-agency/services/mortgages/preapproval-qualify-mortgage.html","2026-07-20","directional","SERP-PRIME-A;KP-UNAVAILABLE","Supports A vs B vs private mortgage comparison; Sole A/B/private comparison owner; individual service pages explain their tier but do not recreate the full matrix."
"KW-012","fixed vs variable prime mortgage Ontario","fixed vs variable prime mortgage ontario","prime-a","A / prime institutional mortgages","Borrower with strong credit, verifiable income, and bank-grade debt service","Purchase, renewal, switch, or graduation back to prime","L3","evaluation-planning-comparison","","commercial-comparison","Ontario","lender-comparison","/resources/a-vs-b-vs-private-mortgage","Comparison / decision page","P0","Retain","current SERP / first-party directional","unavailable-not-zero","","","","","","","","not observed in fresh visible GSC query sample; unavailable-not-zero","A lender vs B lender vs private mortgage Ontario","cluster-primary SERP; not claimed as exact-query rank","https://www.nesto.ca/mortgage-basics/a-lender-vs-b-lender-mortgages-in-canada/ | https://www.nesto.ca/mortgage-basics/main-types-of-mortgage-lenders-in-canada/ | https://www.canada.ca/en/financial-consumer-agency/services/mortgages/preapproval-qualify-mortgage.html","2026-07-20","directional","SERP-PRIME-A;KP-UNAVAILABLE","Supports A vs B vs private mortgage comparison; Sole A/B/private comparison owner; individual service pages explain their tier but do not recreate the full matrix."
"KW-013","A lender mortgage broker Ontario","a lender mortgage broker ontario","prime-a","A / prime institutional mortgages","Borrower with strong credit, verifiable income, and bank-grade debt service","Purchase, renewal, switch, or graduation back to prime","L4","qualification-commercial-investigation","","commercial-investigation","Ontario","a-service","/borrowers/institutional-mortgage","Service page","P1","Retain","current SERP / first-party directional","unavailable-not-zero","","","","","","","","not observed in fresh visible GSC query sample; unavailable-not-zero","institutional mortgage lenders Ontario","cluster-primary SERP; not claimed as exact-query rank","https://www.nesto.ca/mortgage-basics/a-lender-vs-b-lender-mortgages-in-canada/ | https://www.nesto.ca/mortgage-basics/main-types-of-mortgage-lenders-in-canada/ | https://www.canada.ca/en/financial-consumer-agency/services/mortgages/preapproval-qualify-mortgage.html","2026-07-20","directional","SERP-PRIME-A;KP-UNAVAILABLE","Supports Institutional mortgage service; Prime institutional owner. Alternative B and private commercial intent must not be blended into the title/H1."
"KW-014","institutional mortgage lenders Ontario","institutional mortgage lenders ontario","prime-a","A / prime institutional mortgages","Borrower with strong credit, verifiable income, and bank-grade debt service","Purchase, renewal, switch, or graduation back to prime","L4","qualification-commercial-investigation","","commercial-investigation","Ontario","a-service","/borrowers/institutional-mortgage","Service page","P1","Retain","current SERP / first-party directional","unavailable-not-zero","","","","","","","","not observed in fresh visible GSC query sample; unavailable-not-zero","institutional mortgage lenders Ontario","cluster-primary SERP; not claimed as exact-query rank","https://www.nesto.ca/mortgage-basics/a-lender-vs-b-lender-mortgages-in-canada/ | https://www.nesto.ca/mortgage-basics/main-types-of-mortgage-lenders-in-canada/ | https://www.canada.ca/en/financial-consumer-agency/services/mortgages/preapproval-qualify-mortgage.html","2026-07-20","directional","SERP-PRIME-A;KP-UNAVAILABLE","Supports Institutional mortgage service; Prime institutional owner. Alternative B and private commercial intent must not be blended into the title/H1."
"KW-015","prime mortgage pre approval Ontario","prime mortgage pre approval ontario","prime-a","A / prime institutional mortgages","Borrower with strong credit, verifiable income, and bank-grade debt service","Purchase, renewal, switch, or graduation back to prime","L4","qualification-commercial-investigation","","commercial-investigation","Ontario","a-service","/borrowers/institutional-mortgage","Service page","P1","Retain","current SERP / first-party directional","unavailable-not-zero","","","","","","","","not observed in fresh visible GSC query sample; unavailable-not-zero","institutional mortgage lenders Ontario","cluster-primary SERP; not claimed as exact-query rank","https://www.nesto.ca/mortgage-basics/a-lender-vs-b-lender-mortgages-in-canada/ | https://www.nesto.ca/mortgage-basics/main-types-of-mortgage-lenders-in-canada/ | https://www.canada.ca/en/financial-consumer-agency/services/mortgages/preapproval-qualify-mortgage.html","2026-07-20","directional","SERP-PRIME-A;KP-UNAVAILABLE","Supports Institutional mortgage service; Prime institutional owner. Alternative B and private commercial intent must not be blended into the title/H1."
"KW-016","documents for A lender mortgage Canada","documents for a lender mortgage canada","prime-a","A / prime institutional mortgages","Borrower with strong credit, verifiable income, and bank-grade debt service","Purchase, renewal, switch, or graduation back to prime","L4","qualification-commercial-investigation","","commercial-investigation","Canada with Ontario application","a-service","/borrowers/institutional-mortgage","Service page","P1","Retain","current SERP / first-party directional","unavailable-not-zero","","","","","","","","not observed in fresh visible GSC query sample; unavailable-not-zero","institutional mortgage lenders Ontario","cluster-primary SERP; not claimed as exact-query rank","https://www.nesto.ca/mortgage-basics/a-lender-vs-b-lender-mortgages-in-canada/ | https://www.nesto.ca/mortgage-basics/main-types-of-mortgage-lenders-in-canada/ | https://www.canada.ca/en/financial-consumer-agency/services/mortgages/preapproval-qualify-mortgage.html","2026-07-20","directional","SERP-PRIME-A;KP-UNAVAILABLE","Supports Institutional mortgage service; Prime institutional owner. Alternative B and private commercial intent must not be blended into the title/H1."
"KW-017","switch private mortgage to A lender Ontario","switch private mortgage to a lender ontario","prime-a","A / prime institutional mortgages","Borrower with strong credit, verifiable income, and bank-grade debt service","Purchase, renewal, switch, or graduation back to prime","L5","transaction-urgency-rescue","L4","transactional-urgent","Ontario","a-service","/borrowers/institutional-mortgage","Service page","P1","Retain","current SERP / first-party directional","unavailable-not-zero","","","","","","","","not observed in fresh visible GSC query sample; unavailable-not-zero","institutional mortgage lenders Ontario","cluster-primary SERP; not claimed as exact-query rank","https://www.nesto.ca/mortgage-basics/a-lender-vs-b-lender-mortgages-in-canada/ | https://www.nesto.ca/mortgage-basics/main-types-of-mortgage-lenders-in-canada/ | https://www.canada.ca/en/financial-consumer-agency/services/mortgages/preapproval-qualify-mortgage.html","2026-07-20","directional","SERP-PRIME-A;KP-UNAVAILABLE","Supports Institutional mortgage service; Prime institutional owner. Alternative B and private commercial intent must not be blended into the title/H1."
"KW-018","urgent institutional mortgage closing Ontario","urgent institutional mortgage closing ontario","prime-a","A / prime institutional mortgages","Borrower with strong credit, verifiable income, and bank-grade debt service","Purchase, renewal, switch, or graduation back to prime","L5","transaction-urgency-rescue","L4","transactional-urgent","Ontario","a-service","/borrowers/institutional-mortgage","Service page","P1","Retain","current SERP / first-party directional","unavailable-not-zero","","","","","","","","not observed in fresh visible GSC query sample; unavailable-not-zero","institutional mortgage lenders Ontario","cluster-primary SERP; not claimed as exact-query rank","https://www.nesto.ca/mortgage-basics/a-lender-vs-b-lender-mortgages-in-canada/ | https://www.nesto.ca/mortgage-basics/main-types-of-mortgage-lenders-in-canada/ | https://www.canada.ca/en/financial-consumer-agency/services/mortgages/preapproval-qualify-mortgage.html","2026-07-20","directional","SERP-PRIME-A;KP-UNAVAILABLE","Supports Institutional mortgage service; Prime institutional owner. Alternative B and private commercial intent must not be blended into the title/H1."
"KW-019","move from B lender to bank mortgage","move from b lender to bank mortgage","prime-a","A / prime institutional mortgages","Borrower with strong credit, verifiable income, and bank-grade debt service","Purchase, renewal, switch, or graduation back to prime","L5","transaction-urgency-rescue","L4","transactional-urgent","Ontario","a-service","/borrowers/institutional-mortgage","Service page","P1","Retain","current SERP / first-party directional","unavailable-not-zero","","","","","","","","not observed in fresh visible GSC query sample; unavailable-not-zero","institutional mortgage lenders Ontario","cluster-primary SERP; not claimed as exact-query rank","https://www.nesto.ca/mortgage-basics/a-lender-vs-b-lender-mortgages-in-canada/ | https://www.nesto.ca/mortgage-basics/main-types-of-mortgage-lenders-in-canada/ | https://www.canada.ca/en/financial-consumer-agency/services/mortgages/preapproval-qualify-mortgage.html","2026-07-20","directional","SERP-PRIME-A;KP-UNAVAILABLE","Supports Institutional mortgage service; Prime institutional owner. Alternative B and private commercial intent must not be blended into the title/H1."
"KW-020","A lender mortgage renewal denied options","a lender mortgage renewal denied options","prime-a","A / prime institutional mortgages","Borrower with strong credit, verifiable income, and bank-grade debt service","Purchase, renewal, switch, or graduation back to prime","L5","transaction-urgency-rescue","L4","transactional-urgent","Ontario","a-service","/borrowers/institutional-mortgage","Service page","P1","Retain","current SERP / first-party directional","unavailable-not-zero","","","","","","","","not observed in fresh visible GSC query sample; unavailable-not-zero","institutional mortgage lenders Ontario","cluster-primary SERP; not claimed as exact-query rank","https://www.nesto.ca/mortgage-basics/a-lender-vs-b-lender-mortgages-in-canada/ | https://www.nesto.ca/mortgage-basics/main-types-of-mortgage-lenders-in-canada/ | https://www.canada.ca/en/financial-consumer-agency/services/mortgages/preapproval-qualify-mortgage.html","2026-07-20","directional","SERP-PRIME-A;KP-UNAVAILABLE","Supports Institutional mortgage service; Prime institutional owner. Alternative B and private commercial intent must not be blended into the title/H1."
"KW-021","what is a B lender mortgage in Canada","what is a b lender mortgage in canada","alternative-b","B / alternative institutional mortgages","Borrower with recoverable credit, non-standard income, or bank-policy mismatch","Bank decline without needing a fully private solution","L1","awareness-education","","informational","Canada with Ontario application","b-guide","/resources/b-lender-mortgage-ontario","Qualification guide","P1","Retain","current SERP / first-party directional","unavailable-not-zero","","","","","","","","not observed in fresh visible GSC query sample; unavailable-not-zero","B lender mortgage requirements Ontario","cluster-primary SERP; not claimed as exact-query rank","https://rates.ca/guides/mortgage/b-lenders | https://www.truenorthmortgage.ca/blog/alternative-b-lender | https://wowa.ca/b-lender-mortgages","2026-07-20","directional","SERP-ALTERNATIVE-B;KP-UNAVAILABLE","Supports B-lender mortgage guide; Institutional alternative only; no equity-first private promises or generic residential head terms."
"KW-022","how alternative mortgages work Ontario","how alternative mortgages work ontario","alternative-b","B / alternative institutional mortgages","Borrower with recoverable credit, non-standard income, or bank-policy mismatch","Bank decline without needing a fully private solution","L1","awareness-education","","informational","Ontario","b-guide","/resources/b-lender-mortgage-ontario","Qualification guide","P1","Retain","current SERP / first-party directional","unavailable-not-zero","","","","","","","","not observed in fresh visible GSC query sample; unavailable-not-zero","B lender mortgage requirements Ontario","cluster-primary SERP; not claimed as exact-query rank","https://rates.ca/guides/mortgage/b-lenders | https://www.truenorthmortgage.ca/blog/alternative-b-lender | https://wowa.ca/b-lender-mortgages","2026-07-20","directional","SERP-ALTERNATIVE-B;KP-UNAVAILABLE","Supports B-lender mortgage guide; Institutional alternative only; no equity-first private promises or generic residential head terms."
"KW-023","alternative institutional lender meaning","alternative institutional lender meaning","alternative-b","B / alternative institutional mortgages","Borrower with recoverable credit, non-standard income, or bank-policy mismatch","Bank decline without needing a fully private solution","L1","awareness-education","","informational","Ontario","b-guide","/resources/b-lender-mortgage-ontario","Qualification guide","P1","Retain","current SERP / first-party directional","unavailable-not-zero","","","","","","","","not observed in fresh visible GSC query sample; unavailable-not-zero","B lender mortgage requirements Ontario","cluster-primary SERP; not claimed as exact-query rank","https://rates.ca/guides/mortgage/b-lenders | https://www.truenorthmortgage.ca/blog/alternative-b-lender | https://wowa.ca/b-lender-mortgages","2026-07-20","directional","SERP-ALTERNATIVE-B;KP-UNAVAILABLE","Supports B-lender mortgage guide; Institutional alternative only; no equity-first private promises or generic residential head terms."
"KW-024","who are B mortgage lenders in Ontario","who are b mortgage lenders in ontario","alternative-b","B / alternative institutional mortgages","Borrower with recoverable credit, non-standard income, or bank-policy mismatch","Bank decline without needing a fully private solution","L1","awareness-education","","informational","Ontario","b-guide","/resources/b-lender-mortgage-ontario","Qualification guide","P1","Retain","current SERP / first-party directional","unavailable-not-zero","","","","","","","","not observed in fresh visible GSC query sample; unavailable-not-zero","B lender mortgage requirements Ontario","cluster-primary SERP; not claimed as exact-query rank","https://rates.ca/guides/mortgage/b-lenders | https://www.truenorthmortgage.ca/blog/alternative-b-lender | https://wowa.ca/b-lender-mortgages","2026-07-20","directional","SERP-ALTERNATIVE-B;KP-UNAVAILABLE","Supports B-lender mortgage guide; Institutional alternative only; no equity-first private promises or generic residential head terms."
"KW-025","B lender mortgage requirements Ontario","b lender mortgage requirements ontario","alternative-b","B / alternative institutional mortgages","Borrower with recoverable credit, non-standard income, or bank-policy mismatch","Bank decline without needing a fully private solution","L2","problem-project-feasibility","","informational-feasibility","Ontario","b-guide","/resources/b-lender-mortgage-ontario","Qualification guide","P1","Retain","current SERP / first-party directional","unavailable-not-zero","","","","","","","","not observed in fresh visible GSC query sample; unavailable-not-zero","B lender mortgage requirements Ontario","cluster-primary SERP; not claimed as exact-query rank","https://rates.ca/guides/mortgage/b-lenders | https://www.truenorthmortgage.ca/blog/alternative-b-lender | https://wowa.ca/b-lender-mortgages","2026-07-20","directional","SERP-ALTERNATIVE-B;KP-UNAVAILABLE","Supports B-lender mortgage guide; Institutional alternative only; no equity-first private promises or generic residential head terms."
"KW-026","minimum credit score for B lender mortgage","minimum credit score for b lender mortgage","alternative-b","B / alternative institutional mortgages","Borrower with recoverable credit, non-standard income, or bank-policy mismatch","Bank decline without needing a fully private solution","L2","problem-project-feasibility","","informational-feasibility","Ontario","b-guide","/resources/b-lender-mortgage-ontario","Qualification guide","P1","Retain","current SERP / first-party directional","unavailable-not-zero","","","","","","","","not observed in fresh visible GSC query sample; unavailable-not-zero","B lender mortgage requirements Ontario","cluster-primary SERP; not claimed as exact-query rank","https://rates.ca/guides/mortgage/b-lenders | https://www.truenorthmortgage.ca/blog/alternative-b-lender | https://wowa.ca/b-lender-mortgages","2026-07-20","directional","SERP-ALTERNATIVE-B;KP-UNAVAILABLE","Supports B-lender mortgage guide; Institutional alternative only; no equity-first private promises or generic residential head terms."
"KW-027","B lender self employed mortgage Ontario","b lender self employed mortgage ontario","alternative-b","B / alternative institutional mortgages","Borrower with recoverable credit, non-standard income, or bank-policy mismatch","Bank decline without needing a fully private solution","L2","problem-project-feasibility","","informational-feasibility","Ontario","b-guide","/resources/b-lender-mortgage-ontario","Qualification guide","P1","Retain","current SERP / first-party directional","unavailable-not-zero","","","","","","","","not observed in fresh visible GSC query sample; unavailable-not-zero","B lender mortgage requirements Ontario","cluster-primary SERP; not claimed as exact-query rank","https://rates.ca/guides/mortgage/b-lenders | https://www.truenorthmortgage.ca/blog/alternative-b-lender | https://wowa.ca/b-lender-mortgages","2026-07-20","directional","SERP-ALTERNATIVE-B;KP-UNAVAILABLE","Supports B-lender mortgage guide; Institutional alternative only; no equity-first private promises or generic residential head terms."
"KW-028","B lender debt service ratios Canada","b lender debt service ratios canada","alternative-b","B / alternative institutional mortgages","Borrower with recoverable credit, non-standard income, or bank-policy mismatch","Bank decline without needing a fully private solution","L2","problem-project-feasibility","","informational-feasibility","Canada with Ontario application","b-guide","/resources/b-lender-mortgage-ontario","Qualification guide","P1","Retain","current SERP / first-party directional","unavailable-not-zero","","","","","","","","not observed in fresh visible GSC query sample; unavailable-not-zero","B lender mortgage requirements Ontario","cluster-primary SERP; not claimed as exact-query rank","https://rates.ca/guides/mortgage/b-lenders | https://www.truenorthmortgage.ca/blog/alternative-b-lender | https://wowa.ca/b-lender-mortgages","2026-07-20","directional","SERP-ALTERNATIVE-B;KP-UNAVAILABLE","Supports B-lender mortgage guide; Institutional alternative only; no equity-first private promises or generic residential head terms."
"KW-029","B lender vs A lender mortgage Ontario","b lender vs a lender mortgage ontario","alternative-b","B / alternative institutional mortgages","Borrower with recoverable credit, non-standard income, or bank-policy mismatch","Bank decline without needing a fully private solution","L3","evaluation-planning-comparison","","commercial-comparison","Ontario","lender-comparison","/resources/a-vs-b-vs-private-mortgage","Comparison / decision page","P0","Retain","current SERP / first-party directional","unavailable-not-zero","","","","","","","","not observed in fresh visible GSC query sample; unavailable-not-zero","A lender vs B lender vs private mortgage Ontario","cluster-primary SERP; not claimed as exact-query rank","https://rates.ca/guides/mortgage/b-lenders | https://www.truenorthmortgage.ca/blog/alternative-b-lender | https://wowa.ca/b-lender-mortgages","2026-07-20","directional","SERP-ALTERNATIVE-B;KP-UNAVAILABLE","Supports A vs B vs private mortgage comparison; Sole A/B/private comparison owner; individual service pages explain their tier but do not recreate the full matrix."
"KW-030","B lender vs private mortgage Ontario","b lender vs private mortgage ontario","alternative-b","B / alternative institutional mortgages","Borrower with recoverable credit, non-standard income, or bank-policy mismatch","Bank decline without needing a fully private solution","L3","evaluation-planning-comparison","","commercial-comparison","Ontario","lender-comparison","/resources/a-vs-b-vs-private-mortgage","Comparison / decision page","P0","Retain","current SERP / first-party directional","unavailable-not-zero","","","","","","","","not observed in fresh visible GSC query sample; unavailable-not-zero","A lender vs B lender vs private mortgage Ontario","cluster-primary SERP; not claimed as exact-query rank","https://rates.ca/guides/mortgage/b-lenders | https://www.truenorthmortgage.ca/blog/alternative-b-lender | https://wowa.ca/b-lender-mortgages","2026-07-20","directional","SERP-ALTERNATIVE-B;KP-UNAVAILABLE","Supports A vs B vs private mortgage comparison; Sole A/B/private comparison owner; individual service pages explain their tier but do not recreate the full matrix."
"KW-031","alternative lender vs bank mortgage","alternative lender vs bank mortgage","alternative-b","B / alternative institutional mortgages","Borrower with recoverable credit, non-standard income, or bank-policy mismatch","Bank decline without needing a fully private solution","L3","evaluation-planning-comparison","","commercial-comparison","Ontario","lender-comparison","/resources/a-vs-b-vs-private-mortgage","Comparison / decision page","P0","Retain","current SERP / first-party directional","unavailable-not-zero","","","","","","","","not observed in fresh visible GSC query sample; unavailable-not-zero","A lender vs B lender vs private mortgage Ontario","cluster-primary SERP; not claimed as exact-query rank","https://rates.ca/guides/mortgage/b-lenders | https://www.truenorthmortgage.ca/blog/alternative-b-lender | https://wowa.ca/b-lender-mortgages","2026-07-20","directional","SERP-ALTERNATIVE-B;KP-UNAVAILABLE","Supports A vs B vs private mortgage comparison; Sole A/B/private comparison owner; individual service pages explain their tier but do not recreate the full matrix."
"KW-032","B lender mortgage rates and fees Ontario","b lender mortgage rates and fees ontario","alternative-b","B / alternative institutional mortgages","Borrower with recoverable credit, non-standard income, or bank-policy mismatch","Bank decline without needing a fully private solution","L3","evaluation-planning-comparison","","commercial-comparison","Ontario","lender-comparison","/resources/a-vs-b-vs-private-mortgage","Comparison / decision page","P0","Retain","current SERP / first-party directional","unavailable-not-zero","","","","","","","","not observed in fresh visible GSC query sample; unavailable-not-zero","A lender vs B lender vs private mortgage Ontario","cluster-primary SERP; not claimed as exact-query rank","https://rates.ca/guides/mortgage/b-lenders | https://www.truenorthmortgage.ca/blog/alternative-b-lender | https://wowa.ca/b-lender-mortgages","2026-07-20","directional","SERP-ALTERNATIVE-B;KP-UNAVAILABLE","Supports A vs B vs private mortgage comparison; Sole A/B/private comparison owner; individual service pages explain their tier but do not recreate the full matrix."
"KW-033","B lender mortgage broker Ontario","b lender mortgage broker ontario","alternative-b","B / alternative institutional mortgages","Borrower with recoverable credit, non-standard income, or bank-policy mismatch","Bank decline without needing a fully private solution","L4","qualification-commercial-investigation","","commercial-investigation","Ontario","b-service","/borrowers/alternative-mortgage","Service page","P1","Retain","current SERP / first-party directional","unavailable-not-zero","","","","","","","","not observed in fresh visible GSC query sample; unavailable-not-zero","B lender mortgage broker Ontario","cluster-primary SERP; not claimed as exact-query rank","https://rates.ca/guides/mortgage/b-lenders | https://www.truenorthmortgage.ca/blog/alternative-b-lender | https://wowa.ca/b-lender-mortgages","2026-07-20","directional","SERP-ALTERNATIVE-B;KP-UNAVAILABLE","Supports Alternative mortgage service; Owns B-lender commercial intent. Bank-declined private/rescue terms route to private service."
"KW-034","alternative mortgage lenders Ontario","alternative mortgage lenders ontario","alternative-b","B / alternative institutional mortgages","Borrower with recoverable credit, non-standard income, or bank-policy mismatch","Bank decline without needing a fully private solution","L4","qualification-commercial-investigation","","commercial-investigation","Ontario","b-service","/borrowers/alternative-mortgage","Service page","P1","Retain","current SERP / first-party directional","unavailable-not-zero","","","","","","","","not observed in fresh visible GSC query sample; unavailable-not-zero","B lender mortgage broker Ontario","cluster-primary SERP; not claimed as exact-query rank","https://rates.ca/guides/mortgage/b-lenders | https://www.truenorthmortgage.ca/blog/alternative-b-lender | https://wowa.ca/b-lender-mortgages","2026-07-20","directional","SERP-ALTERNATIVE-B;KP-UNAVAILABLE","Supports Alternative mortgage service; Owns B-lender commercial intent. Bank-declined private/rescue terms route to private service."
"KW-035","B lender mortgage qualification Canada","b lender mortgage qualification canada","alternative-b","B / alternative institutional mortgages","Borrower with recoverable credit, non-standard income, or bank-policy mismatch","Bank decline without needing a fully private solution","L4","qualification-commercial-investigation","","commercial-investigation","Canada with Ontario application","b-service","/borrowers/alternative-mortgage","Service page","P1","Retain","current SERP / first-party directional","unavailable-not-zero","","","","","","","","not observed in fresh visible GSC query sample; unavailable-not-zero","B lender mortgage broker Ontario","cluster-primary SERP; not claimed as exact-query rank","https://rates.ca/guides/mortgage/b-lenders | https://www.truenorthmortgage.ca/blog/alternative-b-lender | https://wowa.ca/b-lender-mortgages","2026-07-20","directional","SERP-ALTERNATIVE-B;KP-UNAVAILABLE","Supports Alternative mortgage service; Owns B-lender commercial intent. Bank-declined private/rescue terms route to private service."
"KW-036","documents for B lender mortgage","documents for b lender mortgage","alternative-b","B / alternative institutional mortgages","Borrower with recoverable credit, non-standard income, or bank-policy mismatch","Bank decline without needing a fully private solution","L4","qualification-commercial-investigation","","commercial-investigation","Ontario","b-service","/borrowers/alternative-mortgage","Service page","P1","Retain","current SERP / first-party directional","unavailable-not-zero","","","","","","","","not observed in fresh visible GSC query sample; unavailable-not-zero","B lender mortgage broker Ontario","cluster-primary SERP; not claimed as exact-query rank","https://rates.ca/guides/mortgage/b-lenders | https://www.truenorthmortgage.ca/blog/alternative-b-lender | https://wowa.ca/b-lender-mortgages","2026-07-20","directional","SERP-ALTERNATIVE-B;KP-UNAVAILABLE","Supports Alternative mortgage service; Owns B-lender commercial intent. Bank-declined private/rescue terms route to private service."
"KW-037","mortgage declined by bank B lender Ontario","mortgage declined by bank b lender ontario","alternative-b","B / alternative institutional mortgages","Borrower with recoverable credit, non-standard income, or bank-policy mismatch","Bank decline without needing a fully private solution","L5","transaction-urgency-rescue","L4","transactional-urgent","Ontario","b-service","/borrowers/alternative-mortgage","Service page","P1","Retain","current SERP / first-party directional","unavailable-not-zero","","","","","","","","not observed in fresh visible GSC query sample; unavailable-not-zero","B lender mortgage broker Ontario","cluster-primary SERP; not claimed as exact-query rank","https://rates.ca/guides/mortgage/b-lenders | https://www.truenorthmortgage.ca/blog/alternative-b-lender | https://wowa.ca/b-lender-mortgages","2026-07-20","directional","SERP-ALTERNATIVE-B;KP-UNAVAILABLE","Supports Alternative mortgage service; Owns B-lender commercial intent. Bank-declined private/rescue terms route to private service."
"KW-038","urgent B lender mortgage Ontario","urgent b lender mortgage ontario","alternative-b","B / alternative institutional mortgages","Borrower with recoverable credit, non-standard income, or bank-policy mismatch","Bank decline without needing a fully private solution","L5","transaction-urgency-rescue","L4","transactional-urgent","Ontario","b-service","/borrowers/alternative-mortgage","Service page","P1","Retain","current SERP / first-party directional","unavailable-not-zero","","","","","","","","not observed in fresh visible GSC query sample; unavailable-not-zero","B lender mortgage broker Ontario","cluster-primary SERP; not claimed as exact-query rank","https://rates.ca/guides/mortgage/b-lenders | https://www.truenorthmortgage.ca/blog/alternative-b-lender | https://wowa.ca/b-lender-mortgages","2026-07-20","directional","SERP-ALTERNATIVE-B;KP-UNAVAILABLE","Supports Alternative mortgage service; Owns B-lender commercial intent. Bank-declined private/rescue terms route to private service."
"KW-039","renew B lender mortgage after decline","renew b lender mortgage after decline","alternative-b","B / alternative institutional mortgages","Borrower with recoverable credit, non-standard income, or bank-policy mismatch","Bank decline without needing a fully private solution","L5","transaction-urgency-rescue","L4","transactional-urgent","Ontario","b-service","/borrowers/alternative-mortgage","Service page","P1","Retain","current SERP / first-party directional","unavailable-not-zero","","","","","","","","not observed in fresh visible GSC query sample; unavailable-not-zero","B lender mortgage broker Ontario","cluster-primary SERP; not claimed as exact-query rank","https://rates.ca/guides/mortgage/b-lenders | https://www.truenorthmortgage.ca/blog/alternative-b-lender | https://wowa.ca/b-lender-mortgages","2026-07-20","directional","SERP-ALTERNATIVE-B;KP-UNAVAILABLE","Supports Alternative mortgage service; Owns B-lender commercial intent. Bank-declined private/rescue terms route to private service."
"KW-040","move from private mortgage to B lender","move from private mortgage to b lender","alternative-b","B / alternative institutional mortgages","Borrower with recoverable credit, non-standard income, or bank-policy mismatch","Bank decline without needing a fully private solution","L5","transaction-urgency-rescue","L4","transactional-urgent","Ontario","b-service","/borrowers/alternative-mortgage","Service page","P1","Retain","current SERP / first-party directional","unavailable-not-zero","","","","","","","","not observed in fresh visible GSC query sample; unavailable-not-zero","B lender mortgage broker Ontario","cluster-primary SERP; not claimed as exact-query rank","https://rates.ca/guides/mortgage/b-lenders | https://www.truenorthmortgage.ca/blog/alternative-b-lender | https://wowa.ca/b-lender-mortgages","2026-07-20","directional","SERP-ALTERNATIVE-B;KP-UNAVAILABLE","Supports Alternative mortgage service; Owns B-lender commercial intent. Bank-declined private/rescue terms route to private service."
"KW-041","what is a private mortgage in Ontario","what is a private mortgage in ontario","private","Private mortgages","Borrower qualifying mainly on property equity and a credible exit","Speed, credit, income, property, arrears, or deadline outside institutional policy","L1","awareness-education","","informational","Ontario","private-guide","/resources/private-mortgage-costs-ontario","Evergreen guide","Hold","Retain","current SERP / first-party directional","unavailable-not-zero","","","","","","","","not observed in fresh visible GSC query sample; unavailable-not-zero","private mortgage costs Ontario","cluster-primary SERP; not claimed as exact-query rank","https://www.fsrao.ca/privatemortgage | https://wowa.ca/private-mortgage-lenders-ontario | https://mortgagebrokerstore.com/private-mortgage-lenders-ontario","2026-07-20","directional","SERP-PRIVATE;KP-UNAVAILABLE","Supports Private mortgage costs and fit guide; Publish only after the existing service owner is strengthened; never compete for “private mortgage lenders Ontario.”"
"KW-042","how private mortgage lending works Ontario","how private mortgage lending works ontario","private","Private mortgages","Borrower qualifying mainly on property equity and a credible exit","Speed, credit, income, property, arrears, or deadline outside institutional policy","L1","awareness-education","","informational","Ontario","private-guide","/resources/private-mortgage-costs-ontario","Evergreen guide","Hold","Retain","current SERP / first-party directional","unavailable-not-zero","","","","","","","","not observed in fresh visible GSC query sample; unavailable-not-zero","private mortgage costs Ontario","cluster-primary SERP; not claimed as exact-query rank","https://www.fsrao.ca/privatemortgage | https://wowa.ca/private-mortgage-lenders-ontario | https://mortgagebrokerstore.com/private-mortgage-lenders-ontario","2026-07-20","directional","SERP-PRIVATE;KP-UNAVAILABLE","Supports Private mortgage costs and fit guide; Publish only after the existing service owner is strengthened; never compete for “private mortgage lenders Ontario.”"
"KW-043","private mortgage lender meaning Canada","private mortgage lender meaning canada","private","Private mortgages","Borrower qualifying mainly on property equity and a credible exit","Speed, credit, income, property, arrears, or deadline outside institutional policy","L1","awareness-education","","informational","Canada with Ontario application","private-guide","/resources/private-mortgage-costs-ontario","Evergreen guide","Hold","Retain","current SERP / first-party directional","unavailable-not-zero","","","","","","","","not observed in fresh visible GSC query sample; unavailable-not-zero","private mortgage costs Ontario","cluster-primary SERP; not claimed as exact-query rank","https://www.fsrao.ca/privatemortgage | https://wowa.ca/private-mortgage-lenders-ontario | https://mortgagebrokerstore.com/private-mortgage-lenders-ontario","2026-07-20","directional","SERP-PRIVATE;KP-UNAVAILABLE","Supports Private mortgage costs and fit guide; Publish only after the existing service owner is strengthened; never compete for “private mortgage lenders Ontario.”"
"KW-044","when to use a private mortgage Ontario","when to use a private mortgage ontario","private","Private mortgages","Borrower qualifying mainly on property equity and a credible exit","Speed, credit, income, property, arrears, or deadline outside institutional policy","L1","awareness-education","","informational","Ontario","private-guide","/resources/private-mortgage-costs-ontario","Evergreen guide","Hold","Retain","current SERP / first-party directional","unavailable-not-zero","","","","","","","","not observed in fresh visible GSC query sample; unavailable-not-zero","private mortgage costs Ontario","cluster-primary SERP; not claimed as exact-query rank","https://www.fsrao.ca/privatemortgage | https://wowa.ca/private-mortgage-lenders-ontario | https://mortgagebrokerstore.com/private-mortgage-lenders-ontario","2026-07-20","directional","SERP-PRIVATE;KP-UNAVAILABLE","Supports Private mortgage costs and fit guide; Publish only after the existing service owner is strengthened; never compete for “private mortgage lenders Ontario.”"
"KW-045","private mortgage costs Ontario","private mortgage costs ontario","private","Private mortgages","Borrower qualifying mainly on property equity and a credible exit","Speed, credit, income, property, arrears, or deadline outside institutional policy","L2","problem-project-feasibility","","informational-feasibility","Ontario","private-guide","/resources/private-mortgage-costs-ontario","Evergreen guide","Hold","Retain","current SERP / first-party directional","unavailable-not-zero","","","","","","","","not observed in fresh visible GSC query sample; unavailable-not-zero","private mortgage costs Ontario","cluster-primary SERP; not claimed as exact-query rank","https://www.fsrao.ca/privatemortgage | https://wowa.ca/private-mortgage-lenders-ontario | https://mortgagebrokerstore.com/private-mortgage-lenders-ontario","2026-07-20","directional","SERP-PRIVATE;KP-UNAVAILABLE","Supports Private mortgage costs and fit guide; Publish only after the existing service owner is strengthened; never compete for “private mortgage lenders Ontario.”"
"KW-046","private mortgage appraisal requirements Ontario","private mortgage appraisal requirements ontario","private","Private mortgages","Borrower qualifying mainly on property equity and a credible exit","Speed, credit, income, property, arrears, or deadline outside institutional policy","L2","problem-project-feasibility","","informational-feasibility","Ontario","private-guide","/resources/private-mortgage-costs-ontario","Evergreen guide","Hold","Retain","current SERP / first-party directional","unavailable-not-zero","","","","","","","","not observed in fresh visible GSC query sample; unavailable-not-zero","private mortgage costs Ontario","cluster-primary SERP; not claimed as exact-query rank","https://www.fsrao.ca/privatemortgage | https://wowa.ca/private-mortgage-lenders-ontario | https://mortgagebrokerstore.com/private-mortgage-lenders-ontario","2026-07-20","directional","SERP-PRIVATE;KP-UNAVAILABLE","Supports Private mortgage costs and fit guide; Publish only after the existing service owner is strengthened; never compete for “private mortgage lenders Ontario.”"
"KW-047","how much equity for a private mortgage","how much equity for a private mortgage","private","Private mortgages","Borrower qualifying mainly on property equity and a credible exit","Speed, credit, income, property, arrears, or deadline outside institutional policy","L2","problem-project-feasibility","","informational-feasibility","Ontario","private-guide","/resources/private-mortgage-costs-ontario","Evergreen guide","Hold","Retain","current SERP / first-party directional","unavailable-not-zero","","","","","","","","not observed in fresh visible GSC query sample; unavailable-not-zero","private mortgage costs Ontario","cluster-primary SERP; not claimed as exact-query rank","https://www.fsrao.ca/privatemortgage | https://wowa.ca/private-mortgage-lenders-ontario | https://mortgagebrokerstore.com/private-mortgage-lenders-ontario","2026-07-20","directional","SERP-PRIVATE;KP-UNAVAILABLE","Supports Private mortgage costs and fit guide; Publish only after the existing service owner is strengthened; never compete for “private mortgage lenders Ontario.”"
"KW-048","fair market value appraisal for private lending","fair market value appraisal for private lending","private","Private mortgages","Borrower qualifying mainly on property equity and a credible exit","Speed, credit, income, property, arrears, or deadline outside institutional policy","L2","problem-project-feasibility","","informational-feasibility","Ontario","private-guide","/resources/private-mortgage-costs-ontario","Evergreen guide","Hold","Retain","first-party exact-query + current SERP","unavailable-not-zero","","","","0","2","0","96.5","exact query observed in fresh GSC","private mortgage costs Ontario","cluster-primary SERP; not claimed as exact-query rank","https://www.fsrao.ca/privatemortgage | https://wowa.ca/private-mortgage-lenders-ontario | https://mortgagebrokerstore.com/private-mortgage-lenders-ontario","2026-07-20","medium","FP-GSC-03|SERP-PRIVATE;KP-UNAVAILABLE","Supports Private mortgage costs and fit guide; Publish only after the existing service owner is strengthened; never compete for “private mortgage lenders Ontario.”"
"KW-049","private mortgage vs B lender Ontario","private mortgage vs b lender ontario","private","Private mortgages","Borrower qualifying mainly on property equity and a credible exit","Speed, credit, income, property, arrears, or deadline outside institutional policy","L3","evaluation-planning-comparison","","commercial-comparison","Ontario","lender-comparison","/resources/a-vs-b-vs-private-mortgage","Comparison / decision page","P0","Retain","current SERP / first-party directional","unavailable-not-zero","","","","","","","","not observed in fresh visible GSC query sample; unavailable-not-zero","A lender vs B lender vs private mortgage Ontario","cluster-primary SERP; not claimed as exact-query rank","https://www.fsrao.ca/privatemortgage | https://wowa.ca/private-mortgage-lenders-ontario | https://mortgagebrokerstore.com/private-mortgage-lenders-ontario","2026-07-20","directional","SERP-PRIVATE;KP-UNAVAILABLE","Supports A vs B vs private mortgage comparison; Sole A/B/private comparison owner; individual service pages explain their tier but do not recreate the full matrix."
"KW-050","private mortgage vs second mortgage Ontario","private mortgage vs second mortgage ontario","private","Private mortgages","Borrower qualifying mainly on property equity and a credible exit","Speed, credit, income, property, arrears, or deadline outside institutional policy","L3","evaluation-planning-comparison","","commercial-comparison","Ontario","lender-comparison","/resources/a-vs-b-vs-private-mortgage","Comparison / decision page","P0","Retain","current SERP / first-party directional","unavailable-not-zero","","","","","","","","not observed in fresh visible GSC query sample; unavailable-not-zero","A lender vs B lender vs private mortgage Ontario","cluster-primary SERP; not claimed as exact-query rank","https://www.fsrao.ca/privatemortgage | https://wowa.ca/private-mortgage-lenders-ontario | https://mortgagebrokerstore.com/private-mortgage-lenders-ontario","2026-07-20","directional","SERP-PRIVATE;KP-UNAVAILABLE","Supports A vs B vs private mortgage comparison; Sole A/B/private comparison owner; individual service pages explain their tier but do not recreate the full matrix."
"KW-051","private mortgage vs HELOC Ontario","private mortgage vs heloc ontario","private","Private mortgages","Borrower qualifying mainly on property equity and a credible exit","Speed, credit, income, property, arrears, or deadline outside institutional policy","L3","evaluation-planning-comparison","","commercial-comparison","Ontario","lender-comparison","/resources/a-vs-b-vs-private-mortgage","Comparison / decision page","P0","Retain","current SERP / first-party directional","unavailable-not-zero","","","","","","","","not observed in fresh visible GSC query sample; unavailable-not-zero","A lender vs B lender vs private mortgage Ontario","cluster-primary SERP; not claimed as exact-query rank","https://www.fsrao.ca/privatemortgage | https://wowa.ca/private-mortgage-lenders-ontario | https://mortgagebrokerstore.com/private-mortgage-lenders-ontario","2026-07-20","directional","SERP-PRIVATE;KP-UNAVAILABLE","Supports A vs B vs private mortgage comparison; Sole A/B/private comparison owner; individual service pages explain their tier but do not recreate the full matrix."
"KW-052","first vs second private mortgage Ontario","first vs second private mortgage ontario","private","Private mortgages","Borrower qualifying mainly on property equity and a credible exit","Speed, credit, income, property, arrears, or deadline outside institutional policy","L3","evaluation-planning-comparison","","commercial-comparison","Ontario","lender-comparison","/resources/a-vs-b-vs-private-mortgage","Comparison / decision page","P0","Retain","current SERP / first-party directional","unavailable-not-zero","","","","","","","","not observed in fresh visible GSC query sample; unavailable-not-zero","A lender vs B lender vs private mortgage Ontario","cluster-primary SERP; not claimed as exact-query rank","https://www.fsrao.ca/privatemortgage | https://wowa.ca/private-mortgage-lenders-ontario | https://mortgagebrokerstore.com/private-mortgage-lenders-ontario","2026-07-20","directional","SERP-PRIVATE;KP-UNAVAILABLE","Supports A vs B vs private mortgage comparison; Sole A/B/private comparison owner; individual service pages explain their tier but do not recreate the full matrix."
"KW-053","private mortgage lenders Ontario","private mortgage lenders ontario","private","Private mortgages","Borrower qualifying mainly on property equity and a credible exit","Speed, credit, income, property, arrears, or deadline outside institutional policy","L4","qualification-commercial-investigation","","commercial-investigation","Ontario","private-service","/borrowers/private-mortgage-financing","Service / urgent assessment page","P0","Retain","current SERP / first-party directional","unavailable-not-zero","","","","","","","","not observed in fresh visible GSC query sample; unavailable-not-zero","private mortgage lenders Ontario","cluster-primary SERP; not claimed as exact-query rank","https://www.fsrao.ca/privatemortgage | https://wowa.ca/private-mortgage-lenders-ontario | https://mortgagebrokerstore.com/private-mortgage-lenders-ontario","2026-07-20","directional","SERP-PRIVATE;KP-UNAVAILABLE","Supports Private mortgage financing; Single commercial owner for private and urgent bank-declined intent; rescue guide educates and triages, never duplicates the service pitch."
"KW-054","private mortgage broker Ontario","private mortgage broker ontario","private","Private mortgages","Borrower qualifying mainly on property equity and a credible exit","Speed, credit, income, property, arrears, or deadline outside institutional policy","L4","qualification-commercial-investigation","","commercial-investigation","Ontario","private-service","/borrowers/private-mortgage-financing","Service / urgent assessment page","P0","Retain","current SERP / first-party directional","unavailable-not-zero","","","","","","","","not observed in fresh visible GSC query sample; unavailable-not-zero","private mortgage lenders Ontario","cluster-primary SERP; not claimed as exact-query rank","https://www.fsrao.ca/privatemortgage | https://wowa.ca/private-mortgage-lenders-ontario | https://mortgagebrokerstore.com/private-mortgage-lenders-ontario","2026-07-20","directional","SERP-PRIVATE;KP-UNAVAILABLE","Supports Private mortgage financing; Single commercial owner for private and urgent bank-declined intent; rescue guide educates and triages, never duplicates the service pitch."
"KW-055","private mortgage rates and fees Ontario","private mortgage rates and fees ontario","private","Private mortgages","Borrower qualifying mainly on property equity and a credible exit","Speed, credit, income, property, arrears, or deadline outside institutional policy","L4","qualification-commercial-investigation","","commercial-investigation","Ontario","private-service","/borrowers/private-mortgage-financing","Service / urgent assessment page","P0","Retain","current SERP / first-party directional","unavailable-not-zero","","","","","","","","not observed in fresh visible GSC query sample; unavailable-not-zero","private mortgage lenders Ontario","cluster-primary SERP; not claimed as exact-query rank","https://www.fsrao.ca/privatemortgage | https://wowa.ca/private-mortgage-lenders-ontario | https://mortgagebrokerstore.com/private-mortgage-lenders-ontario","2026-07-20","directional","SERP-PRIVATE;KP-UNAVAILABLE","Supports Private mortgage financing; Single commercial owner for private and urgent bank-declined intent; rescue guide educates and triages, never duplicates the service pitch."
"KW-056","private mortgage qualification Ontario","private mortgage qualification ontario","private","Private mortgages","Borrower qualifying mainly on property equity and a credible exit","Speed, credit, income, property, arrears, or deadline outside institutional policy","L4","qualification-commercial-investigation","","commercial-investigation","Ontario","private-service","/borrowers/private-mortgage-financing","Service / urgent assessment page","P0","Retain","current SERP / first-party directional","unavailable-not-zero","","","","","","","","not observed in fresh visible GSC query sample; unavailable-not-zero","private mortgage lenders Ontario","cluster-primary SERP; not claimed as exact-query rank","https://www.fsrao.ca/privatemortgage | https://wowa.ca/private-mortgage-lenders-ontario | https://mortgagebrokerstore.com/private-mortgage-lenders-ontario","2026-07-20","directional","SERP-PRIVATE;KP-UNAVAILABLE","Supports Private mortgage financing; Single commercial owner for private and urgent bank-declined intent; rescue guide educates and triages, never duplicates the service pitch."
"KW-057","bank declined mortgage private lender Ontario","bank declined mortgage private lender ontario","private","Private mortgages","Borrower qualifying mainly on property equity and a credible exit","Speed, credit, income, property, arrears, or deadline outside institutional policy","L5","transaction-urgency-rescue","L4","transactional-urgent","Ontario","private-service","/borrowers/private-mortgage-financing","Service / urgent assessment page","P0","Retain","current SERP / first-party directional","unavailable-not-zero","","","","","","","","not observed in fresh visible GSC query sample; unavailable-not-zero","private mortgage lenders Ontario","cluster-primary SERP; not claimed as exact-query rank","https://www.fsrao.ca/privatemortgage | https://wowa.ca/private-mortgage-lenders-ontario | https://mortgagebrokerstore.com/private-mortgage-lenders-ontario","2026-07-20","directional","SERP-PRIVATE;KP-UNAVAILABLE","Supports Private mortgage financing; Single commercial owner for private and urgent bank-declined intent; rescue guide educates and triages, never duplicates the service pitch."
"KW-058","urgent private mortgage Ontario","urgent private mortgage ontario","private","Private mortgages","Borrower qualifying mainly on property equity and a credible exit","Speed, credit, income, property, arrears, or deadline outside institutional policy","L5","transaction-urgency-rescue","L4","transactional-urgent","Ontario","private-service","/borrowers/private-mortgage-financing","Service / urgent assessment page","P0","Retain","current SERP / first-party directional","unavailable-not-zero","","","","","","","","not observed in fresh visible GSC query sample; unavailable-not-zero","private mortgage lenders Ontario","cluster-primary SERP; not claimed as exact-query rank","https://www.fsrao.ca/privatemortgage | https://wowa.ca/private-mortgage-lenders-ontario | https://mortgagebrokerstore.com/private-mortgage-lenders-ontario","2026-07-20","directional","SERP-PRIVATE;KP-UNAVAILABLE","Supports Private mortgage financing; Single commercial owner for private and urgent bank-declined intent; rescue guide educates and triages, never duplicates the service pitch."
"KW-059","private mortgage for arrears Ontario","private mortgage for arrears ontario","private","Private mortgages","Borrower qualifying mainly on property equity and a credible exit","Speed, credit, income, property, arrears, or deadline outside institutional policy","L5","transaction-urgency-rescue","L4","transactional-urgent","Ontario","private-service","/borrowers/private-mortgage-financing","Service / urgent assessment page","P0","Retain","current SERP / first-party directional","unavailable-not-zero","","","","","","","","not observed in fresh visible GSC query sample; unavailable-not-zero","private mortgage lenders Ontario","cluster-primary SERP; not claimed as exact-query rank","https://www.fsrao.ca/privatemortgage | https://wowa.ca/private-mortgage-lenders-ontario | https://mortgagebrokerstore.com/private-mortgage-lenders-ontario","2026-07-20","directional","SERP-PRIVATE;KP-UNAVAILABLE","Supports Private mortgage financing; Single commercial owner for private and urgent bank-declined intent; rescue guide educates and triages, never duplicates the service pitch."
"KW-060","private mortgage closing in days Ontario","private mortgage closing in days ontario","private","Private mortgages","Borrower qualifying mainly on property equity and a credible exit","Speed, credit, income, property, arrears, or deadline outside institutional policy","L5","transaction-urgency-rescue","L4","transactional-urgent","Ontario","private-service","/borrowers/private-mortgage-financing","Service / urgent assessment page","P0","Retain","current SERP / first-party directional","unavailable-not-zero","","","","","","","","not observed in fresh visible GSC query sample; unavailable-not-zero","private mortgage lenders Ontario","cluster-primary SERP; not claimed as exact-query rank","https://www.fsrao.ca/privatemortgage | https://wowa.ca/private-mortgage-lenders-ontario | https://mortgagebrokerstore.com/private-mortgage-lenders-ontario","2026-07-20","directional","SERP-PRIVATE;KP-UNAVAILABLE","Supports Private mortgage financing; Single commercial owner for private and urgent bank-declined intent; rescue guide educates and triages, never duplicates the service pitch."
"KW-061","how do mortgages work in Ontario","how do mortgages work in ontario","residential","Residential mortgages","Owner-occupier or residential purchaser choosing a suitable mortgage path","Home purchase, pre-approval, renewal, or ordinary residential financing","L1","awareness-education","","informational","Ontario","residential-guide","/resources/ontario-residential-mortgage-guide","Evergreen guide","P2","Retain","current SERP / first-party directional","unavailable-not-zero","","","","","","","","not observed in fresh visible GSC query sample; unavailable-not-zero","how do mortgages work in Ontario","cluster-primary SERP; not claimed as exact-query rank","https://www.canada.ca/en/financial-consumer-agency/services/mortgages/preapproval-qualify-mortgage.html | https://www.fsrao.ca/consumers/mortgage-brokering/mortgage-application-process | https://www.fsrao.ca/consumers/mortgage-brokering/shopping-mortgage","2026-07-20","directional","SERP-RESIDENTIAL;KP-UNAVAILABLE","Supports Ontario residential mortgage guide; Broad residential education only; A/B/private pages own lender-tier qualification and rescue intent."
"KW-062","mortgage on residential property Ontario","mortgage on residential property ontario","residential","Residential mortgages","Owner-occupier or residential purchaser choosing a suitable mortgage path","Home purchase, pre-approval, renewal, or ordinary residential financing","L1","awareness-education","","informational","Ontario","residential-guide","/resources/ontario-residential-mortgage-guide","Evergreen guide","P2","Retain","current SERP / first-party directional","unavailable-not-zero","","","","","","","","not observed in fresh visible GSC query sample; unavailable-not-zero","how do mortgages work in Ontario","cluster-primary SERP; not claimed as exact-query rank","https://www.canada.ca/en/financial-consumer-agency/services/mortgages/preapproval-qualify-mortgage.html | https://www.fsrao.ca/consumers/mortgage-brokering/mortgage-application-process | https://www.fsrao.ca/consumers/mortgage-brokering/shopping-mortgage","2026-07-20","directional","SERP-RESIDENTIAL;KP-UNAVAILABLE","Supports Ontario residential mortgage guide; Broad residential education only; A/B/private pages own lender-tier qualification and rescue intent."
"KW-063","first time home buyer mortgage Ontario","first time home buyer mortgage ontario","residential","Residential mortgages","Owner-occupier or residential purchaser choosing a suitable mortgage path","Home purchase, pre-approval, renewal, or ordinary residential financing","L1","awareness-education","","informational","Ontario","residential-guide","/resources/ontario-residential-mortgage-guide","Evergreen guide","P2","Retain","current SERP / first-party directional","unavailable-not-zero","","","","","","","","not observed in fresh visible GSC query sample; unavailable-not-zero","how do mortgages work in Ontario","cluster-primary SERP; not claimed as exact-query rank","https://www.canada.ca/en/financial-consumer-agency/services/mortgages/preapproval-qualify-mortgage.html | https://www.fsrao.ca/consumers/mortgage-brokering/mortgage-application-process | https://www.fsrao.ca/consumers/mortgage-brokering/shopping-mortgage","2026-07-20","directional","SERP-RESIDENTIAL;KP-UNAVAILABLE","Supports Ontario residential mortgage guide; Broad residential education only; A/B/private pages own lender-tier qualification and rescue intent."
"KW-064","residential mortgage types Canada","residential mortgage types canada","residential","Residential mortgages","Owner-occupier or residential purchaser choosing a suitable mortgage path","Home purchase, pre-approval, renewal, or ordinary residential financing","L1","awareness-education","","informational","Canada with Ontario application","residential-guide","/resources/ontario-residential-mortgage-guide","Evergreen guide","P2","Retain","current SERP / first-party directional","unavailable-not-zero","","","","","","","","not observed in fresh visible GSC query sample; unavailable-not-zero","how do mortgages work in Ontario","cluster-primary SERP; not claimed as exact-query rank","https://www.canada.ca/en/financial-consumer-agency/services/mortgages/preapproval-qualify-mortgage.html | https://www.fsrao.ca/consumers/mortgage-brokering/mortgage-application-process | https://www.fsrao.ca/consumers/mortgage-brokering/shopping-mortgage","2026-07-20","directional","SERP-RESIDENTIAL;KP-UNAVAILABLE","Supports Ontario residential mortgage guide; Broad residential education only; A/B/private pages own lender-tier qualification and rescue intent."
"KW-065","how much mortgage can I afford Ontario","how much mortgage can i afford ontario","residential","Residential mortgages","Owner-occupier or residential purchaser choosing a suitable mortgage path","Home purchase, pre-approval, renewal, or ordinary residential financing","L2","problem-project-feasibility","","informational-feasibility","Ontario","residential-guide","/resources/ontario-residential-mortgage-guide","Evergreen guide","P2","Retain","current SERP / first-party directional","unavailable-not-zero","","","","","","","","not observed in fresh visible GSC query sample; unavailable-not-zero","how do mortgages work in Ontario","cluster-primary SERP; not claimed as exact-query rank","https://www.canada.ca/en/financial-consumer-agency/services/mortgages/preapproval-qualify-mortgage.html | https://www.fsrao.ca/consumers/mortgage-brokering/mortgage-application-process | https://www.fsrao.ca/consumers/mortgage-brokering/shopping-mortgage","2026-07-20","directional","SERP-RESIDENTIAL;KP-UNAVAILABLE","Supports Ontario residential mortgage guide; Broad residential education only; A/B/private pages own lender-tier qualification and rescue intent."
"KW-066","Ontario mortgage down payment requirements","ontario mortgage down payment requirements","residential","Residential mortgages","Owner-occupier or residential purchaser choosing a suitable mortgage path","Home purchase, pre-approval, renewal, or ordinary residential financing","L2","problem-project-feasibility","","informational-feasibility","Ontario","residential-guide","/resources/ontario-residential-mortgage-guide","Evergreen guide","P2","Retain","current SERP / first-party directional","unavailable-not-zero","","","","","","","","not observed in fresh visible GSC query sample; unavailable-not-zero","how do mortgages work in Ontario","cluster-primary SERP; not claimed as exact-query rank","https://www.canada.ca/en/financial-consumer-agency/services/mortgages/preapproval-qualify-mortgage.html | https://www.fsrao.ca/consumers/mortgage-brokering/mortgage-application-process | https://www.fsrao.ca/consumers/mortgage-brokering/shopping-mortgage","2026-07-20","directional","SERP-RESIDENTIAL;KP-UNAVAILABLE","Supports Ontario residential mortgage guide; Broad residential education only; A/B/private pages own lender-tier qualification and rescue intent."
"KW-067","mortgage stress test Ontario calculator","mortgage stress test ontario calculator","residential","Residential mortgages","Owner-occupier or residential purchaser choosing a suitable mortgage path","Home purchase, pre-approval, renewal, or ordinary residential financing","L2","problem-project-feasibility","","informational-feasibility","Ontario","residential-guide","/resources/ontario-residential-mortgage-guide","Evergreen guide","P2","Retain","current SERP / first-party directional","unavailable-not-zero","","","","","","","","not observed in fresh visible GSC query sample; unavailable-not-zero","how do mortgages work in Ontario","cluster-primary SERP; not claimed as exact-query rank","https://www.canada.ca/en/financial-consumer-agency/services/mortgages/preapproval-qualify-mortgage.html | https://www.fsrao.ca/consumers/mortgage-brokering/mortgage-application-process | https://www.fsrao.ca/consumers/mortgage-brokering/shopping-mortgage","2026-07-20","directional","SERP-RESIDENTIAL;KP-UNAVAILABLE","Supports Ontario residential mortgage guide; Broad residential education only; A/B/private pages own lender-tier qualification and rescue intent."
"KW-068","income needed for mortgage Ontario","income needed for mortgage ontario","residential","Residential mortgages","Owner-occupier or residential purchaser choosing a suitable mortgage path","Home purchase, pre-approval, renewal, or ordinary residential financing","L2","problem-project-feasibility","","informational-feasibility","Ontario","residential-guide","/resources/ontario-residential-mortgage-guide","Evergreen guide","P2","Retain","current SERP / first-party directional","unavailable-not-zero","","","","","","","","not observed in fresh visible GSC query sample; unavailable-not-zero","how do mortgages work in Ontario","cluster-primary SERP; not claimed as exact-query rank","https://www.canada.ca/en/financial-consumer-agency/services/mortgages/preapproval-qualify-mortgage.html | https://www.fsrao.ca/consumers/mortgage-brokering/mortgage-application-process | https://www.fsrao.ca/consumers/mortgage-brokering/shopping-mortgage","2026-07-20","directional","SERP-RESIDENTIAL;KP-UNAVAILABLE","Supports Ontario residential mortgage guide; Broad residential education only; A/B/private pages own lender-tier qualification and rescue intent."
"KW-069","mortgage broker vs bank Ontario","mortgage broker vs bank ontario","residential","Residential mortgages","Owner-occupier or residential purchaser choosing a suitable mortgage path","Home purchase, pre-approval, renewal, or ordinary residential financing","L3","evaluation-planning-comparison","","commercial-comparison","Ontario","residential-guide","/resources/ontario-residential-mortgage-guide","Evergreen guide","P2","Retain","current SERP / first-party directional","unavailable-not-zero","","","","","","","","not observed in fresh visible GSC query sample; unavailable-not-zero","how do mortgages work in Ontario","cluster-primary SERP; not claimed as exact-query rank","https://www.canada.ca/en/financial-consumer-agency/services/mortgages/preapproval-qualify-mortgage.html | https://www.fsrao.ca/consumers/mortgage-brokering/mortgage-application-process | https://www.fsrao.ca/consumers/mortgage-brokering/shopping-mortgage","2026-07-20","directional","SERP-RESIDENTIAL;KP-UNAVAILABLE","Supports Ontario residential mortgage guide; Broad residential education only; A/B/private pages own lender-tier qualification and rescue intent."
"KW-070","fixed vs variable mortgage Ontario","fixed vs variable mortgage ontario","residential","Residential mortgages","Owner-occupier or residential purchaser choosing a suitable mortgage path","Home purchase, pre-approval, renewal, or ordinary residential financing","L3","evaluation-planning-comparison","","commercial-comparison","Ontario","residential-guide","/resources/ontario-residential-mortgage-guide","Evergreen guide","P2","Retain","current SERP / first-party directional","unavailable-not-zero","","","","","","","","not observed in fresh visible GSC query sample; unavailable-not-zero","how do mortgages work in Ontario","cluster-primary SERP; not claimed as exact-query rank","https://www.canada.ca/en/financial-consumer-agency/services/mortgages/preapproval-qualify-mortgage.html | https://www.fsrao.ca/consumers/mortgage-brokering/mortgage-application-process | https://www.fsrao.ca/consumers/mortgage-brokering/shopping-mortgage","2026-07-20","directional","SERP-RESIDENTIAL;KP-UNAVAILABLE","Supports Ontario residential mortgage guide; Broad residential education only; A/B/private pages own lender-tier qualification and rescue intent."
"KW-071","open vs closed mortgage Canada","open vs closed mortgage canada","residential","Residential mortgages","Owner-occupier or residential purchaser choosing a suitable mortgage path","Home purchase, pre-approval, renewal, or ordinary residential financing","L3","evaluation-planning-comparison","","commercial-comparison","Canada with Ontario application","residential-guide","/resources/ontario-residential-mortgage-guide","Evergreen guide","P2","Retain","current SERP / first-party directional","unavailable-not-zero","","","","","","","","not observed in fresh visible GSC query sample; unavailable-not-zero","how do mortgages work in Ontario","cluster-primary SERP; not claimed as exact-query rank","https://www.canada.ca/en/financial-consumer-agency/services/mortgages/preapproval-qualify-mortgage.html | https://www.fsrao.ca/consumers/mortgage-brokering/mortgage-application-process | https://www.fsrao.ca/consumers/mortgage-brokering/shopping-mortgage","2026-07-20","directional","SERP-RESIDENTIAL;KP-UNAVAILABLE","Supports Ontario residential mortgage guide; Broad residential education only; A/B/private pages own lender-tier qualification and rescue intent."
"KW-072","insured vs uninsured mortgage Canada","insured vs uninsured mortgage canada","residential","Residential mortgages","Owner-occupier or residential purchaser choosing a suitable mortgage path","Home purchase, pre-approval, renewal, or ordinary residential financing","L3","evaluation-planning-comparison","","commercial-comparison","Canada with Ontario application","residential-guide","/resources/ontario-residential-mortgage-guide","Evergreen guide","P2","Retain","current SERP / first-party directional","unavailable-not-zero","","","","","","","","not observed in fresh visible GSC query sample; unavailable-not-zero","how do mortgages work in Ontario","cluster-primary SERP; not claimed as exact-query rank","https://www.canada.ca/en/financial-consumer-agency/services/mortgages/preapproval-qualify-mortgage.html | https://www.fsrao.ca/consumers/mortgage-brokering/mortgage-application-process | https://www.fsrao.ca/consumers/mortgage-brokering/shopping-mortgage","2026-07-20","directional","SERP-RESIDENTIAL;KP-UNAVAILABLE","Supports Ontario residential mortgage guide; Broad residential education only; A/B/private pages own lender-tier qualification and rescue intent."
"KW-073","residential mortgage broker Ontario","residential mortgage broker ontario","residential","Residential mortgages","Owner-occupier or residential purchaser choosing a suitable mortgage path","Home purchase, pre-approval, renewal, or ordinary residential financing","L4","qualification-commercial-investigation","","commercial-investigation","Ontario","residential-service","/borrowers/residential-mortgage-financing","Service page","P2","Retain","current SERP / first-party directional","unavailable-not-zero","","","","","","","","not observed in fresh visible GSC query sample; unavailable-not-zero","residential mortgage broker Ontario","cluster-primary SERP; not claimed as exact-query rank","https://www.canada.ca/en/financial-consumer-agency/services/mortgages/preapproval-qualify-mortgage.html | https://www.fsrao.ca/consumers/mortgage-brokering/mortgage-application-process | https://www.fsrao.ca/consumers/mortgage-brokering/shopping-mortgage","2026-07-20","directional","SERP-RESIDENTIAL;KP-UNAVAILABLE","Supports Residential mortgage financing; Owns generic residential commercial intent; does not target A, B, private, HELOC, bridge, or rescue head terms."
"KW-074","mortgage pre approval Ontario","mortgage pre approval ontario","residential","Residential mortgages","Owner-occupier or residential purchaser choosing a suitable mortgage path","Home purchase, pre-approval, renewal, or ordinary residential financing","L4","qualification-commercial-investigation","","commercial-investigation","Ontario","residential-service","/borrowers/residential-mortgage-financing","Service page","P2","Retain","current SERP / first-party directional","unavailable-not-zero","","","","","","","","not observed in fresh visible GSC query sample; unavailable-not-zero","residential mortgage broker Ontario","cluster-primary SERP; not claimed as exact-query rank","https://www.canada.ca/en/financial-consumer-agency/services/mortgages/preapproval-qualify-mortgage.html | https://www.fsrao.ca/consumers/mortgage-brokering/mortgage-application-process | https://www.fsrao.ca/consumers/mortgage-brokering/shopping-mortgage","2026-07-20","directional","SERP-RESIDENTIAL;KP-UNAVAILABLE","Supports Residential mortgage financing; Owns generic residential commercial intent; does not target A, B, private, HELOC, bridge, or rescue head terms."
"KW-075","home mortgage lenders Ontario","home mortgage lenders ontario","residential","Residential mortgages","Owner-occupier or residential purchaser choosing a suitable mortgage path","Home purchase, pre-approval, renewal, or ordinary residential financing","L4","qualification-commercial-investigation","","commercial-investigation","Ontario","residential-service","/borrowers/residential-mortgage-financing","Service page","P2","Retain","current SERP / first-party directional","unavailable-not-zero","","","","","","","","not observed in fresh visible GSC query sample; unavailable-not-zero","residential mortgage broker Ontario","cluster-primary SERP; not claimed as exact-query rank","https://www.canada.ca/en/financial-consumer-agency/services/mortgages/preapproval-qualify-mortgage.html | https://www.fsrao.ca/consumers/mortgage-brokering/mortgage-application-process | https://www.fsrao.ca/consumers/mortgage-brokering/shopping-mortgage","2026-07-20","directional","SERP-RESIDENTIAL;KP-UNAVAILABLE","Supports Residential mortgage financing; Owns generic residential commercial intent; does not target A, B, private, HELOC, bridge, or rescue head terms."
"KW-076","mortgage application documents Ontario","mortgage application documents ontario","residential","Residential mortgages","Owner-occupier or residential purchaser choosing a suitable mortgage path","Home purchase, pre-approval, renewal, or ordinary residential financing","L4","qualification-commercial-investigation","","commercial-investigation","Ontario","residential-service","/borrowers/residential-mortgage-financing","Service page","P2","Retain","current SERP / first-party directional","unavailable-not-zero","","","","","","","","not observed in fresh visible GSC query sample; unavailable-not-zero","residential mortgage broker Ontario","cluster-primary SERP; not claimed as exact-query rank","https://www.canada.ca/en/financial-consumer-agency/services/mortgages/preapproval-qualify-mortgage.html | https://www.fsrao.ca/consumers/mortgage-brokering/mortgage-application-process | https://www.fsrao.ca/consumers/mortgage-brokering/shopping-mortgage","2026-07-20","directional","SERP-RESIDENTIAL;KP-UNAVAILABLE","Supports Residential mortgage financing; Owns generic residential commercial intent; does not target A, B, private, HELOC, bridge, or rescue head terms."
"KW-077","mortgage declined Ontario options","mortgage declined ontario options","residential","Residential mortgages","Owner-occupier or residential purchaser choosing a suitable mortgage path","Home purchase, pre-approval, renewal, or ordinary residential financing","L5","transaction-urgency-rescue","L4","transactional-urgent","Ontario","residential-service","/borrowers/residential-mortgage-financing","Service page","P2","Retain","current SERP / first-party directional","unavailable-not-zero","","","","","","","","not observed in fresh visible GSC query sample; unavailable-not-zero","residential mortgage broker Ontario","cluster-primary SERP; not claimed as exact-query rank","https://www.canada.ca/en/financial-consumer-agency/services/mortgages/preapproval-qualify-mortgage.html | https://www.fsrao.ca/consumers/mortgage-brokering/mortgage-application-process | https://www.fsrao.ca/consumers/mortgage-brokering/shopping-mortgage","2026-07-20","directional","SERP-RESIDENTIAL;KP-UNAVAILABLE","Supports Residential mortgage financing; Owns generic residential commercial intent; does not target A, B, private, HELOC, bridge, or rescue head terms."
"KW-078","urgent mortgage approval Ontario","urgent mortgage approval ontario","residential","Residential mortgages","Owner-occupier or residential purchaser choosing a suitable mortgage path","Home purchase, pre-approval, renewal, or ordinary residential financing","L5","transaction-urgency-rescue","L4","transactional-urgent","Ontario","residential-service","/borrowers/residential-mortgage-financing","Service page","P2","Retain","current SERP / first-party directional","unavailable-not-zero","","","","","","","","not observed in fresh visible GSC query sample; unavailable-not-zero","residential mortgage broker Ontario","cluster-primary SERP; not claimed as exact-query rank","https://www.canada.ca/en/financial-consumer-agency/services/mortgages/preapproval-qualify-mortgage.html | https://www.fsrao.ca/consumers/mortgage-brokering/mortgage-application-process | https://www.fsrao.ca/consumers/mortgage-brokering/shopping-mortgage","2026-07-20","directional","SERP-RESIDENTIAL;KP-UNAVAILABLE","Supports Residential mortgage financing; Owns generic residential commercial intent; does not target A, B, private, HELOC, bridge, or rescue head terms."
"KW-079","mortgage closing shortfall Ontario","mortgage closing shortfall ontario","residential","Residential mortgages","Owner-occupier or residential purchaser choosing a suitable mortgage path","Home purchase, pre-approval, renewal, or ordinary residential financing","L5","transaction-urgency-rescue","L4","transactional-urgent","Ontario","residential-service","/borrowers/residential-mortgage-financing","Service page","P2","Retain","current SERP / first-party directional","unavailable-not-zero","","","","","","","","not observed in fresh visible GSC query sample; unavailable-not-zero","residential mortgage broker Ontario","cluster-primary SERP; not claimed as exact-query rank","https://www.canada.ca/en/financial-consumer-agency/services/mortgages/preapproval-qualify-mortgage.html | https://www.fsrao.ca/consumers/mortgage-brokering/mortgage-application-process | https://www.fsrao.ca/consumers/mortgage-brokering/shopping-mortgage","2026-07-20","directional","SERP-RESIDENTIAL;KP-UNAVAILABLE","Supports Residential mortgage financing; Owns generic residential commercial intent; does not target A, B, private, HELOC, bridge, or rescue head terms."
"KW-080","mortgage approval before closing date","mortgage approval before closing date","residential","Residential mortgages","Owner-occupier or residential purchaser choosing a suitable mortgage path","Home purchase, pre-approval, renewal, or ordinary residential financing","L5","transaction-urgency-rescue","L4","transactional-urgent","Ontario","residential-service","/borrowers/residential-mortgage-financing","Service page","P2","Retain","current SERP / first-party directional","unavailable-not-zero","","","","","","","","not observed in fresh visible GSC query sample; unavailable-not-zero","residential mortgage broker Ontario","cluster-primary SERP; not claimed as exact-query rank","https://www.canada.ca/en/financial-consumer-agency/services/mortgages/preapproval-qualify-mortgage.html | https://www.fsrao.ca/consumers/mortgage-brokering/mortgage-application-process | https://www.fsrao.ca/consumers/mortgage-brokering/shopping-mortgage","2026-07-20","directional","SERP-RESIDENTIAL;KP-UNAVAILABLE","Supports Residential mortgage financing; Owns generic residential commercial intent; does not target A, B, private, HELOC, bridge, or rescue head terms."
"KW-081","home renovation financing options Canada","home renovation financing options canada","renovation","Renovation financing","Homeowner or buyer funding improvements to an existing dwelling","Renovation budget, purchase-plus-improvements, contractor draw, or cost overrun","L1","awareness-education","","informational","Canada with Ontario application","renovation-guide","/resources/renovation-financing-ontario","Decision guide","P1","Retain","current SERP / first-party directional","unavailable-not-zero","","","","","","","","not observed in fresh visible GSC query sample; unavailable-not-zero","home renovation financing options Canada","cluster-primary SERP; not claimed as exact-query rank","https://www.cmhc-schl.gc.ca/professionals/project-funding-and-mortgage-financing/mortgage-loan-insurance/mortgage-loan-insurance-homeownership-programs/improvement | https://www.desjardins.com/content/dam/pdf/en/personal/mortgage/homebuyers-guide-on.pdf | https://www.strivecapital.ca/wp-content/uploads/2024/12/Strive_PPI-Guidelines.pdf","2026-07-20","directional","SERP-RENOVATION;KP-UNAVAILABLE","Supports Renovation financing options guide; Existing dwelling improvements only; ground-up builds and major construction draws belong to construction financing."
"KW-082","how renovation loans work Ontario","how renovation loans work ontario","renovation","Renovation financing","Homeowner or buyer funding improvements to an existing dwelling","Renovation budget, purchase-plus-improvements, contractor draw, or cost overrun","L1","awareness-education","","informational","Ontario","renovation-guide","/resources/renovation-financing-ontario","Decision guide","P1","Retain","current SERP / first-party directional","unavailable-not-zero","","","","","","","","not observed in fresh visible GSC query sample; unavailable-not-zero","home renovation financing options Canada","cluster-primary SERP; not claimed as exact-query rank","https://www.cmhc-schl.gc.ca/professionals/project-funding-and-mortgage-financing/mortgage-loan-insurance/mortgage-loan-insurance-homeownership-programs/improvement | https://www.desjardins.com/content/dam/pdf/en/personal/mortgage/homebuyers-guide-on.pdf | https://www.strivecapital.ca/wp-content/uploads/2024/12/Strive_PPI-Guidelines.pdf","2026-07-20","directional","SERP-RENOVATION;KP-UNAVAILABLE","Supports Renovation financing options guide; Existing dwelling improvements only; ground-up builds and major construction draws belong to construction financing."
"KW-083","ways to finance home improvements Ontario","ways to finance home improvements ontario","renovation","Renovation financing","Homeowner or buyer funding improvements to an existing dwelling","Renovation budget, purchase-plus-improvements, contractor draw, or cost overrun","L1","awareness-education","","informational","Ontario","renovation-guide","/resources/renovation-financing-ontario","Decision guide","P1","Retain","current SERP / first-party directional","unavailable-not-zero","","","","","","","","not observed in fresh visible GSC query sample; unavailable-not-zero","home renovation financing options Canada","cluster-primary SERP; not claimed as exact-query rank","https://www.cmhc-schl.gc.ca/professionals/project-funding-and-mortgage-financing/mortgage-loan-insurance/mortgage-loan-insurance-homeownership-programs/improvement | https://www.desjardins.com/content/dam/pdf/en/personal/mortgage/homebuyers-guide-on.pdf | https://www.strivecapital.ca/wp-content/uploads/2024/12/Strive_PPI-Guidelines.pdf","2026-07-20","directional","SERP-RENOVATION;KP-UNAVAILABLE","Supports Renovation financing options guide; Existing dwelling improvements only; ground-up builds and major construction draws belong to construction financing."
"KW-084","renovation mortgage explained Canada","renovation mortgage explained canada","renovation","Renovation financing","Homeowner or buyer funding improvements to an existing dwelling","Renovation budget, purchase-plus-improvements, contractor draw, or cost overrun","L1","awareness-education","","informational","Canada with Ontario application","renovation-guide","/resources/renovation-financing-ontario","Decision guide","P1","Retain","current SERP / first-party directional","unavailable-not-zero","","","","","","","","not observed in fresh visible GSC query sample; unavailable-not-zero","home renovation financing options Canada","cluster-primary SERP; not claimed as exact-query rank","https://www.cmhc-schl.gc.ca/professionals/project-funding-and-mortgage-financing/mortgage-loan-insurance/mortgage-loan-insurance-homeownership-programs/improvement | https://www.desjardins.com/content/dam/pdf/en/personal/mortgage/homebuyers-guide-on.pdf | https://www.strivecapital.ca/wp-content/uploads/2024/12/Strive_PPI-Guidelines.pdf","2026-07-20","directional","SERP-RENOVATION;KP-UNAVAILABLE","Supports Renovation financing options guide; Existing dwelling improvements only; ground-up builds and major construction draws belong to construction financing."
"KW-085","home renovation financing Ontario","home renovation financing ontario","renovation","Renovation financing","Homeowner or buyer funding improvements to an existing dwelling","Renovation budget, purchase-plus-improvements, contractor draw, or cost overrun","L2","problem-project-feasibility","","informational-feasibility","Ontario","renovation-guide","/resources/renovation-financing-ontario","Decision guide","P1","Retain","current SERP / first-party directional","unavailable-not-zero","","","","","","","","not observed in fresh visible GSC query sample; unavailable-not-zero","home renovation financing options Canada","cluster-primary SERP; not claimed as exact-query rank","https://www.cmhc-schl.gc.ca/professionals/project-funding-and-mortgage-financing/mortgage-loan-insurance/mortgage-loan-insurance-homeownership-programs/improvement | https://www.desjardins.com/content/dam/pdf/en/personal/mortgage/homebuyers-guide-on.pdf | https://www.strivecapital.ca/wp-content/uploads/2024/12/Strive_PPI-Guidelines.pdf","2026-07-20","directional","SERP-RENOVATION;KP-UNAVAILABLE","Supports Renovation financing options guide; Existing dwelling improvements only; ground-up builds and major construction draws belong to construction financing."
"KW-086","renovation loan eligibility Ontario","renovation loan eligibility ontario","renovation","Renovation financing","Homeowner or buyer funding improvements to an existing dwelling","Renovation budget, purchase-plus-improvements, contractor draw, or cost overrun","L2","problem-project-feasibility","","informational-feasibility","Ontario","renovation-guide","/resources/renovation-financing-ontario","Decision guide","P1","Retain","current SERP / first-party directional","unavailable-not-zero","","","","","","","","not observed in fresh visible GSC query sample; unavailable-not-zero","home renovation financing options Canada","cluster-primary SERP; not claimed as exact-query rank","https://www.cmhc-schl.gc.ca/professionals/project-funding-and-mortgage-financing/mortgage-loan-insurance/mortgage-loan-insurance-homeownership-programs/improvement | https://www.desjardins.com/content/dam/pdf/en/personal/mortgage/homebuyers-guide-on.pdf | https://www.strivecapital.ca/wp-content/uploads/2024/12/Strive_PPI-Guidelines.pdf","2026-07-20","directional","SERP-RENOVATION;KP-UNAVAILABLE","Supports Renovation financing options guide; Existing dwelling improvements only; ground-up builds and major construction draws belong to construction financing."
"KW-087","how much can I borrow for renovations","how much can i borrow for renovations","renovation","Renovation financing","Homeowner or buyer funding improvements to an existing dwelling","Renovation budget, purchase-plus-improvements, contractor draw, or cost overrun","L2","problem-project-feasibility","","informational-feasibility","Ontario","renovation-guide","/resources/renovation-financing-ontario","Decision guide","P1","Retain","current SERP / first-party directional","unavailable-not-zero","","","","","","","","not observed in fresh visible GSC query sample; unavailable-not-zero","home renovation financing options Canada","cluster-primary SERP; not claimed as exact-query rank","https://www.cmhc-schl.gc.ca/professionals/project-funding-and-mortgage-financing/mortgage-loan-insurance/mortgage-loan-insurance-homeownership-programs/improvement | https://www.desjardins.com/content/dam/pdf/en/personal/mortgage/homebuyers-guide-on.pdf | https://www.strivecapital.ca/wp-content/uploads/2024/12/Strive_PPI-Guidelines.pdf","2026-07-20","directional","SERP-RENOVATION;KP-UNAVAILABLE","Supports Renovation financing options guide; Existing dwelling improvements only; ground-up builds and major construction draws belong to construction financing."
"KW-088","renovation financing contractor quotes","renovation financing contractor quotes","renovation","Renovation financing","Homeowner or buyer funding improvements to an existing dwelling","Renovation budget, purchase-plus-improvements, contractor draw, or cost overrun","L2","problem-project-feasibility","","informational-feasibility","Ontario","renovation-guide","/resources/renovation-financing-ontario","Decision guide","P1","Retain","current SERP / first-party directional","unavailable-not-zero","","","","","","","","not observed in fresh visible GSC query sample; unavailable-not-zero","home renovation financing options Canada","cluster-primary SERP; not claimed as exact-query rank","https://www.cmhc-schl.gc.ca/professionals/project-funding-and-mortgage-financing/mortgage-loan-insurance/mortgage-loan-insurance-homeownership-programs/improvement | https://www.desjardins.com/content/dam/pdf/en/personal/mortgage/homebuyers-guide-on.pdf | https://www.strivecapital.ca/wp-content/uploads/2024/12/Strive_PPI-Guidelines.pdf","2026-07-20","directional","SERP-RENOVATION;KP-UNAVAILABLE","Supports Renovation financing options guide; Existing dwelling improvements only; ground-up builds and major construction draws belong to construction financing."
"KW-089","HELOC vs refinance for renovations","heloc vs refinance for renovations","renovation","Renovation financing","Homeowner or buyer funding improvements to an existing dwelling","Renovation budget, purchase-plus-improvements, contractor draw, or cost overrun","L3","evaluation-planning-comparison","","commercial-comparison","Ontario","equity-comparison","/resources/heloc-vs-refinance-vs-renovation","Comparison / calculator brief","P1","Retain","current SERP / first-party directional","unavailable-not-zero","","","","","","","","not observed in fresh visible GSC query sample; unavailable-not-zero","HELOC vs refinance for renovations","cluster-primary SERP; not claimed as exact-query rank","https://www.cmhc-schl.gc.ca/professionals/project-funding-and-mortgage-financing/mortgage-loan-insurance/mortgage-loan-insurance-homeownership-programs/improvement | https://www.desjardins.com/content/dam/pdf/en/personal/mortgage/homebuyers-guide-on.pdf | https://www.strivecapital.ca/wp-content/uploads/2024/12/Strive_PPI-Guidelines.pdf","2026-07-20","directional","SERP-RENOVATION;KP-UNAVAILABLE","Supports HELOC vs refinance vs renovation financing; Sole cross-option equity comparison owner; service pages answer provider/qualification intent."
"KW-090","renovation loan vs construction mortgage","renovation loan vs construction mortgage","renovation","Renovation financing","Homeowner or buyer funding improvements to an existing dwelling","Renovation budget, purchase-plus-improvements, contractor draw, or cost overrun","L3","evaluation-planning-comparison","","commercial-comparison","Ontario","equity-comparison","/resources/heloc-vs-refinance-vs-renovation","Comparison / calculator brief","P1","Retain","current SERP / first-party directional","unavailable-not-zero","","","","","","","","not observed in fresh visible GSC query sample; unavailable-not-zero","HELOC vs refinance for renovations","cluster-primary SERP; not claimed as exact-query rank","https://www.cmhc-schl.gc.ca/professionals/project-funding-and-mortgage-financing/mortgage-loan-insurance/mortgage-loan-insurance-homeownership-programs/improvement | https://www.desjardins.com/content/dam/pdf/en/personal/mortgage/homebuyers-guide-on.pdf | https://www.strivecapital.ca/wp-content/uploads/2024/12/Strive_PPI-Guidelines.pdf","2026-07-20","directional","SERP-RENOVATION;KP-UNAVAILABLE","Supports HELOC vs refinance vs renovation financing; Sole cross-option equity comparison owner; service pages answer provider/qualification intent."
"KW-091","purchase plus improvements vs HELOC","purchase plus improvements vs heloc","renovation","Renovation financing","Homeowner or buyer funding improvements to an existing dwelling","Renovation budget, purchase-plus-improvements, contractor draw, or cost overrun","L3","evaluation-planning-comparison","","commercial-comparison","Ontario","equity-comparison","/resources/heloc-vs-refinance-vs-renovation","Comparison / calculator brief","P1","Retain","current SERP / first-party directional","unavailable-not-zero","","","","","","","","not observed in fresh visible GSC query sample; unavailable-not-zero","HELOC vs refinance for renovations","cluster-primary SERP; not claimed as exact-query rank","https://www.cmhc-schl.gc.ca/professionals/project-funding-and-mortgage-financing/mortgage-loan-insurance/mortgage-loan-insurance-homeownership-programs/improvement | https://www.desjardins.com/content/dam/pdf/en/personal/mortgage/homebuyers-guide-on.pdf | https://www.strivecapital.ca/wp-content/uploads/2024/12/Strive_PPI-Guidelines.pdf","2026-07-20","directional","SERP-RENOVATION;KP-UNAVAILABLE","Supports HELOC vs refinance vs renovation financing; Sole cross-option equity comparison owner; service pages answer provider/qualification intent."
"KW-092","personal loan vs home equity for renovation","personal loan vs home equity for renovation","renovation","Renovation financing","Homeowner or buyer funding improvements to an existing dwelling","Renovation budget, purchase-plus-improvements, contractor draw, or cost overrun","L3","evaluation-planning-comparison","","commercial-comparison","Ontario","equity-comparison","/resources/heloc-vs-refinance-vs-renovation","Comparison / calculator brief","P1","Retain","current SERP / first-party directional","unavailable-not-zero","","","","","","","","not observed in fresh visible GSC query sample; unavailable-not-zero","HELOC vs refinance for renovations","cluster-primary SERP; not claimed as exact-query rank","https://www.cmhc-schl.gc.ca/professionals/project-funding-and-mortgage-financing/mortgage-loan-insurance/mortgage-loan-insurance-homeownership-programs/improvement | https://www.desjardins.com/content/dam/pdf/en/personal/mortgage/homebuyers-guide-on.pdf | https://www.strivecapital.ca/wp-content/uploads/2024/12/Strive_PPI-Guidelines.pdf","2026-07-20","directional","SERP-RENOVATION;KP-UNAVAILABLE","Supports HELOC vs refinance vs renovation financing; Sole cross-option equity comparison owner; service pages answer provider/qualification intent."
"KW-093","renovation financing lender Ontario","renovation financing lender ontario","renovation","Renovation financing","Homeowner or buyer funding improvements to an existing dwelling","Renovation budget, purchase-plus-improvements, contractor draw, or cost overrun","L4","qualification-commercial-investigation","","commercial-investigation","Ontario","renovation-service","/borrowers/renovation-financing","Service page","P1","Retain","current SERP / first-party directional","unavailable-not-zero","","","","","","","","not observed in fresh visible GSC query sample; unavailable-not-zero","renovation financing lender Ontario","cluster-primary SERP; not claimed as exact-query rank","https://www.cmhc-schl.gc.ca/professionals/project-funding-and-mortgage-financing/mortgage-loan-insurance/mortgage-loan-insurance-homeownership-programs/improvement | https://www.desjardins.com/content/dam/pdf/en/personal/mortgage/homebuyers-guide-on.pdf | https://www.strivecapital.ca/wp-content/uploads/2024/12/Strive_PPI-Guidelines.pdf","2026-07-20","directional","SERP-RENOVATION;KP-UNAVAILABLE","Supports Renovation financing service; Commercial renovation intent; no ground-up construction or general revolving-equity head terms."
"KW-094","purchase plus improvements mortgage Ontario","purchase plus improvements mortgage ontario","renovation","Renovation financing","Homeowner or buyer funding improvements to an existing dwelling","Renovation budget, purchase-plus-improvements, contractor draw, or cost overrun","L4","qualification-commercial-investigation","","commercial-investigation","Ontario","renovation-service","/borrowers/renovation-financing","Service page","P1","Retain","current SERP / first-party directional","unavailable-not-zero","","","","","","","","not observed in fresh visible GSC query sample; unavailable-not-zero","renovation financing lender Ontario","cluster-primary SERP; not claimed as exact-query rank","https://www.cmhc-schl.gc.ca/professionals/project-funding-and-mortgage-financing/mortgage-loan-insurance/mortgage-loan-insurance-homeownership-programs/improvement | https://www.desjardins.com/content/dam/pdf/en/personal/mortgage/homebuyers-guide-on.pdf | https://www.strivecapital.ca/wp-content/uploads/2024/12/Strive_PPI-Guidelines.pdf","2026-07-20","directional","SERP-RENOVATION;KP-UNAVAILABLE","Supports Renovation financing service; Commercial renovation intent; no ground-up construction or general revolving-equity head terms."
"KW-095","home improvement loan broker Ontario","home improvement loan broker ontario","renovation","Renovation financing","Homeowner or buyer funding improvements to an existing dwelling","Renovation budget, purchase-plus-improvements, contractor draw, or cost overrun","L4","qualification-commercial-investigation","","commercial-investigation","Ontario","renovation-service","/borrowers/renovation-financing","Service page","P1","Retain","current SERP / first-party directional","unavailable-not-zero","","","","","","","","not observed in fresh visible GSC query sample; unavailable-not-zero","renovation financing lender Ontario","cluster-primary SERP; not claimed as exact-query rank","https://www.cmhc-schl.gc.ca/professionals/project-funding-and-mortgage-financing/mortgage-loan-insurance/mortgage-loan-insurance-homeownership-programs/improvement | https://www.desjardins.com/content/dam/pdf/en/personal/mortgage/homebuyers-guide-on.pdf | https://www.strivecapital.ca/wp-content/uploads/2024/12/Strive_PPI-Guidelines.pdf","2026-07-20","directional","SERP-RENOVATION;KP-UNAVAILABLE","Supports Renovation financing service; Commercial renovation intent; no ground-up construction or general revolving-equity head terms."
"KW-096","renovation mortgage appraisal requirements","renovation mortgage appraisal requirements","renovation","Renovation financing","Homeowner or buyer funding improvements to an existing dwelling","Renovation budget, purchase-plus-improvements, contractor draw, or cost overrun","L4","qualification-commercial-investigation","","commercial-investigation","Ontario","renovation-service","/borrowers/renovation-financing","Service page","P1","Retain","current SERP / first-party directional","unavailable-not-zero","","","","","","","","not observed in fresh visible GSC query sample; unavailable-not-zero","renovation financing lender Ontario","cluster-primary SERP; not claimed as exact-query rank","https://www.cmhc-schl.gc.ca/professionals/project-funding-and-mortgage-financing/mortgage-loan-insurance/mortgage-loan-insurance-homeownership-programs/improvement | https://www.desjardins.com/content/dam/pdf/en/personal/mortgage/homebuyers-guide-on.pdf | https://www.strivecapital.ca/wp-content/uploads/2024/12/Strive_PPI-Guidelines.pdf","2026-07-20","directional","SERP-RENOVATION;KP-UNAVAILABLE","Supports Renovation financing service; Commercial renovation intent; no ground-up construction or general revolving-equity head terms."
"KW-097","renovation cost overrun financing Ontario","renovation cost overrun financing ontario","renovation","Renovation financing","Homeowner or buyer funding improvements to an existing dwelling","Renovation budget, purchase-plus-improvements, contractor draw, or cost overrun","L5","transaction-urgency-rescue","L4","transactional-urgent","Ontario","renovation-service","/borrowers/renovation-financing","Service page","P1","Retain","current SERP / first-party directional","unavailable-not-zero","","","","","","","","not observed in fresh visible GSC query sample; unavailable-not-zero","renovation financing lender Ontario","cluster-primary SERP; not claimed as exact-query rank","https://www.cmhc-schl.gc.ca/professionals/project-funding-and-mortgage-financing/mortgage-loan-insurance/mortgage-loan-insurance-homeownership-programs/improvement | https://www.desjardins.com/content/dam/pdf/en/personal/mortgage/homebuyers-guide-on.pdf | https://www.strivecapital.ca/wp-content/uploads/2024/12/Strive_PPI-Guidelines.pdf","2026-07-20","directional","SERP-RENOVATION;KP-UNAVAILABLE","Supports Renovation financing service; Commercial renovation intent; no ground-up construction or general revolving-equity head terms."
"KW-098","urgent home improvement loan Ontario","urgent home improvement loan ontario","renovation","Renovation financing","Homeowner or buyer funding improvements to an existing dwelling","Renovation budget, purchase-plus-improvements, contractor draw, or cost overrun","L5","transaction-urgency-rescue","L4","transactional-urgent","Ontario","renovation-service","/borrowers/renovation-financing","Service page","P1","Retain","current SERP / first-party directional","unavailable-not-zero","","","","","","","","not observed in fresh visible GSC query sample; unavailable-not-zero","renovation financing lender Ontario","cluster-primary SERP; not claimed as exact-query rank","https://www.cmhc-schl.gc.ca/professionals/project-funding-and-mortgage-financing/mortgage-loan-insurance/mortgage-loan-insurance-homeownership-programs/improvement | https://www.desjardins.com/content/dam/pdf/en/personal/mortgage/homebuyers-guide-on.pdf | https://www.strivecapital.ca/wp-content/uploads/2024/12/Strive_PPI-Guidelines.pdf","2026-07-20","directional","SERP-RENOVATION;KP-UNAVAILABLE","Supports Renovation financing service; Commercial renovation intent; no ground-up construction or general revolving-equity head terms."
"KW-099","unfinished renovation financing Ontario","unfinished renovation financing ontario","renovation","Renovation financing","Homeowner or buyer funding improvements to an existing dwelling","Renovation budget, purchase-plus-improvements, contractor draw, or cost overrun","L5","transaction-urgency-rescue","L4","transactional-urgent","Ontario","renovation-service","/borrowers/renovation-financing","Service page","P1","Retain","current SERP / first-party directional","unavailable-not-zero","","","","","","","","not observed in fresh visible GSC query sample; unavailable-not-zero","renovation financing lender Ontario","cluster-primary SERP; not claimed as exact-query rank","https://www.cmhc-schl.gc.ca/professionals/project-funding-and-mortgage-financing/mortgage-loan-insurance/mortgage-loan-insurance-homeownership-programs/improvement | https://www.desjardins.com/content/dam/pdf/en/personal/mortgage/homebuyers-guide-on.pdf | https://www.strivecapital.ca/wp-content/uploads/2024/12/Strive_PPI-Guidelines.pdf","2026-07-20","directional","SERP-RENOVATION;KP-UNAVAILABLE","Supports Renovation financing service; Commercial renovation intent; no ground-up construction or general revolving-equity head terms."
"KW-100","renovation draw funding delay Ontario","renovation draw funding delay ontario","renovation","Renovation financing","Homeowner or buyer funding improvements to an existing dwelling","Renovation budget, purchase-plus-improvements, contractor draw, or cost overrun","L5","transaction-urgency-rescue","L4","transactional-urgent","Ontario","renovation-service","/borrowers/renovation-financing","Service page","P1","Retain","current SERP / first-party directional","unavailable-not-zero","","","","","","","","not observed in fresh visible GSC query sample; unavailable-not-zero","renovation financing lender Ontario","cluster-primary SERP; not claimed as exact-query rank","https://www.cmhc-schl.gc.ca/professionals/project-funding-and-mortgage-financing/mortgage-loan-insurance/mortgage-loan-insurance-homeownership-programs/improvement | https://www.desjardins.com/content/dam/pdf/en/personal/mortgage/homebuyers-guide-on.pdf | https://www.strivecapital.ca/wp-content/uploads/2024/12/Strive_PPI-Guidelines.pdf","2026-07-20","directional","SERP-RENOVATION;KP-UNAVAILABLE","Supports Renovation financing service; Commercial renovation intent; no ground-up construction or general revolving-equity head terms."
"KW-101","what is bridge financing in Canada","what is bridge financing in canada","bridge","Bridge financing","Borrower managing a timing gap between a property purchase and sale or other near-term liquidity event","Closing-date mismatch, sale proceeds delay, or no firm sale","L1","awareness-education","","informational","Canada with Ontario application","bridge-guide","/resources/bridge-financing-ontario","Decision guide","P1","Retain","current SERP / first-party directional","unavailable-not-zero","","","","","","","","not observed in fresh visible GSC query sample; unavailable-not-zero","how does a bridge loan work Ontario","cluster-primary SERP; not claimed as exact-query rank","https://www.td.com/ca/en/personal-banking/products/mortgages/financing-between-homes | https://cmsmortgages.ca/solutions/bridge-financing/ | https://www.stonefieldcapital.ca/services/bridge-loan","2026-07-20","directional","SERP-BRIDGE;KP-UNAVAILABLE","Supports Ontario bridge financing guide; Temporary closing/liquidity gap only; ongoing equity borrowing belongs to HELOC and broad private needs belong to private."
"KW-102","how does a bridge loan work Ontario","how does a bridge loan work ontario","bridge","Bridge financing","Borrower managing a timing gap between a property purchase and sale or other near-term liquidity event","Closing-date mismatch, sale proceeds delay, or no firm sale","L1","awareness-education","","informational","Ontario","bridge-guide","/resources/bridge-financing-ontario","Decision guide","P1","Retain","current SERP / first-party directional","unavailable-not-zero","","","","","","","","not observed in fresh visible GSC query sample; unavailable-not-zero","how does a bridge loan work Ontario","cluster-primary SERP; not claimed as exact-query rank","https://www.td.com/ca/en/personal-banking/products/mortgages/financing-between-homes | https://cmsmortgages.ca/solutions/bridge-financing/ | https://www.stonefieldcapital.ca/services/bridge-loan","2026-07-20","directional","SERP-BRIDGE;KP-UNAVAILABLE","Supports Ontario bridge financing guide; Temporary closing/liquidity gap only; ongoing equity borrowing belongs to HELOC and broad private needs belong to private."
"KW-103","bridge mortgage explained Canada","bridge mortgage explained canada","bridge","Bridge financing","Borrower managing a timing gap between a property purchase and sale or other near-term liquidity event","Closing-date mismatch, sale proceeds delay, or no firm sale","L1","awareness-education","","informational","Canada with Ontario application","bridge-guide","/resources/bridge-financing-ontario","Decision guide","P1","Retain","current SERP / first-party directional","unavailable-not-zero","","","","","","","","not observed in fresh visible GSC query sample; unavailable-not-zero","how does a bridge loan work Ontario","cluster-primary SERP; not claimed as exact-query rank","https://www.td.com/ca/en/personal-banking/products/mortgages/financing-between-homes | https://cmsmortgages.ca/solutions/bridge-financing/ | https://www.stonefieldcapital.ca/services/bridge-loan","2026-07-20","directional","SERP-BRIDGE;KP-UNAVAILABLE","Supports Ontario bridge financing guide; Temporary closing/liquidity gap only; ongoing equity borrowing belongs to HELOC and broad private needs belong to private."
"KW-104","when do you need bridge financing","when do you need bridge financing","bridge","Bridge financing","Borrower managing a timing gap between a property purchase and sale or other near-term liquidity event","Closing-date mismatch, sale proceeds delay, or no firm sale","L1","awareness-education","","informational","Ontario","bridge-guide","/resources/bridge-financing-ontario","Decision guide","P1","Retain","current SERP / first-party directional","unavailable-not-zero","","","","","","","","not observed in fresh visible GSC query sample; unavailable-not-zero","how does a bridge loan work Ontario","cluster-primary SERP; not claimed as exact-query rank","https://www.td.com/ca/en/personal-banking/products/mortgages/financing-between-homes | https://cmsmortgages.ca/solutions/bridge-financing/ | https://www.stonefieldcapital.ca/services/bridge-loan","2026-07-20","directional","SERP-BRIDGE;KP-UNAVAILABLE","Supports Ontario bridge financing guide; Temporary closing/liquidity gap only; ongoing equity borrowing belongs to HELOC and broad private needs belong to private."
"KW-105","bridge loan eligibility Ontario","bridge loan eligibility ontario","bridge","Bridge financing","Borrower managing a timing gap between a property purchase and sale or other near-term liquidity event","Closing-date mismatch, sale proceeds delay, or no firm sale","L2","problem-project-feasibility","","informational-feasibility","Ontario","bridge-guide","/resources/bridge-financing-ontario","Decision guide","P1","Retain","current SERP / first-party directional","unavailable-not-zero","","","","","","","","not observed in fresh visible GSC query sample; unavailable-not-zero","how does a bridge loan work Ontario","cluster-primary SERP; not claimed as exact-query rank","https://www.td.com/ca/en/personal-banking/products/mortgages/financing-between-homes | https://cmsmortgages.ca/solutions/bridge-financing/ | https://www.stonefieldcapital.ca/services/bridge-loan","2026-07-20","directional","SERP-BRIDGE;KP-UNAVAILABLE","Supports Ontario bridge financing guide; Temporary closing/liquidity gap only; ongoing equity borrowing belongs to HELOC and broad private needs belong to private."
"KW-106","bridge financing cost Ontario","bridge financing cost ontario","bridge","Bridge financing","Borrower managing a timing gap between a property purchase and sale or other near-term liquidity event","Closing-date mismatch, sale proceeds delay, or no firm sale","L2","problem-project-feasibility","","informational-feasibility","Ontario","bridge-guide","/resources/bridge-financing-ontario","Decision guide","P1","Retain","current SERP / first-party directional","unavailable-not-zero","","","","","","","","not observed in fresh visible GSC query sample; unavailable-not-zero","how does a bridge loan work Ontario","cluster-primary SERP; not claimed as exact-query rank","https://www.td.com/ca/en/personal-banking/products/mortgages/financing-between-homes | https://cmsmortgages.ca/solutions/bridge-financing/ | https://www.stonefieldcapital.ca/services/bridge-loan","2026-07-20","directional","SERP-BRIDGE;KP-UNAVAILABLE","Supports Ontario bridge financing guide; Temporary closing/liquidity gap only; ongoing equity borrowing belongs to HELOC and broad private needs belong to private."
"KW-107","how much bridge financing can I get","how much bridge financing can i get","bridge","Bridge financing","Borrower managing a timing gap between a property purchase and sale or other near-term liquidity event","Closing-date mismatch, sale proceeds delay, or no firm sale","L2","problem-project-feasibility","","informational-feasibility","Ontario","bridge-guide","/resources/bridge-financing-ontario","Decision guide","P1","Retain","current SERP / first-party directional","unavailable-not-zero","","","","","","","","not observed in fresh visible GSC query sample; unavailable-not-zero","how does a bridge loan work Ontario","cluster-primary SERP; not claimed as exact-query rank","https://www.td.com/ca/en/personal-banking/products/mortgages/financing-between-homes | https://cmsmortgages.ca/solutions/bridge-financing/ | https://www.stonefieldcapital.ca/services/bridge-loan","2026-07-20","directional","SERP-BRIDGE;KP-UNAVAILABLE","Supports Ontario bridge financing guide; Temporary closing/liquidity gap only; ongoing equity borrowing belongs to HELOC and broad private needs belong to private."
"KW-108","bridge loan with firm sale Ontario","bridge loan with firm sale ontario","bridge","Bridge financing","Borrower managing a timing gap between a property purchase and sale or other near-term liquidity event","Closing-date mismatch, sale proceeds delay, or no firm sale","L2","problem-project-feasibility","","informational-feasibility","Ontario","bridge-guide","/resources/bridge-financing-ontario","Decision guide","P1","Retain","current SERP / first-party directional","unavailable-not-zero","","","","","","","","not observed in fresh visible GSC query sample; unavailable-not-zero","how does a bridge loan work Ontario","cluster-primary SERP; not claimed as exact-query rank","https://www.td.com/ca/en/personal-banking/products/mortgages/financing-between-homes | https://cmsmortgages.ca/solutions/bridge-financing/ | https://www.stonefieldcapital.ca/services/bridge-loan","2026-07-20","directional","SERP-BRIDGE;KP-UNAVAILABLE","Supports Ontario bridge financing guide; Temporary closing/liquidity gap only; ongoing equity borrowing belongs to HELOC and broad private needs belong to private."
"KW-109","bridge loan vs HELOC Ontario","bridge loan vs heloc ontario","bridge","Bridge financing","Borrower managing a timing gap between a property purchase and sale or other near-term liquidity event","Closing-date mismatch, sale proceeds delay, or no firm sale","L3","evaluation-planning-comparison","","commercial-comparison","Ontario","bridge-guide","/resources/bridge-financing-ontario","Decision guide","P1","Retain","current SERP / first-party directional","unavailable-not-zero","","","","","","","","not observed in fresh visible GSC query sample; unavailable-not-zero","how does a bridge loan work Ontario","cluster-primary SERP; not claimed as exact-query rank","https://www.td.com/ca/en/personal-banking/products/mortgages/financing-between-homes | https://cmsmortgages.ca/solutions/bridge-financing/ | https://www.stonefieldcapital.ca/services/bridge-loan","2026-07-20","directional","SERP-BRIDGE;KP-UNAVAILABLE","Supports Ontario bridge financing guide; Temporary closing/liquidity gap only; ongoing equity borrowing belongs to HELOC and broad private needs belong to private."
"KW-110","bridge loan vs private mortgage Ontario","bridge loan vs private mortgage ontario","bridge","Bridge financing","Borrower managing a timing gap between a property purchase and sale or other near-term liquidity event","Closing-date mismatch, sale proceeds delay, or no firm sale","L3","evaluation-planning-comparison","","commercial-comparison","Ontario","bridge-guide","/resources/bridge-financing-ontario","Decision guide","P1","Retain","current SERP / first-party directional","unavailable-not-zero","","","","","","","","not observed in fresh visible GSC query sample; unavailable-not-zero","how does a bridge loan work Ontario","cluster-primary SERP; not claimed as exact-query rank","https://www.td.com/ca/en/personal-banking/products/mortgages/financing-between-homes | https://cmsmortgages.ca/solutions/bridge-financing/ | https://www.stonefieldcapital.ca/services/bridge-loan","2026-07-20","directional","SERP-BRIDGE;KP-UNAVAILABLE","Supports Ontario bridge financing guide; Temporary closing/liquidity gap only; ongoing equity borrowing belongs to HELOC and broad private needs belong to private."
"KW-111","bridge financing vs refinance Ontario","bridge financing vs refinance ontario","bridge","Bridge financing","Borrower managing a timing gap between a property purchase and sale or other near-term liquidity event","Closing-date mismatch, sale proceeds delay, or no firm sale","L3","evaluation-planning-comparison","","commercial-comparison","Ontario","bridge-guide","/resources/bridge-financing-ontario","Decision guide","P1","Retain","current SERP / first-party directional","unavailable-not-zero","","","","","","","","not observed in fresh visible GSC query sample; unavailable-not-zero","how does a bridge loan work Ontario","cluster-primary SERP; not claimed as exact-query rank","https://www.td.com/ca/en/personal-banking/products/mortgages/financing-between-homes | https://cmsmortgages.ca/solutions/bridge-financing/ | https://www.stonefieldcapital.ca/services/bridge-loan","2026-07-20","directional","SERP-BRIDGE;KP-UNAVAILABLE","Supports Ontario bridge financing guide; Temporary closing/liquidity gap only; ongoing equity borrowing belongs to HELOC and broad private needs belong to private."
"KW-112","bank bridge loan vs private bridge loan","bank bridge loan vs private bridge loan","bridge","Bridge financing","Borrower managing a timing gap between a property purchase and sale or other near-term liquidity event","Closing-date mismatch, sale proceeds delay, or no firm sale","L3","evaluation-planning-comparison","","commercial-comparison","Ontario","bridge-guide","/resources/bridge-financing-ontario","Decision guide","P1","Retain","current SERP / first-party directional","unavailable-not-zero","","","","","","","","not observed in fresh visible GSC query sample; unavailable-not-zero","how does a bridge loan work Ontario","cluster-primary SERP; not claimed as exact-query rank","https://www.td.com/ca/en/personal-banking/products/mortgages/financing-between-homes | https://cmsmortgages.ca/solutions/bridge-financing/ | https://www.stonefieldcapital.ca/services/bridge-loan","2026-07-20","directional","SERP-BRIDGE;KP-UNAVAILABLE","Supports Ontario bridge financing guide; Temporary closing/liquidity gap only; ongoing equity borrowing belongs to HELOC and broad private needs belong to private."
"KW-113","bridge financing real estate Canada","bridge financing real estate canada","bridge","Bridge financing","Borrower managing a timing gap between a property purchase and sale or other near-term liquidity event","Closing-date mismatch, sale proceeds delay, or no firm sale","L4","qualification-commercial-investigation","","commercial-investigation","Canada with Ontario application","bridge-service","/borrowers/bridge-financing","Service page","P1","Retain","current SERP / first-party directional","unavailable-not-zero","","","","","","","","not observed in fresh visible GSC query sample; unavailable-not-zero","bridge mortgage lender Ontario","cluster-primary SERP; not claimed as exact-query rank","https://www.td.com/ca/en/personal-banking/products/mortgages/financing-between-homes | https://cmsmortgages.ca/solutions/bridge-financing/ | https://www.stonefieldcapital.ca/services/bridge-loan","2026-07-20","directional","SERP-BRIDGE;KP-UNAVAILABLE","Supports Bridge financing service; Owns bridge commercial terms; “no firm sale” is a subsection/variant, not a duplicate private-bridge page."
"KW-114","bridge mortgage lender Ontario","bridge mortgage lender ontario","bridge","Bridge financing","Borrower managing a timing gap between a property purchase and sale or other near-term liquidity event","Closing-date mismatch, sale proceeds delay, or no firm sale","L4","qualification-commercial-investigation","","commercial-investigation","Ontario","bridge-service","/borrowers/bridge-financing","Service page","P1","Retain","current SERP / first-party directional","unavailable-not-zero","","","","","","","","not observed in fresh visible GSC query sample; unavailable-not-zero","bridge mortgage lender Ontario","cluster-primary SERP; not claimed as exact-query rank","https://www.td.com/ca/en/personal-banking/products/mortgages/financing-between-homes | https://cmsmortgages.ca/solutions/bridge-financing/ | https://www.stonefieldcapital.ca/services/bridge-loan","2026-07-20","directional","SERP-BRIDGE;KP-UNAVAILABLE","Supports Bridge financing service; Owns bridge commercial terms; “no firm sale” is a subsection/variant, not a duplicate private-bridge page."
"KW-115","bridge loan broker Toronto","bridge loan broker toronto","bridge","Bridge financing","Borrower managing a timing gap between a property purchase and sale or other near-term liquidity event","Closing-date mismatch, sale proceeds delay, or no firm sale","L4","qualification-commercial-investigation","","commercial-investigation","Toronto/GTA","bridge-service","/borrowers/bridge-financing","Service page","P1","Retain","current SERP / first-party directional","unavailable-not-zero","","","","","","","","not observed in fresh visible GSC query sample; unavailable-not-zero","bridge mortgage lender Ontario","cluster-primary SERP; not claimed as exact-query rank","https://www.td.com/ca/en/personal-banking/products/mortgages/financing-between-homes | https://cmsmortgages.ca/solutions/bridge-financing/ | https://www.stonefieldcapital.ca/services/bridge-loan","2026-07-20","directional","SERP-BRIDGE;KP-UNAVAILABLE","Supports Bridge financing service; Owns bridge commercial terms; “no firm sale” is a subsection/variant, not a duplicate private-bridge page."
"KW-116","documents needed for bridge financing","documents needed for bridge financing","bridge","Bridge financing","Borrower managing a timing gap between a property purchase and sale or other near-term liquidity event","Closing-date mismatch, sale proceeds delay, or no firm sale","L4","qualification-commercial-investigation","","commercial-investigation","Ontario","bridge-service","/borrowers/bridge-financing","Service page","P1","Retain","current SERP / first-party directional","unavailable-not-zero","","","","","","","","not observed in fresh visible GSC query sample; unavailable-not-zero","bridge mortgage lender Ontario","cluster-primary SERP; not claimed as exact-query rank","https://www.td.com/ca/en/personal-banking/products/mortgages/financing-between-homes | https://cmsmortgages.ca/solutions/bridge-financing/ | https://www.stonefieldcapital.ca/services/bridge-loan","2026-07-20","directional","SERP-BRIDGE;KP-UNAVAILABLE","Supports Bridge financing service; Owns bridge commercial terms; “no firm sale” is a subsection/variant, not a duplicate private-bridge page."
"KW-117","urgent bridge financing Ontario","urgent bridge financing ontario","bridge","Bridge financing","Borrower managing a timing gap between a property purchase and sale or other near-term liquidity event","Closing-date mismatch, sale proceeds delay, or no firm sale","L5","transaction-urgency-rescue","L4","transactional-urgent","Ontario","bridge-service","/borrowers/bridge-financing","Service page","P1","Retain","current SERP / first-party directional","unavailable-not-zero","","","","","","","","not observed in fresh visible GSC query sample; unavailable-not-zero","bridge mortgage lender Ontario","cluster-primary SERP; not claimed as exact-query rank","https://www.td.com/ca/en/personal-banking/products/mortgages/financing-between-homes | https://cmsmortgages.ca/solutions/bridge-financing/ | https://www.stonefieldcapital.ca/services/bridge-loan","2026-07-20","directional","SERP-BRIDGE;KP-UNAVAILABLE","Supports Bridge financing service; Owns bridge commercial terms; “no firm sale” is a subsection/variant, not a duplicate private-bridge page."
"KW-118","bridge loan without firm sale Ontario","bridge loan without firm sale ontario","bridge","Bridge financing","Borrower managing a timing gap between a property purchase and sale or other near-term liquidity event","Closing-date mismatch, sale proceeds delay, or no firm sale","L5","transaction-urgency-rescue","L4","transactional-urgent","Ontario","bridge-service","/borrowers/bridge-financing","Service page","P1","Retain","current SERP / first-party directional","unavailable-not-zero","","","","","","","","not observed in fresh visible GSC query sample; unavailable-not-zero","bridge mortgage lender Ontario","cluster-primary SERP; not claimed as exact-query rank","https://www.td.com/ca/en/personal-banking/products/mortgages/financing-between-homes | https://cmsmortgages.ca/solutions/bridge-financing/ | https://www.stonefieldcapital.ca/services/bridge-loan","2026-07-20","directional","SERP-BRIDGE;KP-UNAVAILABLE","Supports Bridge financing service; Owns bridge commercial terms; “no firm sale” is a subsection/variant, not a duplicate private-bridge page."
"KW-119","bridge financing for closing gap","bridge financing for closing gap","bridge","Bridge financing","Borrower managing a timing gap between a property purchase and sale or other near-term liquidity event","Closing-date mismatch, sale proceeds delay, or no firm sale","L5","transaction-urgency-rescue","L4","transactional-urgent","Ontario","bridge-service","/borrowers/bridge-financing","Service page","P1","Retain","current SERP / first-party directional","unavailable-not-zero","","","","","","","","not observed in fresh visible GSC query sample; unavailable-not-zero","bridge mortgage lender Ontario","cluster-primary SERP; not claimed as exact-query rank","https://www.td.com/ca/en/personal-banking/products/mortgages/financing-between-homes | https://cmsmortgages.ca/solutions/bridge-financing/ | https://www.stonefieldcapital.ca/services/bridge-loan","2026-07-20","directional","SERP-BRIDGE;KP-UNAVAILABLE","Supports Bridge financing service; Owns bridge commercial terms; “no firm sale” is a subsection/variant, not a duplicate private-bridge page."
"KW-120","same week bridge loan Ontario","same week bridge loan ontario","bridge","Bridge financing","Borrower managing a timing gap between a property purchase and sale or other near-term liquidity event","Closing-date mismatch, sale proceeds delay, or no firm sale","L5","transaction-urgency-rescue","L4","transactional-urgent","Ontario","bridge-service","/borrowers/bridge-financing","Service page","P1","Retain","current SERP / first-party directional","unavailable-not-zero","","","","","","","","not observed in fresh visible GSC query sample; unavailable-not-zero","bridge mortgage lender Ontario","cluster-primary SERP; not claimed as exact-query rank","https://www.td.com/ca/en/personal-banking/products/mortgages/financing-between-homes | https://cmsmortgages.ca/solutions/bridge-financing/ | https://www.stonefieldcapital.ca/services/bridge-loan","2026-07-20","directional","SERP-BRIDGE;KP-UNAVAILABLE","Supports Bridge financing service; Owns bridge commercial terms; “no firm sale” is a subsection/variant, not a duplicate private-bridge page."
"KW-121","what is a HELOC in Canada","what is a heloc in canada","heloc-equity","HELOC / home equity","Homeowner seeking revolving or lump-sum access to accumulated home equity","Renovation, consolidation, investment, emergency, or flexible liquidity","L1","awareness-education","","informational","Canada with Ontario application","heloc-guide","/resources/heloc-ontario-guide","Evergreen guide","P1","Retain","current SERP / first-party directional","unavailable-not-zero","","","","","","","","not observed in fresh visible GSC query sample; unavailable-not-zero","what is a HELOC in Canada","cluster-primary SERP; not claimed as exact-query rank","https://www.canada.ca/en/financial-consumer-agency/services/mortgages/home-equity-line-credit.html | https://www.canada.ca/en/financial-consumer-agency/services/mortgages/borrow-home-equity.html | https://www.equitablebank.ca/docs/default-source/alternative-mortgages-library/feature-sheets/heloc-product-specifications-june2024.pdf?sfvrsn=9f305c7_5","2026-07-20","directional","SERP-HELOC-EQUITY;KP-UNAVAILABLE","Supports HELOC and home-equity guide; Revolving home-equity education; refinance and renovation pages own their distinct outcomes."
"KW-122","how does a HELOC work Ontario","how does a heloc work ontario","heloc-equity","HELOC / home equity","Homeowner seeking revolving or lump-sum access to accumulated home equity","Renovation, consolidation, investment, emergency, or flexible liquidity","L1","awareness-education","","informational","Ontario","heloc-guide","/resources/heloc-ontario-guide","Evergreen guide","P1","Retain","current SERP / first-party directional","unavailable-not-zero","","","","","","","","not observed in fresh visible GSC query sample; unavailable-not-zero","what is a HELOC in Canada","cluster-primary SERP; not claimed as exact-query rank","https://www.canada.ca/en/financial-consumer-agency/services/mortgages/home-equity-line-credit.html | https://www.canada.ca/en/financial-consumer-agency/services/mortgages/borrow-home-equity.html | https://www.equitablebank.ca/docs/default-source/alternative-mortgages-library/feature-sheets/heloc-product-specifications-june2024.pdf?sfvrsn=9f305c7_5","2026-07-20","directional","SERP-HELOC-EQUITY;KP-UNAVAILABLE","Supports HELOC and home-equity guide; Revolving home-equity education; refinance and renovation pages own their distinct outcomes."
"KW-123","home equity line of credit explained","home equity line of credit explained","heloc-equity","HELOC / home equity","Homeowner seeking revolving or lump-sum access to accumulated home equity","Renovation, consolidation, investment, emergency, or flexible liquidity","L1","awareness-education","","informational","Ontario","heloc-guide","/resources/heloc-ontario-guide","Evergreen guide","P1","Retain","current SERP / first-party directional","unavailable-not-zero","","","","","","","","not observed in fresh visible GSC query sample; unavailable-not-zero","what is a HELOC in Canada","cluster-primary SERP; not claimed as exact-query rank","https://www.canada.ca/en/financial-consumer-agency/services/mortgages/home-equity-line-credit.html | https://www.canada.ca/en/financial-consumer-agency/services/mortgages/borrow-home-equity.html | https://www.equitablebank.ca/docs/default-source/alternative-mortgages-library/feature-sheets/heloc-product-specifications-june2024.pdf?sfvrsn=9f305c7_5","2026-07-20","directional","SERP-HELOC-EQUITY;KP-UNAVAILABLE","Supports HELOC and home-equity guide; Revolving home-equity education; refinance and renovation pages own their distinct outcomes."
"KW-124","borrowing against home equity Canada","borrowing against home equity canada","heloc-equity","HELOC / home equity","Homeowner seeking revolving or lump-sum access to accumulated home equity","Renovation, consolidation, investment, emergency, or flexible liquidity","L1","awareness-education","","informational","Canada with Ontario application","heloc-guide","/resources/heloc-ontario-guide","Evergreen guide","P1","Retain","current SERP / first-party directional","unavailable-not-zero","","","","","","","","not observed in fresh visible GSC query sample; unavailable-not-zero","what is a HELOC in Canada","cluster-primary SERP; not claimed as exact-query rank","https://www.canada.ca/en/financial-consumer-agency/services/mortgages/home-equity-line-credit.html | https://www.canada.ca/en/financial-consumer-agency/services/mortgages/borrow-home-equity.html | https://www.equitablebank.ca/docs/default-source/alternative-mortgages-library/feature-sheets/heloc-product-specifications-june2024.pdf?sfvrsn=9f305c7_5","2026-07-20","directional","SERP-HELOC-EQUITY;KP-UNAVAILABLE","Supports HELOC and home-equity guide; Revolving home-equity education; refinance and renovation pages own their distinct outcomes."
"KW-125","how much HELOC can I get Ontario","how much heloc can i get ontario","heloc-equity","HELOC / home equity","Homeowner seeking revolving or lump-sum access to accumulated home equity","Renovation, consolidation, investment, emergency, or flexible liquidity","L2","problem-project-feasibility","","informational-feasibility","Ontario","heloc-guide","/resources/heloc-ontario-guide","Evergreen guide","P1","Retain","current SERP / first-party directional","unavailable-not-zero","","","","","","","","not observed in fresh visible GSC query sample; unavailable-not-zero","what is a HELOC in Canada","cluster-primary SERP; not claimed as exact-query rank","https://www.canada.ca/en/financial-consumer-agency/services/mortgages/home-equity-line-credit.html | https://www.canada.ca/en/financial-consumer-agency/services/mortgages/borrow-home-equity.html | https://www.equitablebank.ca/docs/default-source/alternative-mortgages-library/feature-sheets/heloc-product-specifications-june2024.pdf?sfvrsn=9f305c7_5","2026-07-20","directional","SERP-HELOC-EQUITY;KP-UNAVAILABLE","Supports HELOC and home-equity guide; Revolving home-equity education; refinance and renovation pages own their distinct outcomes."
"KW-126","HELOC equity requirements Ontario","heloc equity requirements ontario","heloc-equity","HELOC / home equity","Homeowner seeking revolving or lump-sum access to accumulated home equity","Renovation, consolidation, investment, emergency, or flexible liquidity","L2","problem-project-feasibility","","informational-feasibility","Ontario","heloc-guide","/resources/heloc-ontario-guide","Evergreen guide","P1","Retain","current SERP / first-party directional","unavailable-not-zero","","","","","","","","not observed in fresh visible GSC query sample; unavailable-not-zero","what is a HELOC in Canada","cluster-primary SERP; not claimed as exact-query rank","https://www.canada.ca/en/financial-consumer-agency/services/mortgages/home-equity-line-credit.html | https://www.canada.ca/en/financial-consumer-agency/services/mortgages/borrow-home-equity.html | https://www.equitablebank.ca/docs/default-source/alternative-mortgages-library/feature-sheets/heloc-product-specifications-june2024.pdf?sfvrsn=9f305c7_5","2026-07-20","directional","SERP-HELOC-EQUITY;KP-UNAVAILABLE","Supports HELOC and home-equity guide; Revolving home-equity education; refinance and renovation pages own their distinct outcomes."
"KW-127","HELOC credit score requirements Canada","heloc credit score requirements canada","heloc-equity","HELOC / home equity","Homeowner seeking revolving or lump-sum access to accumulated home equity","Renovation, consolidation, investment, emergency, or flexible liquidity","L2","problem-project-feasibility","","informational-feasibility","Canada with Ontario application","heloc-guide","/resources/heloc-ontario-guide","Evergreen guide","P1","Retain","current SERP / first-party directional","unavailable-not-zero","","","","","","","","not observed in fresh visible GSC query sample; unavailable-not-zero","what is a HELOC in Canada","cluster-primary SERP; not claimed as exact-query rank","https://www.canada.ca/en/financial-consumer-agency/services/mortgages/home-equity-line-credit.html | https://www.canada.ca/en/financial-consumer-agency/services/mortgages/borrow-home-equity.html | https://www.equitablebank.ca/docs/default-source/alternative-mortgages-library/feature-sheets/heloc-product-specifications-june2024.pdf?sfvrsn=9f305c7_5","2026-07-20","directional","SERP-HELOC-EQUITY;KP-UNAVAILABLE","Supports HELOC and home-equity guide; Revolving home-equity education; refinance and renovation pages own their distinct outcomes."
"KW-128","home equity loan eligibility Ontario","home equity loan eligibility ontario","heloc-equity","HELOC / home equity","Homeowner seeking revolving or lump-sum access to accumulated home equity","Renovation, consolidation, investment, emergency, or flexible liquidity","L2","problem-project-feasibility","","informational-feasibility","Ontario","heloc-guide","/resources/heloc-ontario-guide","Evergreen guide","P1","Retain","current SERP / first-party directional","unavailable-not-zero","","","","","","","","not observed in fresh visible GSC query sample; unavailable-not-zero","what is a HELOC in Canada","cluster-primary SERP; not claimed as exact-query rank","https://www.canada.ca/en/financial-consumer-agency/services/mortgages/home-equity-line-credit.html | https://www.canada.ca/en/financial-consumer-agency/services/mortgages/borrow-home-equity.html | https://www.equitablebank.ca/docs/default-source/alternative-mortgages-library/feature-sheets/heloc-product-specifications-june2024.pdf?sfvrsn=9f305c7_5","2026-07-20","directional","SERP-HELOC-EQUITY;KP-UNAVAILABLE","Supports HELOC and home-equity guide; Revolving home-equity education; refinance and renovation pages own their distinct outcomes."
"KW-129","HELOC vs refinance Ontario","heloc vs refinance ontario","heloc-equity","HELOC / home equity","Homeowner seeking revolving or lump-sum access to accumulated home equity","Renovation, consolidation, investment, emergency, or flexible liquidity","L3","evaluation-planning-comparison","","commercial-comparison","Ontario","equity-comparison","/resources/heloc-vs-refinance-vs-renovation","Comparison / calculator brief","P1","Retain","current SERP / first-party directional","unavailable-not-zero","","","","","","","","not observed in fresh visible GSC query sample; unavailable-not-zero","HELOC vs refinance for renovations","cluster-primary SERP; not claimed as exact-query rank","https://www.canada.ca/en/financial-consumer-agency/services/mortgages/home-equity-line-credit.html | https://www.canada.ca/en/financial-consumer-agency/services/mortgages/borrow-home-equity.html | https://www.equitablebank.ca/docs/default-source/alternative-mortgages-library/feature-sheets/heloc-product-specifications-june2024.pdf?sfvrsn=9f305c7_5","2026-07-20","directional","SERP-HELOC-EQUITY;KP-UNAVAILABLE","Supports HELOC vs refinance vs renovation financing; Sole cross-option equity comparison owner; service pages answer provider/qualification intent."
"KW-130","HELOC vs home equity loan Canada","heloc vs home equity loan canada","heloc-equity","HELOC / home equity","Homeowner seeking revolving or lump-sum access to accumulated home equity","Renovation, consolidation, investment, emergency, or flexible liquidity","L3","evaluation-planning-comparison","","commercial-comparison","Canada with Ontario application","equity-comparison","/resources/heloc-vs-refinance-vs-renovation","Comparison / calculator brief","P1","Retain","current SERP / first-party directional","unavailable-not-zero","","","","","","","","not observed in fresh visible GSC query sample; unavailable-not-zero","HELOC vs refinance for renovations","cluster-primary SERP; not claimed as exact-query rank","https://www.canada.ca/en/financial-consumer-agency/services/mortgages/home-equity-line-credit.html | https://www.canada.ca/en/financial-consumer-agency/services/mortgages/borrow-home-equity.html | https://www.equitablebank.ca/docs/default-source/alternative-mortgages-library/feature-sheets/heloc-product-specifications-june2024.pdf?sfvrsn=9f305c7_5","2026-07-20","directional","SERP-HELOC-EQUITY;KP-UNAVAILABLE","Supports HELOC vs refinance vs renovation financing; Sole cross-option equity comparison owner; service pages answer provider/qualification intent."
"KW-131","HELOC vs second mortgage Ontario","heloc vs second mortgage ontario","heloc-equity","HELOC / home equity","Homeowner seeking revolving or lump-sum access to accumulated home equity","Renovation, consolidation, investment, emergency, or flexible liquidity","L3","evaluation-planning-comparison","","commercial-comparison","Ontario","equity-comparison","/resources/heloc-vs-refinance-vs-renovation","Comparison / calculator brief","P1","Retain","current SERP / first-party directional","unavailable-not-zero","","","","","","","","not observed in fresh visible GSC query sample; unavailable-not-zero","HELOC vs refinance for renovations","cluster-primary SERP; not claimed as exact-query rank","https://www.canada.ca/en/financial-consumer-agency/services/mortgages/home-equity-line-credit.html | https://www.canada.ca/en/financial-consumer-agency/services/mortgages/borrow-home-equity.html | https://www.equitablebank.ca/docs/default-source/alternative-mortgages-library/feature-sheets/heloc-product-specifications-june2024.pdf?sfvrsn=9f305c7_5","2026-07-20","directional","SERP-HELOC-EQUITY;KP-UNAVAILABLE","Supports HELOC vs refinance vs renovation financing; Sole cross-option equity comparison owner; service pages answer provider/qualification intent."
"KW-132","HELOC vs personal line of credit","heloc vs personal line of credit","heloc-equity","HELOC / home equity","Homeowner seeking revolving or lump-sum access to accumulated home equity","Renovation, consolidation, investment, emergency, or flexible liquidity","L3","evaluation-planning-comparison","","commercial-comparison","Ontario","equity-comparison","/resources/heloc-vs-refinance-vs-renovation","Comparison / calculator brief","P1","Retain","current SERP / first-party directional","unavailable-not-zero","","","","","","","","not observed in fresh visible GSC query sample; unavailable-not-zero","HELOC vs refinance for renovations","cluster-primary SERP; not claimed as exact-query rank","https://www.canada.ca/en/financial-consumer-agency/services/mortgages/home-equity-line-credit.html | https://www.canada.ca/en/financial-consumer-agency/services/mortgages/borrow-home-equity.html | https://www.equitablebank.ca/docs/default-source/alternative-mortgages-library/feature-sheets/heloc-product-specifications-june2024.pdf?sfvrsn=9f305c7_5","2026-07-20","directional","SERP-HELOC-EQUITY;KP-UNAVAILABLE","Supports HELOC vs refinance vs renovation financing; Sole cross-option equity comparison owner; service pages answer provider/qualification intent."
"KW-133","HELOC lender Ontario","heloc lender ontario","heloc-equity","HELOC / home equity","Homeowner seeking revolving or lump-sum access to accumulated home equity","Renovation, consolidation, investment, emergency, or flexible liquidity","L4","qualification-commercial-investigation","","commercial-investigation","Ontario","heloc-service","/borrowers/heloc","Service page","P1","Retain","current SERP / first-party directional","unavailable-not-zero","","","","","","","","not observed in fresh visible GSC query sample; unavailable-not-zero","HELOC lender Ontario","cluster-primary SERP; not claimed as exact-query rank","https://www.canada.ca/en/financial-consumer-agency/services/mortgages/home-equity-line-credit.html | https://www.canada.ca/en/financial-consumer-agency/services/mortgages/borrow-home-equity.html | https://www.equitablebank.ca/docs/default-source/alternative-mortgages-library/feature-sheets/heloc-product-specifications-june2024.pdf?sfvrsn=9f305c7_5","2026-07-20","directional","SERP-HELOC-EQUITY;KP-UNAVAILABLE","Supports HELOC / home-equity financing; Owns HELOC/home-equity commercial intent; urgent bad-credit second-mortgage variants link to private rather than spawning duplicates."
"KW-134","home equity loan broker Ontario","home equity loan broker ontario","heloc-equity","HELOC / home equity","Homeowner seeking revolving or lump-sum access to accumulated home equity","Renovation, consolidation, investment, emergency, or flexible liquidity","L4","qualification-commercial-investigation","","commercial-investigation","Ontario","heloc-service","/borrowers/heloc","Service page","P1","Retain","current SERP / first-party directional","unavailable-not-zero","","","","","","","","not observed in fresh visible GSC query sample; unavailable-not-zero","HELOC lender Ontario","cluster-primary SERP; not claimed as exact-query rank","https://www.canada.ca/en/financial-consumer-agency/services/mortgages/home-equity-line-credit.html | https://www.canada.ca/en/financial-consumer-agency/services/mortgages/borrow-home-equity.html | https://www.equitablebank.ca/docs/default-source/alternative-mortgages-library/feature-sheets/heloc-product-specifications-june2024.pdf?sfvrsn=9f305c7_5","2026-07-20","directional","SERP-HELOC-EQUITY;KP-UNAVAILABLE","Supports HELOC / home-equity financing; Owns HELOC/home-equity commercial intent; urgent bad-credit second-mortgage variants link to private rather than spawning duplicates."
"KW-135","apply for HELOC Ontario","apply for heloc ontario","heloc-equity","HELOC / home equity","Homeowner seeking revolving or lump-sum access to accumulated home equity","Renovation, consolidation, investment, emergency, or flexible liquidity","L4","qualification-commercial-investigation","","commercial-investigation","Ontario","heloc-service","/borrowers/heloc","Service page","P1","Retain","current SERP / first-party directional","unavailable-not-zero","","","","","","","","not observed in fresh visible GSC query sample; unavailable-not-zero","HELOC lender Ontario","cluster-primary SERP; not claimed as exact-query rank","https://www.canada.ca/en/financial-consumer-agency/services/mortgages/home-equity-line-credit.html | https://www.canada.ca/en/financial-consumer-agency/services/mortgages/borrow-home-equity.html | https://www.equitablebank.ca/docs/default-source/alternative-mortgages-library/feature-sheets/heloc-product-specifications-june2024.pdf?sfvrsn=9f305c7_5","2026-07-20","directional","SERP-HELOC-EQUITY;KP-UNAVAILABLE","Supports HELOC / home-equity financing; Owns HELOC/home-equity commercial intent; urgent bad-credit second-mortgage variants link to private rather than spawning duplicates."
"KW-136","HELOC rates and fees Ontario","heloc rates and fees ontario","heloc-equity","HELOC / home equity","Homeowner seeking revolving or lump-sum access to accumulated home equity","Renovation, consolidation, investment, emergency, or flexible liquidity","L4","qualification-commercial-investigation","","commercial-investigation","Ontario","heloc-service","/borrowers/heloc","Service page","P1","Retain","current SERP / first-party directional","unavailable-not-zero","","","","","","","","not observed in fresh visible GSC query sample; unavailable-not-zero","HELOC lender Ontario","cluster-primary SERP; not claimed as exact-query rank","https://www.canada.ca/en/financial-consumer-agency/services/mortgages/home-equity-line-credit.html | https://www.canada.ca/en/financial-consumer-agency/services/mortgages/borrow-home-equity.html | https://www.equitablebank.ca/docs/default-source/alternative-mortgages-library/feature-sheets/heloc-product-specifications-june2024.pdf?sfvrsn=9f305c7_5","2026-07-20","directional","SERP-HELOC-EQUITY;KP-UNAVAILABLE","Supports HELOC / home-equity financing; Owns HELOC/home-equity commercial intent; urgent bad-credit second-mortgage variants link to private rather than spawning duplicates."
"KW-137","urgent home equity loan Ontario","urgent home equity loan ontario","heloc-equity","HELOC / home equity","Homeowner seeking revolving or lump-sum access to accumulated home equity","Renovation, consolidation, investment, emergency, or flexible liquidity","L5","transaction-urgency-rescue","L4","transactional-urgent","Ontario","heloc-service","/borrowers/heloc","Service page","P1","Retain","current SERP / first-party directional","unavailable-not-zero","","","","","","","","not observed in fresh visible GSC query sample; unavailable-not-zero","HELOC lender Ontario","cluster-primary SERP; not claimed as exact-query rank","https://www.canada.ca/en/financial-consumer-agency/services/mortgages/home-equity-line-credit.html | https://www.canada.ca/en/financial-consumer-agency/services/mortgages/borrow-home-equity.html | https://www.equitablebank.ca/docs/default-source/alternative-mortgages-library/feature-sheets/heloc-product-specifications-june2024.pdf?sfvrsn=9f305c7_5","2026-07-20","directional","SERP-HELOC-EQUITY;KP-UNAVAILABLE","Supports HELOC / home-equity financing; Owns HELOC/home-equity commercial intent; urgent bad-credit second-mortgage variants link to private rather than spawning duplicates."
"KW-138","HELOC declined by bank options","heloc declined by bank options","heloc-equity","HELOC / home equity","Homeowner seeking revolving or lump-sum access to accumulated home equity","Renovation, consolidation, investment, emergency, or flexible liquidity","L5","transaction-urgency-rescue","L4","transactional-urgent","Ontario","heloc-service","/borrowers/heloc","Service page","P1","Retain","current SERP / first-party directional","unavailable-not-zero","","","","","","","","not observed in fresh visible GSC query sample; unavailable-not-zero","HELOC lender Ontario","cluster-primary SERP; not claimed as exact-query rank","https://www.canada.ca/en/financial-consumer-agency/services/mortgages/home-equity-line-credit.html | https://www.canada.ca/en/financial-consumer-agency/services/mortgages/borrow-home-equity.html | https://www.equitablebank.ca/docs/default-source/alternative-mortgages-library/feature-sheets/heloc-product-specifications-june2024.pdf?sfvrsn=9f305c7_5","2026-07-20","directional","SERP-HELOC-EQUITY;KP-UNAVAILABLE","Supports HELOC / home-equity financing; Owns HELOC/home-equity commercial intent; urgent bad-credit second-mortgage variants link to private rather than spawning duplicates."
"KW-139","home equity loan with bad credit Ontario","home equity loan with bad credit ontario","heloc-equity","HELOC / home equity","Homeowner seeking revolving or lump-sum access to accumulated home equity","Renovation, consolidation, investment, emergency, or flexible liquidity","L5","transaction-urgency-rescue","L4","transactional-urgent","Ontario","heloc-service","/borrowers/heloc","Service page","P1","Retain","current SERP / first-party directional","unavailable-not-zero","","","","","","","","not observed in fresh visible GSC query sample; unavailable-not-zero","HELOC lender Ontario","cluster-primary SERP; not claimed as exact-query rank","https://www.canada.ca/en/financial-consumer-agency/services/mortgages/home-equity-line-credit.html | https://www.canada.ca/en/financial-consumer-agency/services/mortgages/borrow-home-equity.html | https://www.equitablebank.ca/docs/default-source/alternative-mortgages-library/feature-sheets/heloc-product-specifications-june2024.pdf?sfvrsn=9f305c7_5","2026-07-20","directional","SERP-HELOC-EQUITY;KP-UNAVAILABLE","Supports HELOC / home-equity financing; Owns HELOC/home-equity commercial intent; urgent bad-credit second-mortgage variants link to private rather than spawning duplicates."
"KW-140","fast second mortgage using home equity","fast second mortgage using home equity","heloc-equity","HELOC / home equity","Homeowner seeking revolving or lump-sum access to accumulated home equity","Renovation, consolidation, investment, emergency, or flexible liquidity","L5","transaction-urgency-rescue","L4","transactional-urgent","Ontario","heloc-service","/borrowers/heloc","Service page","P1","Retain","current SERP / first-party directional","unavailable-not-zero","","","","","","","","not observed in fresh visible GSC query sample; unavailable-not-zero","HELOC lender Ontario","cluster-primary SERP; not claimed as exact-query rank","https://www.canada.ca/en/financial-consumer-agency/services/mortgages/home-equity-line-credit.html | https://www.canada.ca/en/financial-consumer-agency/services/mortgages/borrow-home-equity.html | https://www.equitablebank.ca/docs/default-source/alternative-mortgages-library/feature-sheets/heloc-product-specifications-june2024.pdf?sfvrsn=9f305c7_5","2026-07-20","directional","SERP-HELOC-EQUITY;KP-UNAVAILABLE","Supports HELOC / home-equity financing; Owns HELOC/home-equity commercial intent; urgent bad-credit second-mortgage variants link to private rather than spawning duplicates."
"KW-141","why was my mortgage declined Ontario","why was my mortgage declined ontario","rescue","Bank-declined / rescue borrowers","Borrower facing a decline, arrears, maturity, closing shortfall, or power-of-sale risk","Immediate financing failure or enforcement deadline","L1","awareness-education","","informational","Ontario","rescue-guide","/resources/mortgage-declined-ontario","Triage guide","P0","Retain","current SERP / first-party directional","unavailable-not-zero","","","","","","","","not observed in fresh visible GSC query sample; unavailable-not-zero","mortgage declined Ontario options","cluster-primary SERP; not claimed as exact-query rank","https://www.fsrao.ca/consumers/how-fsra-protects-consumers/mortgage-brokering/what-could-happen-if-you-dont-leave-a-private-mortgage | https://www.ontario.ca/laws/statute/90m40 | https://powerofsalesontario.ca/stop-power-of-sale-in-ontario/","2026-07-20","directional","SERP-RESCUE;KP-UNAVAILABLE","Supports Mortgage declined in Ontario: recovery plan; Educational triage owner only; all commercial “private lender” intent belongs to the existing private service."
"KW-142","what happens after a mortgage decline","what happens after a mortgage decline","rescue","Bank-declined / rescue borrowers","Borrower facing a decline, arrears, maturity, closing shortfall, or power-of-sale risk","Immediate financing failure or enforcement deadline","L1","awareness-education","","informational","Ontario","rescue-guide","/resources/mortgage-declined-ontario","Triage guide","P0","Retain","current SERP / first-party directional","unavailable-not-zero","","","","","","","","not observed in fresh visible GSC query sample; unavailable-not-zero","mortgage declined Ontario options","cluster-primary SERP; not claimed as exact-query rank","https://www.fsrao.ca/consumers/how-fsra-protects-consumers/mortgage-brokering/what-could-happen-if-you-dont-leave-a-private-mortgage | https://www.ontario.ca/laws/statute/90m40 | https://powerofsalesontario.ca/stop-power-of-sale-in-ontario/","2026-07-20","directional","SERP-RESCUE;KP-UNAVAILABLE","Supports Mortgage declined in Ontario: recovery plan; Educational triage owner only; all commercial “private lender” intent belongs to the existing private service."
"KW-143","mortgage arrears options Ontario","mortgage arrears options ontario","rescue","Bank-declined / rescue borrowers","Borrower facing a decline, arrears, maturity, closing shortfall, or power-of-sale risk","Immediate financing failure or enforcement deadline","L1","awareness-education","","informational","Ontario","rescue-guide","/resources/mortgage-declined-ontario","Triage guide","P0","Retain","current SERP / first-party directional","unavailable-not-zero","","","","","","","","not observed in fresh visible GSC query sample; unavailable-not-zero","mortgage declined Ontario options","cluster-primary SERP; not claimed as exact-query rank","https://www.fsrao.ca/consumers/how-fsra-protects-consumers/mortgage-brokering/what-could-happen-if-you-dont-leave-a-private-mortgage | https://www.ontario.ca/laws/statute/90m40 | https://powerofsalesontario.ca/stop-power-of-sale-in-ontario/","2026-07-20","directional","SERP-RESCUE;KP-UNAVAILABLE","Supports Mortgage declined in Ontario: recovery plan; Educational triage owner only; all commercial “private lender” intent belongs to the existing private service."
"KW-144","power of sale process Ontario homeowner","power of sale process ontario homeowner","rescue","Bank-declined / rescue borrowers","Borrower facing a decline, arrears, maturity, closing shortfall, or power-of-sale risk","Immediate financing failure or enforcement deadline","L1","awareness-education","","informational","Ontario","rescue-legal","/resources/power-of-sale-options-ontario","Legal-reviewed guide","Hold","Retain","current SERP / first-party directional","unavailable-not-zero","","","","","","","","not observed in fresh visible GSC query sample; unavailable-not-zero","options before power of sale Ontario","cluster-primary SERP; not claimed as exact-query rank","https://www.fsrao.ca/consumers/how-fsra-protects-consumers/mortgage-brokering/what-could-happen-if-you-dont-leave-a-private-mortgage | https://www.ontario.ca/laws/statute/90m40 | https://powerofsalesontario.ca/stop-power-of-sale-in-ontario/","2026-07-20","directional","SERP-RESCUE;KP-UNAVAILABLE","Supports Power-of-sale options guide; Legal/enforcement intent only. Requires Ontario-law review and must never promise to “stop” enforcement."
"KW-145","can I get a mortgage after bank decline","can i get a mortgage after bank decline","rescue","Bank-declined / rescue borrowers","Borrower facing a decline, arrears, maturity, closing shortfall, or power-of-sale risk","Immediate financing failure or enforcement deadline","L2","problem-project-feasibility","","informational-feasibility","Ontario","rescue-guide","/resources/mortgage-declined-ontario","Triage guide","P0","Retain","current SERP / first-party directional","unavailable-not-zero","","","","","","","","not observed in fresh visible GSC query sample; unavailable-not-zero","mortgage declined Ontario options","cluster-primary SERP; not claimed as exact-query rank","https://www.fsrao.ca/consumers/how-fsra-protects-consumers/mortgage-brokering/what-could-happen-if-you-dont-leave-a-private-mortgage | https://www.ontario.ca/laws/statute/90m40 | https://powerofsalesontario.ca/stop-power-of-sale-in-ontario/","2026-07-20","directional","SERP-RESCUE;KP-UNAVAILABLE","Supports Mortgage declined in Ontario: recovery plan; Educational triage owner only; all commercial “private lender” intent belongs to the existing private service."
"KW-146","how to stop mortgage arrears getting worse","how to stop mortgage arrears getting worse","rescue","Bank-declined / rescue borrowers","Borrower facing a decline, arrears, maturity, closing shortfall, or power-of-sale risk","Immediate financing failure or enforcement deadline","L2","problem-project-feasibility","","informational-feasibility","Ontario","rescue-guide","/resources/mortgage-declined-ontario","Triage guide","P0","Retain","current SERP / first-party directional","unavailable-not-zero","","","","","","","","not observed in fresh visible GSC query sample; unavailable-not-zero","mortgage declined Ontario options","cluster-primary SERP; not claimed as exact-query rank","https://www.fsrao.ca/consumers/how-fsra-protects-consumers/mortgage-brokering/what-could-happen-if-you-dont-leave-a-private-mortgage | https://www.ontario.ca/laws/statute/90m40 | https://powerofsalesontario.ca/stop-power-of-sale-in-ontario/","2026-07-20","directional","SERP-RESCUE;KP-UNAVAILABLE","Supports Mortgage declined in Ontario: recovery plan; Educational triage owner only; all commercial “private lender” intent belongs to the existing private service."
"KW-147","equity needed for rescue mortgage Ontario","equity needed for rescue mortgage ontario","rescue","Bank-declined / rescue borrowers","Borrower facing a decline, arrears, maturity, closing shortfall, or power-of-sale risk","Immediate financing failure or enforcement deadline","L2","problem-project-feasibility","","informational-feasibility","Ontario","rescue-guide","/resources/mortgage-declined-ontario","Triage guide","P0","Retain","current SERP / first-party directional","unavailable-not-zero","","","","","","","","not observed in fresh visible GSC query sample; unavailable-not-zero","mortgage declined Ontario options","cluster-primary SERP; not claimed as exact-query rank","https://www.fsrao.ca/consumers/how-fsra-protects-consumers/mortgage-brokering/what-could-happen-if-you-dont-leave-a-private-mortgage | https://www.ontario.ca/laws/statute/90m40 | https://powerofsalesontario.ca/stop-power-of-sale-in-ontario/","2026-07-20","directional","SERP-RESCUE;KP-UNAVAILABLE","Supports Mortgage declined in Ontario: recovery plan; Educational triage owner only; all commercial “private lender” intent belongs to the existing private service."
"KW-148","options before power of sale Ontario","options before power of sale ontario","rescue","Bank-declined / rescue borrowers","Borrower facing a decline, arrears, maturity, closing shortfall, or power-of-sale risk","Immediate financing failure or enforcement deadline","L2","problem-project-feasibility","","informational-feasibility","Ontario","rescue-legal","/resources/power-of-sale-options-ontario","Legal-reviewed guide","Hold","Retain","current SERP / first-party directional","unavailable-not-zero","","","","","","","","not observed in fresh visible GSC query sample; unavailable-not-zero","options before power of sale Ontario","cluster-primary SERP; not claimed as exact-query rank","https://www.fsrao.ca/consumers/how-fsra-protects-consumers/mortgage-brokering/what-could-happen-if-you-dont-leave-a-private-mortgage | https://www.ontario.ca/laws/statute/90m40 | https://powerofsalesontario.ca/stop-power-of-sale-in-ontario/","2026-07-20","directional","SERP-RESCUE;KP-UNAVAILABLE","Supports Power-of-sale options guide; Legal/enforcement intent only. Requires Ontario-law review and must never promise to “stop” enforcement."
"KW-149","B lender vs private lender after decline","b lender vs private lender after decline","rescue","Bank-declined / rescue borrowers","Borrower facing a decline, arrears, maturity, closing shortfall, or power-of-sale risk","Immediate financing failure or enforcement deadline","L3","evaluation-planning-comparison","","commercial-comparison","Ontario","rescue-guide","/resources/mortgage-declined-ontario","Triage guide","P0","Retain","current SERP / first-party directional","unavailable-not-zero","","","","","","","","not observed in fresh visible GSC query sample; unavailable-not-zero","mortgage declined Ontario options","cluster-primary SERP; not claimed as exact-query rank","https://www.fsrao.ca/consumers/how-fsra-protects-consumers/mortgage-brokering/what-could-happen-if-you-dont-leave-a-private-mortgage | https://www.ontario.ca/laws/statute/90m40 | https://powerofsalesontario.ca/stop-power-of-sale-in-ontario/","2026-07-20","directional","SERP-RESCUE;KP-UNAVAILABLE","Supports Mortgage declined in Ontario: recovery plan; Educational triage owner only; all commercial “private lender” intent belongs to the existing private service."
"KW-150","refinance vs private mortgage for arrears","refinance vs private mortgage for arrears","rescue","Bank-declined / rescue borrowers","Borrower facing a decline, arrears, maturity, closing shortfall, or power-of-sale risk","Immediate financing failure or enforcement deadline","L3","evaluation-planning-comparison","","commercial-comparison","Ontario","rescue-guide","/resources/mortgage-declined-ontario","Triage guide","P0","Retain","current SERP / first-party directional","unavailable-not-zero","","","","","","","","not observed in fresh visible GSC query sample; unavailable-not-zero","mortgage declined Ontario options","cluster-primary SERP; not claimed as exact-query rank","https://www.fsrao.ca/consumers/how-fsra-protects-consumers/mortgage-brokering/what-could-happen-if-you-dont-leave-a-private-mortgage | https://www.ontario.ca/laws/statute/90m40 | https://powerofsalesontario.ca/stop-power-of-sale-in-ontario/","2026-07-20","directional","SERP-RESCUE;KP-UNAVAILABLE","Supports Mortgage declined in Ontario: recovery plan; Educational triage owner only; all commercial “private lender” intent belongs to the existing private service."
"KW-151","consumer proposal mortgage options Ontario","consumer proposal mortgage options ontario","rescue","Bank-declined / rescue borrowers","Borrower facing a decline, arrears, maturity, closing shortfall, or power-of-sale risk","Immediate financing failure or enforcement deadline","L3","evaluation-planning-comparison","","commercial-comparison","Ontario","rescue-guide","/resources/mortgage-declined-ontario","Triage guide","P0","Retain","current SERP / first-party directional","unavailable-not-zero","","","","","","","","not observed in fresh visible GSC query sample; unavailable-not-zero","mortgage declined Ontario options","cluster-primary SERP; not claimed as exact-query rank","https://www.fsrao.ca/consumers/how-fsra-protects-consumers/mortgage-brokering/what-could-happen-if-you-dont-leave-a-private-mortgage | https://www.ontario.ca/laws/statute/90m40 | https://powerofsalesontario.ca/stop-power-of-sale-in-ontario/","2026-07-20","directional","SERP-RESCUE;KP-UNAVAILABLE","Supports Mortgage declined in Ontario: recovery plan; Educational triage owner only; all commercial “private lender” intent belongs to the existing private service."
"KW-152","sell home vs refinance mortgage arrears","sell home vs refinance mortgage arrears","rescue","Bank-declined / rescue borrowers","Borrower facing a decline, arrears, maturity, closing shortfall, or power-of-sale risk","Immediate financing failure or enforcement deadline","L3","evaluation-planning-comparison","","commercial-comparison","Ontario","rescue-guide","/resources/mortgage-declined-ontario","Triage guide","P0","Retain","current SERP / first-party directional","unavailable-not-zero","","","","","","","","not observed in fresh visible GSC query sample; unavailable-not-zero","mortgage declined Ontario options","cluster-primary SERP; not claimed as exact-query rank","https://www.fsrao.ca/consumers/how-fsra-protects-consumers/mortgage-brokering/what-could-happen-if-you-dont-leave-a-private-mortgage | https://www.ontario.ca/laws/statute/90m40 | https://powerofsalesontario.ca/stop-power-of-sale-in-ontario/","2026-07-20","directional","SERP-RESCUE;KP-UNAVAILABLE","Supports Mortgage declined in Ontario: recovery plan; Educational triage owner only; all commercial “private lender” intent belongs to the existing private service."
"KW-153","mortgage declined broker Ontario","mortgage declined broker ontario","rescue","Bank-declined / rescue borrowers","Borrower facing a decline, arrears, maturity, closing shortfall, or power-of-sale risk","Immediate financing failure or enforcement deadline","L4","qualification-commercial-investigation","","commercial-investigation","Ontario","rescue-guide","/resources/mortgage-declined-ontario","Triage guide","P0","Retain","current SERP / first-party directional","unavailable-not-zero","","","","","","","","not observed in fresh visible GSC query sample; unavailable-not-zero","mortgage declined Ontario options","cluster-primary SERP; not claimed as exact-query rank","https://www.fsrao.ca/consumers/how-fsra-protects-consumers/mortgage-brokering/what-could-happen-if-you-dont-leave-a-private-mortgage | https://www.ontario.ca/laws/statute/90m40 | https://powerofsalesontario.ca/stop-power-of-sale-in-ontario/","2026-07-20","directional","SERP-RESCUE;KP-UNAVAILABLE","Supports Mortgage declined in Ontario: recovery plan; Educational triage owner only; all commercial “private lender” intent belongs to the existing private service."
"KW-154","rescue mortgage lender Ontario","rescue mortgage lender ontario","rescue","Bank-declined / rescue borrowers","Borrower facing a decline, arrears, maturity, closing shortfall, or power-of-sale risk","Immediate financing failure or enforcement deadline","L4","qualification-commercial-investigation","","commercial-investigation","Ontario","private-service","/borrowers/private-mortgage-financing","Service / urgent assessment page","P0","Retain","current SERP / first-party directional","unavailable-not-zero","","","","","","","","not observed in fresh visible GSC query sample; unavailable-not-zero","private mortgage lenders Ontario","cluster-primary SERP; not claimed as exact-query rank","https://www.fsrao.ca/consumers/how-fsra-protects-consumers/mortgage-brokering/what-could-happen-if-you-dont-leave-a-private-mortgage | https://www.ontario.ca/laws/statute/90m40 | https://powerofsalesontario.ca/stop-power-of-sale-in-ontario/","2026-07-20","directional","SERP-RESCUE;KP-UNAVAILABLE","Supports Private mortgage financing; Single commercial owner for private and urgent bank-declined intent; rescue guide educates and triages, never duplicates the service pitch."
"KW-155","mortgage arrears refinancing Ontario","mortgage arrears refinancing ontario","rescue","Bank-declined / rescue borrowers","Borrower facing a decline, arrears, maturity, closing shortfall, or power-of-sale risk","Immediate financing failure or enforcement deadline","L4","qualification-commercial-investigation","","commercial-investigation","Ontario","private-service","/borrowers/private-mortgage-financing","Service / urgent assessment page","P0","Retain","current SERP / first-party directional","unavailable-not-zero","","","","","","","","not observed in fresh visible GSC query sample; unavailable-not-zero","private mortgage lenders Ontario","cluster-primary SERP; not claimed as exact-query rank","https://www.fsrao.ca/consumers/how-fsra-protects-consumers/mortgage-brokering/what-could-happen-if-you-dont-leave-a-private-mortgage | https://www.ontario.ca/laws/statute/90m40 | https://powerofsalesontario.ca/stop-power-of-sale-in-ontario/","2026-07-20","directional","SERP-RESCUE;KP-UNAVAILABLE","Supports Private mortgage financing; Single commercial owner for private and urgent bank-declined intent; rescue guide educates and triages, never duplicates the service pitch."
"KW-156","private lender after bank decline Ontario","private lender after bank decline ontario","rescue","Bank-declined / rescue borrowers","Borrower facing a decline, arrears, maturity, closing shortfall, or power-of-sale risk","Immediate financing failure or enforcement deadline","L4","qualification-commercial-investigation","","commercial-investigation","Ontario","private-service","/borrowers/private-mortgage-financing","Service / urgent assessment page","P0","Retain","current SERP / first-party directional","unavailable-not-zero","","","","","","","","not observed in fresh visible GSC query sample; unavailable-not-zero","private mortgage lenders Ontario","cluster-primary SERP; not claimed as exact-query rank","https://www.fsrao.ca/consumers/how-fsra-protects-consumers/mortgage-brokering/what-could-happen-if-you-dont-leave-a-private-mortgage | https://www.ontario.ca/laws/statute/90m40 | https://powerofsalesontario.ca/stop-power-of-sale-in-ontario/","2026-07-20","directional","SERP-RESCUE;KP-UNAVAILABLE","Supports Private mortgage financing; Single commercial owner for private and urgent bank-declined intent; rescue guide educates and triages, never duplicates the service pitch."
"KW-157","urgent mortgage rescue Ontario","urgent mortgage rescue ontario","rescue","Bank-declined / rescue borrowers","Borrower facing a decline, arrears, maturity, closing shortfall, or power-of-sale risk","Immediate financing failure or enforcement deadline","L5","transaction-urgency-rescue","L4","transactional-urgent","Ontario","private-service","/borrowers/private-mortgage-financing","Service / urgent assessment page","P0","Retain","current SERP / first-party directional","unavailable-not-zero","","","","","","","","not observed in fresh visible GSC query sample; unavailable-not-zero","private mortgage lenders Ontario","cluster-primary SERP; not claimed as exact-query rank","https://www.fsrao.ca/consumers/how-fsra-protects-consumers/mortgage-brokering/what-could-happen-if-you-dont-leave-a-private-mortgage | https://www.ontario.ca/laws/statute/90m40 | https://powerofsalesontario.ca/stop-power-of-sale-in-ontario/","2026-07-20","directional","SERP-RESCUE;KP-UNAVAILABLE","Supports Private mortgage financing; Single commercial owner for private and urgent bank-declined intent; rescue guide educates and triages, never duplicates the service pitch."
"KW-158","stop power of sale financing Ontario","stop power of sale financing ontario","rescue","Bank-declined / rescue borrowers","Borrower facing a decline, arrears, maturity, closing shortfall, or power-of-sale risk","Immediate financing failure or enforcement deadline","L5","transaction-urgency-rescue","L4","transactional-urgent","Ontario","rescue-legal","/resources/power-of-sale-options-ontario","Legal-reviewed guide","Hold","Retain","current SERP / first-party directional","unavailable-not-zero","","","","","","","","not observed in fresh visible GSC query sample; unavailable-not-zero","options before power of sale Ontario","cluster-primary SERP; not claimed as exact-query rank","https://www.fsrao.ca/consumers/how-fsra-protects-consumers/mortgage-brokering/what-could-happen-if-you-dont-leave-a-private-mortgage | https://www.ontario.ca/laws/statute/90m40 | https://powerofsalesontario.ca/stop-power-of-sale-in-ontario/","2026-07-20","directional","SERP-RESCUE;KP-UNAVAILABLE","Supports Power-of-sale options guide; Legal/enforcement intent only. Requires Ontario-law review and must never promise to “stop” enforcement."
"KW-159","mortgage maturity default help Ontario","mortgage maturity default help ontario","rescue","Bank-declined / rescue borrowers","Borrower facing a decline, arrears, maturity, closing shortfall, or power-of-sale risk","Immediate financing failure or enforcement deadline","L5","transaction-urgency-rescue","L4","transactional-urgent","Ontario","private-service","/borrowers/private-mortgage-financing","Service / urgent assessment page","P0","Retain","current SERP / first-party directional","unavailable-not-zero","","","","","","","","not observed in fresh visible GSC query sample; unavailable-not-zero","private mortgage lenders Ontario","cluster-primary SERP; not claimed as exact-query rank","https://www.fsrao.ca/consumers/how-fsra-protects-consumers/mortgage-brokering/what-could-happen-if-you-dont-leave-a-private-mortgage | https://www.ontario.ca/laws/statute/90m40 | https://powerofsalesontario.ca/stop-power-of-sale-in-ontario/","2026-07-20","directional","SERP-RESCUE;KP-UNAVAILABLE","Supports Private mortgage financing; Single commercial owner for private and urgent bank-declined intent; rescue guide educates and triages, never duplicates the service pitch."
"KW-160","closing tomorrow mortgage declined Ontario","closing tomorrow mortgage declined ontario","rescue","Bank-declined / rescue borrowers","Borrower facing a decline, arrears, maturity, closing shortfall, or power-of-sale risk","Immediate financing failure or enforcement deadline","L5","transaction-urgency-rescue","L4","transactional-urgent","Ontario","private-service","/borrowers/private-mortgage-financing","Service / urgent assessment page","P0","Retain","current SERP / first-party directional","unavailable-not-zero","","","","","","","","not observed in fresh visible GSC query sample; unavailable-not-zero","private mortgage lenders Ontario","cluster-primary SERP; not claimed as exact-query rank","https://www.fsrao.ca/consumers/how-fsra-protects-consumers/mortgage-brokering/what-could-happen-if-you-dont-leave-a-private-mortgage | https://www.ontario.ca/laws/statute/90m40 | https://powerofsalesontario.ca/stop-power-of-sale-in-ontario/","2026-07-20","directional","SERP-RESCUE;KP-UNAVAILABLE","Supports Private mortgage financing; Single commercial owner for private and urgent bank-declined intent; rescue guide educates and triages, never duplicates the service pitch."
