id,serviceId,serviceName,query,normalizedQuery,clusterId,persona,financingTrigger,lifecycleStage,funnelHeadline,funnelStage,geography,intent,relevanceDisposition,dataStatus,monthlySearches,trendSeasonality,cpc,paidCompetition,difficulty,gscClicks,gscImpressions,gscCtr,gscPosition,answerSocratesObserved,serpValidated,observedAt,leadCaptureScore,authorityBuildScore,confidence,recommendedPageType,targetPath,sourceObservationRefs,evidenceNote
KW-001,residential-mortgages,Residential Mortgages,how do mortgages work in Ontario,how do mortgages work in ontario,residential-mortgages-awareness-education,Ontario homeowner or homebuyer,"purchase, first home, or equity access",awareness-education,Research,awareness-education,Ontario; Toronto/GTA where explicit,informational,retain,unavailable-not-zero,,Unavailable at query level,Unavailable,Unavailable,Unavailable,,,,,no,representative-serp,2026-07-19,20,92,directional,guide-or-tool,/borrowers/residential-mortgage-financing,landing-page-inventory|serp-residential-mortgages,"No fresh volume/CPC/KD available; blank means unknown, not zero."
KW-002,residential-mortgages,Residential Mortgages,mortgage on residential property,mortgage on residential property,residential-mortgages-awareness-education,Ontario homeowner or homebuyer,"purchase, first home, or equity access",awareness-education,Research,awareness-education,Ontario; Toronto/GTA where explicit,informational,retain,unavailable-not-zero,,Unavailable at query level,Unavailable,Unavailable,Unavailable,,,,,yes,representative-serp,2026-07-19,23,95,medium-for-intent-direction,guide-or-tool,/borrowers/residential-mortgage-financing,landing-page-inventory|serp-residential-mortgages|answer-socrates-2026-07-19,"No fresh volume/CPC/KD available; blank means unknown, not zero. Observed in broad Answer Socrates seed; discovery signal only."
KW-003,residential-mortgages,Residential Mortgages,how much mortgage can I afford in Ontario,how much mortgage can i afford in ontario,residential-mortgages-project-feasibility,Ontario homeowner or homebuyer,"purchase, first home, or equity access",project-feasibility,Research,project-feasibility,Ontario; Toronto/GTA where explicit,informational,retain,unavailable-not-zero,,Unavailable at query level,Unavailable,Unavailable,Unavailable,,,,,no,representative-serp,2026-07-19,38,80,directional,guide-or-tool,/borrowers/residential-mortgage-financing,landing-page-inventory|serp-residential-mortgages,"No fresh volume/CPC/KD available; blank means unknown, not zero."
KW-004,residential-mortgages,Residential Mortgages,Ontario mortgage down payment requirements,ontario mortgage down payment requirements,residential-mortgages-project-feasibility,Ontario homeowner or homebuyer,"purchase, first home, or equity access",project-feasibility,Research,project-feasibility,Ontario; Toronto/GTA where explicit,informational,retain,unavailable-not-zero,,Unavailable at query level,Unavailable,Unavailable,Unavailable,,,,,yes,representative-serp,2026-07-19,41,83,medium-for-intent-direction,guide-or-tool,/borrowers/residential-mortgage-financing,landing-page-inventory|serp-residential-mortgages|answer-socrates-2026-07-19,"No fresh volume/CPC/KD available; blank means unknown, not zero. Observed in broad Answer Socrates seed; discovery signal only."
KW-005,residential-mortgages,Residential Mortgages,mortgage broker vs bank Ontario,mortgage broker vs bank ontario,residential-mortgages-planning-comparison,Ontario homeowner or homebuyer,"purchase, first home, or equity access",planning-comparison,Research,planning-comparison,Ontario; Toronto/GTA where explicit,commercial-investigation,retain,unavailable-not-zero,,Unavailable at query level,Unavailable,Unavailable,Unavailable,,,,,no,representative-serp,2026-07-19,55,68,directional,comparison-guide,/borrowers/residential-mortgage-financing,landing-page-inventory|serp-residential-mortgages,"No fresh volume/CPC/KD available; blank means unknown, not zero."
KW-006,residential-mortgages,Residential Mortgages,fixed vs variable mortgage Ontario,fixed vs variable mortgage ontario,residential-mortgages-planning-comparison,Ontario homeowner or homebuyer,"purchase, first home, or equity access",planning-comparison,Research,planning-comparison,Ontario; Toronto/GTA where explicit,commercial-investigation,retain,unavailable-not-zero,,Unavailable at query level,Unavailable,Unavailable,Unavailable,,,,,no,representative-serp,2026-07-19,55,68,directional,comparison-guide,/borrowers/residential-mortgage-financing,landing-page-inventory|serp-residential-mortgages,"No fresh volume/CPC/KD available; blank means unknown, not zero."
KW-007,residential-mortgages,Residential Mortgages,residential mortgage broker Ontario,residential mortgage broker ontario,residential-mortgages-financing-qualification,Ontario homeowner or homebuyer,"purchase, first home, or equity access",financing-qualification,Buying-signal,financing-qualification,Ontario; Toronto/GTA where explicit,transactional,retain,unavailable-not-zero,,Unavailable at query level,Unavailable,Unavailable,Unavailable,,,,,yes,representative-serp,2026-07-19,81,51,medium-for-intent-direction,service-money-page,/borrowers/residential-mortgage-financing,landing-page-inventory|serp-residential-mortgages|answer-socrates-2026-07-19,"No fresh volume/CPC/KD available; blank means unknown, not zero. Observed in broad Answer Socrates seed; discovery signal only."
KW-008,residential-mortgages,Residential Mortgages,mortgage pre approval Ontario,mortgage pre approval ontario,residential-mortgages-financing-qualification,Ontario homeowner or homebuyer,"purchase, first home, or equity access",financing-qualification,Buying-signal,financing-qualification,Ontario; Toronto/GTA where explicit,transactional,retain,unavailable-not-zero,,Unavailable at query level,Unavailable,Unavailable,Unavailable,,,,,no,representative-serp,2026-07-19,78,48,directional,service-money-page,/borrowers/residential-mortgage-financing,landing-page-inventory|serp-residential-mortgages,"No fresh volume/CPC/KD available; blank means unknown, not zero."
KW-009,residential-mortgages,Residential Mortgages,mortgage declined Ontario options,mortgage declined ontario options,residential-mortgages-immediate-transaction-problem,Ontario homeowner or homebuyer,"purchase, first home, or equity access",immediate-transaction-problem,Buying-signal,immediate-transaction-problem,Ontario; Toronto/GTA where explicit,urgent-transactional,retain,unavailable-not-zero,,Unavailable at query level,Unavailable,Unavailable,Unavailable,,,,,no,representative-serp,2026-07-19,94,30,directional,urgent-problem-landing-page,/borrowers/residential-mortgage-financing,landing-page-inventory|serp-residential-mortgages,"No fresh volume/CPC/KD available; blank means unknown, not zero."
KW-010,residential-mortgages,Residential Mortgages,urgent mortgage approval Ontario,urgent mortgage approval ontario,residential-mortgages-immediate-transaction-problem,Ontario homeowner or homebuyer,"purchase, first home, or equity access",immediate-transaction-problem,Buying-signal,immediate-transaction-problem,Ontario; Toronto/GTA where explicit,urgent-transactional,retain,unavailable-not-zero,,Unavailable at query level,Unavailable,Unavailable,Unavailable,,,,,no,representative-serp,2026-07-19,94,30,directional,urgent-problem-landing-page,/borrowers/residential-mortgage-financing,landing-page-inventory|serp-residential-mortgages,"No fresh volume/CPC/KD available; blank means unknown, not zero."
KW-011,private-mortgages,Private Mortgages,what is a private mortgage in Ontario,what is a private mortgage in ontario,private-mortgages-awareness-education,Equity-rich borrower outside bank policy,"bank decline, speed, credit, income, or property complexity",awareness-education,Research,awareness-education,Ontario; Toronto/GTA where explicit,informational,retain,unavailable-not-zero,,Unavailable at query level,Unavailable,Unavailable,Unavailable,,,,,no,representative-serp,2026-07-19,20,92,directional,guide-or-tool,/borrowers/private-mortgage-financing,landing-page-inventory|serp-private-mortgages,"No fresh volume/CPC/KD available; blank means unknown, not zero."
KW-012,private-mortgages,Private Mortgages,how private mortgage lending works Ontario,how private mortgage lending works ontario,private-mortgages-awareness-education,Equity-rich borrower outside bank policy,"bank decline, speed, credit, income, or property complexity",awareness-education,Research,awareness-education,Ontario; Toronto/GTA where explicit,informational,retain,unavailable-not-zero,,Unavailable at query level,Unavailable,Unavailable,Unavailable,,,,,no,representative-serp,2026-07-19,20,92,directional,guide-or-tool,/borrowers/private-mortgage-financing,landing-page-inventory|serp-private-mortgages,"No fresh volume/CPC/KD available; blank means unknown, not zero."
KW-013,private-mortgages,Private Mortgages,private mortgage costs Ontario,private mortgage costs ontario,private-mortgages-project-feasibility,Equity-rich borrower outside bank policy,"bank decline, speed, credit, income, or property complexity",project-feasibility,Research,project-feasibility,Ontario; Toronto/GTA where explicit,informational,retain,unavailable-not-zero,,Unavailable at query level,Unavailable,Unavailable,Unavailable,,,,,no,representative-serp,2026-07-19,38,80,directional,guide-or-tool,/borrowers/private-mortgage-financing,landing-page-inventory|serp-private-mortgages,"No fresh volume/CPC/KD available; blank means unknown, not zero."
KW-014,private-mortgages,Private Mortgages,private mortgage appraisal requirements Ontario,private mortgage appraisal requirements ontario,private-mortgages-project-feasibility,Equity-rich borrower outside bank policy,"bank decline, speed, credit, income, or property complexity",project-feasibility,Research,project-feasibility,Ontario; Toronto/GTA where explicit,informational,retain,observed-first-party-low-sample,,Unavailable at query level,Unavailable,Unavailable,Unavailable,0,2,0%,96.5,no,representative-serp,2026-07-19,42,84,medium-for-intent-direction,guide-or-tool,/borrowers/private-mortgage-financing,landing-page-inventory|serp-private-mortgages|gsc-query-2026-07-19,"Observed query: fair market value appraisal for private lending No fresh volume/CPC/KD available; blank means unknown, not zero. GSC sample covers only four reporting days."
KW-015,private-mortgages,Private Mortgages,private mortgage vs B lender Ontario,private mortgage vs b lender ontario,private-mortgages-planning-comparison,Equity-rich borrower outside bank policy,"bank decline, speed, credit, income, or property complexity",planning-comparison,Research,planning-comparison,Ontario; Toronto/GTA where explicit,commercial-investigation,retain,unavailable-not-zero,,Unavailable at query level,Unavailable,Unavailable,Unavailable,,,,,no,representative-serp,2026-07-19,55,68,directional,comparison-guide,/borrowers/private-mortgage-financing,landing-page-inventory|serp-private-mortgages,"No fresh volume/CPC/KD available; blank means unknown, not zero."
KW-016,private-mortgages,Private Mortgages,private mortgage vs second mortgage Ontario,private mortgage vs second mortgage ontario,private-mortgages-planning-comparison,Equity-rich borrower outside bank policy,"bank decline, speed, credit, income, or property complexity",planning-comparison,Research,planning-comparison,Ontario; Toronto/GTA where explicit,commercial-investigation,retain,unavailable-not-zero,,Unavailable at query level,Unavailable,Unavailable,Unavailable,,,,,no,representative-serp,2026-07-19,55,68,directional,comparison-guide,/borrowers/private-mortgage-financing,landing-page-inventory|serp-private-mortgages,"No fresh volume/CPC/KD available; blank means unknown, not zero."
KW-017,private-mortgages,Private Mortgages,private mortgage lenders Ontario,private mortgage lenders ontario,private-mortgages-financing-qualification,Equity-rich borrower outside bank policy,"bank decline, speed, credit, income, or property complexity",financing-qualification,Buying-signal,financing-qualification,Ontario; Toronto/GTA where explicit,transactional,retain,unavailable-not-zero,,Unavailable at query level,Unavailable,Unavailable,Unavailable,,,,,no,representative-serp,2026-07-19,78,48,directional,service-money-page,/borrowers/private-mortgage-financing,landing-page-inventory|serp-private-mortgages,"No fresh volume/CPC/KD available; blank means unknown, not zero."
KW-018,private-mortgages,Private Mortgages,private mortgage broker Ontario,private mortgage broker ontario,private-mortgages-financing-qualification,Equity-rich borrower outside bank policy,"bank decline, speed, credit, income, or property complexity",financing-qualification,Buying-signal,financing-qualification,Ontario; Toronto/GTA where explicit,transactional,retain,unavailable-not-zero,,Unavailable at query level,Unavailable,Unavailable,Unavailable,,,,,no,representative-serp,2026-07-19,78,48,directional,service-money-page,/borrowers/private-mortgage-financing,landing-page-inventory|serp-private-mortgages,"No fresh volume/CPC/KD available; blank means unknown, not zero."
KW-019,private-mortgages,Private Mortgages,bank declined mortgage private lender Ontario,bank declined mortgage private lender ontario,private-mortgages-immediate-transaction-problem,Equity-rich borrower outside bank policy,"bank decline, speed, credit, income, or property complexity",immediate-transaction-problem,Buying-signal,immediate-transaction-problem,Ontario; Toronto/GTA where explicit,urgent-transactional,retain,unavailable-not-zero,,Unavailable at query level,Unavailable,Unavailable,Unavailable,,,,,no,representative-serp,2026-07-19,94,30,directional,urgent-problem-landing-page,/borrowers/private-mortgage-financing,landing-page-inventory|serp-private-mortgages,"No fresh volume/CPC/KD available; blank means unknown, not zero."
KW-020,private-mortgages,Private Mortgages,urgent private mortgage Ontario,urgent private mortgage ontario,private-mortgages-immediate-transaction-problem,Equity-rich borrower outside bank policy,"bank decline, speed, credit, income, or property complexity",immediate-transaction-problem,Buying-signal,immediate-transaction-problem,Ontario; Toronto/GTA where explicit,urgent-transactional,retain,unavailable-not-zero,,Unavailable at query level,Unavailable,Unavailable,Unavailable,,,,,no,representative-serp,2026-07-19,94,30,directional,urgent-problem-landing-page,/borrowers/private-mortgage-financing,landing-page-inventory|serp-private-mortgages,"No fresh volume/CPC/KD available; blank means unknown, not zero."
KW-021,institutional-mortgages,Institutional Mortgages,what is an institutional mortgage Canada,what is an institutional mortgage canada,institutional-mortgages-awareness-education,Qualifying borrower seeking bank or monoline pricing,"purchase, renewal, refinance, or graduation from alternative credit",awareness-education,Research,awareness-education,Ontario; Toronto/GTA where explicit,informational,retain,unavailable-not-zero,,Unavailable at query level,Unavailable,Unavailable,Unavailable,,,,,no,representative-serp,2026-07-19,20,92,directional,guide-or-tool,/borrowers/institutional-mortgage-financing,landing-page-inventory|serp-institutional-mortgages,"No fresh volume/CPC/KD available; blank means unknown, not zero."
KW-022,institutional-mortgages,Institutional Mortgages,institutional mortgage lenders Ontario,institutional mortgage lenders ontario,institutional-mortgages-awareness-education,Qualifying borrower seeking bank or monoline pricing,"purchase, renewal, refinance, or graduation from alternative credit",awareness-education,Research,awareness-education,Ontario; Toronto/GTA where explicit,informational,retain,unavailable-not-zero,,Unavailable at query level,Unavailable,Unavailable,Unavailable,,,,,no,representative-serp,2026-07-19,20,92,directional,guide-or-tool,/borrowers/institutional-mortgage-financing,landing-page-inventory|serp-institutional-mortgages,"No fresh volume/CPC/KD available; blank means unknown, not zero."
KW-023,institutional-mortgages,Institutional Mortgages,A lender mortgage requirements Ontario,a lender mortgage requirements ontario,institutional-mortgages-project-feasibility,Qualifying borrower seeking bank or monoline pricing,"purchase, renewal, refinance, or graduation from alternative credit",project-feasibility,Research,project-feasibility,Ontario; Toronto/GTA where explicit,informational,retain,unavailable-not-zero,,Unavailable at query level,Unavailable,Unavailable,Unavailable,,,,,no,representative-serp,2026-07-19,38,80,directional,guide-or-tool,/borrowers/institutional-mortgage-financing,landing-page-inventory|serp-institutional-mortgages,"No fresh volume/CPC/KD available; blank means unknown, not zero."
KW-024,institutional-mortgages,Institutional Mortgages,institutional mortgage qualification Canada,institutional mortgage qualification canada,institutional-mortgages-project-feasibility,Qualifying borrower seeking bank or monoline pricing,"purchase, renewal, refinance, or graduation from alternative credit",project-feasibility,Research,project-feasibility,Ontario; Toronto/GTA where explicit,informational,retain,unavailable-not-zero,,Unavailable at query level,Unavailable,Unavailable,Unavailable,,,,,no,representative-serp,2026-07-19,38,80,directional,guide-or-tool,/borrowers/institutional-mortgage-financing,landing-page-inventory|serp-institutional-mortgages,"No fresh volume/CPC/KD available; blank means unknown, not zero."
KW-025,institutional-mortgages,Institutional Mortgages,institutional vs private mortgage Ontario,institutional vs private mortgage ontario,institutional-mortgages-planning-comparison,Qualifying borrower seeking bank or monoline pricing,"purchase, renewal, refinance, or graduation from alternative credit",planning-comparison,Research,planning-comparison,Ontario; Toronto/GTA where explicit,commercial-investigation,retain,unavailable-not-zero,,Unavailable at query level,Unavailable,Unavailable,Unavailable,,,,,no,representative-serp,2026-07-19,55,68,directional,comparison-guide,/borrowers/institutional-mortgage-financing,landing-page-inventory|serp-institutional-mortgages,"No fresh volume/CPC/KD available; blank means unknown, not zero."
KW-026,institutional-mortgages,Institutional Mortgages,bank vs monoline mortgage lender Canada,bank vs monoline mortgage lender canada,institutional-mortgages-planning-comparison,Qualifying borrower seeking bank or monoline pricing,"purchase, renewal, refinance, or graduation from alternative credit",planning-comparison,Research,planning-comparison,Ontario; Toronto/GTA where explicit,commercial-investigation,retain,unavailable-not-zero,,Unavailable at query level,Unavailable,Unavailable,Unavailable,,,,,no,representative-serp,2026-07-19,55,68,directional,comparison-guide,/borrowers/institutional-mortgage-financing,landing-page-inventory|serp-institutional-mortgages,"No fresh volume/CPC/KD available; blank means unknown, not zero."
KW-027,institutional-mortgages,Institutional Mortgages,institutional mortgage broker Ontario,institutional mortgage broker ontario,institutional-mortgages-financing-qualification,Qualifying borrower seeking bank or monoline pricing,"purchase, renewal, refinance, or graduation from alternative credit",financing-qualification,Buying-signal,financing-qualification,Ontario; Toronto/GTA where explicit,transactional,retain,unavailable-not-zero,,Unavailable at query level,Unavailable,Unavailable,Unavailable,,,,,no,representative-serp,2026-07-19,78,48,directional,service-money-page,/borrowers/institutional-mortgage-financing,landing-page-inventory|serp-institutional-mortgages,"No fresh volume/CPC/KD available; blank means unknown, not zero."
KW-028,institutional-mortgages,Institutional Mortgages,best institutional mortgage options Ontario,best institutional mortgage options ontario,institutional-mortgages-financing-qualification,Qualifying borrower seeking bank or monoline pricing,"purchase, renewal, refinance, or graduation from alternative credit",financing-qualification,Buying-signal,financing-qualification,Ontario; Toronto/GTA where explicit,transactional,retain,unavailable-not-zero,,Unavailable at query level,Unavailable,Unavailable,Unavailable,,,,,no,representative-serp,2026-07-19,78,48,directional,service-money-page,/borrowers/institutional-mortgage-financing,landing-page-inventory|serp-institutional-mortgages,"No fresh volume/CPC/KD available; blank means unknown, not zero."
KW-029,institutional-mortgages,Institutional Mortgages,switch private mortgage to institutional lender,switch private mortgage to institutional lender,institutional-mortgages-immediate-transaction-problem,Qualifying borrower seeking bank or monoline pricing,"purchase, renewal, refinance, or graduation from alternative credit",immediate-transaction-problem,Buying-signal,immediate-transaction-problem,Ontario; Toronto/GTA where explicit,urgent-transactional,retain,unavailable-not-zero,,Unavailable at query level,Unavailable,Unavailable,Unavailable,,,,,no,representative-serp,2026-07-19,94,30,directional,urgent-problem-landing-page,/borrowers/institutional-mortgage-financing,landing-page-inventory|serp-institutional-mortgages,"No fresh volume/CPC/KD available; blank means unknown, not zero."
KW-030,institutional-mortgages,Institutional Mortgages,institutional mortgage closing deadline Ontario,institutional mortgage closing deadline ontario,institutional-mortgages-immediate-transaction-problem,Qualifying borrower seeking bank or monoline pricing,"purchase, renewal, refinance, or graduation from alternative credit",immediate-transaction-problem,Buying-signal,immediate-transaction-problem,Ontario; Toronto/GTA where explicit,urgent-transactional,retain,unavailable-not-zero,,Unavailable at query level,Unavailable,Unavailable,Unavailable,,,,,no,representative-serp,2026-07-19,94,30,directional,urgent-problem-landing-page,/borrowers/institutional-mortgage-financing,landing-page-inventory|serp-institutional-mortgages,"No fresh volume/CPC/KD available; blank means unknown, not zero."
KW-031,heloc,Home Equity Line of Credit (HELOC),what is a HELOC in Canada,what is a heloc in canada,heloc-awareness-education,Ontario homeowner with usable equity,"renovation, investment, consolidation, or flexible cash access",awareness-education,Research,awareness-education,Ontario; Toronto/GTA where explicit,informational,retain,unavailable-not-zero,,Unavailable at query level,Unavailable,Unavailable,Unavailable,,,,,no,representative-serp,2026-07-19,20,92,directional,guide-or-tool,/borrowers/heloc,landing-page-inventory|serp-heloc,"No fresh volume/CPC/KD available; blank means unknown, not zero."
KW-032,heloc,Home Equity Line of Credit (HELOC),how does a HELOC work in Ontario,how does a heloc work in ontario,heloc-awareness-education,Ontario homeowner with usable equity,"renovation, investment, consolidation, or flexible cash access",awareness-education,Research,awareness-education,Ontario; Toronto/GTA where explicit,informational,retain,unavailable-not-zero,,Unavailable at query level,Unavailable,Unavailable,Unavailable,,,,,no,representative-serp,2026-07-19,20,92,directional,guide-or-tool,/borrowers/heloc,landing-page-inventory|serp-heloc,"No fresh volume/CPC/KD available; blank means unknown, not zero."
KW-033,heloc,Home Equity Line of Credit (HELOC),how much HELOC can I get Ontario,how much heloc can i get ontario,heloc-project-feasibility,Ontario homeowner with usable equity,"renovation, investment, consolidation, or flexible cash access",project-feasibility,Research,project-feasibility,Ontario; Toronto/GTA where explicit,informational,retain,unavailable-not-zero,,Unavailable at query level,Unavailable,Unavailable,Unavailable,,,,,no,representative-serp,2026-07-19,38,80,directional,guide-or-tool,/borrowers/heloc,landing-page-inventory|serp-heloc,"No fresh volume/CPC/KD available; blank means unknown, not zero."
KW-034,heloc,Home Equity Line of Credit (HELOC),HELOC equity requirements Ontario,heloc equity requirements ontario,heloc-project-feasibility,Ontario homeowner with usable equity,"renovation, investment, consolidation, or flexible cash access",project-feasibility,Research,project-feasibility,Ontario; Toronto/GTA where explicit,informational,retain,unavailable-not-zero,,Unavailable at query level,Unavailable,Unavailable,Unavailable,,,,,no,representative-serp,2026-07-19,38,80,directional,guide-or-tool,/borrowers/heloc,landing-page-inventory|serp-heloc,"No fresh volume/CPC/KD available; blank means unknown, not zero."
KW-035,heloc,Home Equity Line of Credit (HELOC),HELOC vs refinance Ontario,heloc vs refinance ontario,heloc-planning-comparison,Ontario homeowner with usable equity,"renovation, investment, consolidation, or flexible cash access",planning-comparison,Research,planning-comparison,Ontario; Toronto/GTA where explicit,commercial-investigation,retain,unavailable-not-zero,,Unavailable at query level,Unavailable,Unavailable,Unavailable,,,,,no,representative-serp,2026-07-19,55,68,directional,comparison-guide,/borrowers/heloc,landing-page-inventory|serp-heloc,"No fresh volume/CPC/KD available; blank means unknown, not zero."
KW-036,heloc,Home Equity Line of Credit (HELOC),HELOC vs home equity loan Canada,heloc vs home equity loan canada,heloc-planning-comparison,Ontario homeowner with usable equity,"renovation, investment, consolidation, or flexible cash access",planning-comparison,Research,planning-comparison,Ontario; Toronto/GTA where explicit,commercial-investigation,retain,unavailable-not-zero,,Unavailable at query level,Unavailable,Unavailable,Unavailable,,,,,no,representative-serp,2026-07-19,55,68,directional,comparison-guide,/borrowers/heloc,landing-page-inventory|serp-heloc,"No fresh volume/CPC/KD available; blank means unknown, not zero."
KW-037,heloc,Home Equity Line of Credit (HELOC),HELOC broker Ontario,heloc broker ontario,heloc-financing-qualification,Ontario homeowner with usable equity,"renovation, investment, consolidation, or flexible cash access",financing-qualification,Buying-signal,financing-qualification,Ontario; Toronto/GTA where explicit,transactional,retain,unavailable-not-zero,,Unavailable at query level,Unavailable,Unavailable,Unavailable,,,,,no,representative-serp,2026-07-19,78,48,directional,service-money-page,/borrowers/heloc,landing-page-inventory|serp-heloc,"No fresh volume/CPC/KD available; blank means unknown, not zero."
KW-038,heloc,Home Equity Line of Credit (HELOC),home equity line of credit lender Ontario,home equity line of credit lender ontario,heloc-financing-qualification,Ontario homeowner with usable equity,"renovation, investment, consolidation, or flexible cash access",financing-qualification,Buying-signal,financing-qualification,Ontario; Toronto/GTA where explicit,transactional,retain,unavailable-not-zero,,Unavailable at query level,Unavailable,Unavailable,Unavailable,,,,,no,representative-serp,2026-07-19,78,48,directional,service-money-page,/borrowers/heloc,landing-page-inventory|serp-heloc,"No fresh volume/CPC/KD available; blank means unknown, not zero."
KW-039,heloc,Home Equity Line of Credit (HELOC),HELOC declined alternatives Ontario,heloc declined alternatives ontario,heloc-immediate-transaction-problem,Ontario homeowner with usable equity,"renovation, investment, consolidation, or flexible cash access",immediate-transaction-problem,Buying-signal,immediate-transaction-problem,Ontario; Toronto/GTA where explicit,urgent-transactional,retain,unavailable-not-zero,,Unavailable at query level,Unavailable,Unavailable,Unavailable,,,,,no,representative-serp,2026-07-19,94,30,directional,urgent-problem-landing-page,/borrowers/heloc,landing-page-inventory|serp-heloc,"No fresh volume/CPC/KD available; blank means unknown, not zero."
KW-040,heloc,Home Equity Line of Credit (HELOC),urgent home equity financing Ontario,urgent home equity financing ontario,heloc-immediate-transaction-problem,Ontario homeowner with usable equity,"renovation, investment, consolidation, or flexible cash access",immediate-transaction-problem,Buying-signal,immediate-transaction-problem,Ontario; Toronto/GTA where explicit,urgent-transactional,retain,unavailable-not-zero,,Unavailable at query level,Unavailable,Unavailable,Unavailable,,,,,no,representative-serp,2026-07-19,94,30,directional,urgent-problem-landing-page,/borrowers/heloc,landing-page-inventory|serp-heloc,"No fresh volume/CPC/KD available; blank means unknown, not zero."
KW-041,bridge-loans,Bridge Loans,what is bridge financing in Canada,what is bridge financing in canada,bridge-loans-awareness-education,"Buyer, seller, or investor bridging two transactions","purchase before sale, acquisition gap, or delayed proceeds",awareness-education,Research,awareness-education,Ontario; Toronto/GTA where explicit,informational,retain,unavailable-not-zero,,Unavailable at query level,Unavailable,Unavailable,Unavailable,,,,,no,representative-serp,2026-07-19,20,92,directional,guide-or-tool,/borrowers/bridge-financing,landing-page-inventory|serp-bridge-loans,"No fresh volume/CPC/KD available; blank means unknown, not zero."
KW-042,bridge-loans,Bridge Loans,how does a bridge loan work Ontario,how does a bridge loan work ontario,bridge-loans-awareness-education,"Buyer, seller, or investor bridging two transactions","purchase before sale, acquisition gap, or delayed proceeds",awareness-education,Research,awareness-education,Ontario; Toronto/GTA where explicit,informational,retain,unavailable-not-zero,,Unavailable at query level,Unavailable,Unavailable,Unavailable,,,,,no,representative-serp,2026-07-19,20,92,directional,guide-or-tool,/borrowers/bridge-financing,landing-page-inventory|serp-bridge-loans,"No fresh volume/CPC/KD available; blank means unknown, not zero."
KW-043,bridge-loans,Bridge Loans,bridge loan eligibility Ontario,bridge loan eligibility ontario,bridge-loans-project-feasibility,"Buyer, seller, or investor bridging two transactions","purchase before sale, acquisition gap, or delayed proceeds",project-feasibility,Research,project-feasibility,Ontario; Toronto/GTA where explicit,informational,retain,unavailable-not-zero,,Unavailable at query level,Unavailable,Unavailable,Unavailable,,,,,no,representative-serp,2026-07-19,38,80,directional,guide-or-tool,/borrowers/bridge-financing,landing-page-inventory|serp-bridge-loans,"No fresh volume/CPC/KD available; blank means unknown, not zero."
KW-044,bridge-loans,Bridge Loans,bridge financing cost Ontario,bridge financing cost ontario,bridge-loans-project-feasibility,"Buyer, seller, or investor bridging two transactions","purchase before sale, acquisition gap, or delayed proceeds",project-feasibility,Research,project-feasibility,Ontario; Toronto/GTA where explicit,informational,retain,unavailable-not-zero,,Unavailable at query level,Unavailable,Unavailable,Unavailable,,,,,no,representative-serp,2026-07-19,38,80,directional,guide-or-tool,/borrowers/bridge-financing,landing-page-inventory|serp-bridge-loans,"No fresh volume/CPC/KD available; blank means unknown, not zero."
KW-045,bridge-loans,Bridge Loans,bridge loan vs HELOC Ontario,bridge loan vs heloc ontario,bridge-loans-planning-comparison,"Buyer, seller, or investor bridging two transactions","purchase before sale, acquisition gap, or delayed proceeds",planning-comparison,Research,planning-comparison,Ontario; Toronto/GTA where explicit,commercial-investigation,retain,unavailable-not-zero,,Unavailable at query level,Unavailable,Unavailable,Unavailable,,,,,no,representative-serp,2026-07-19,55,68,directional,comparison-guide,/borrowers/bridge-financing,landing-page-inventory|serp-bridge-loans,"No fresh volume/CPC/KD available; blank means unknown, not zero."
KW-046,bridge-loans,Bridge Loans,bridge loan vs private mortgage Ontario,bridge loan vs private mortgage ontario,bridge-loans-planning-comparison,"Buyer, seller, or investor bridging two transactions","purchase before sale, acquisition gap, or delayed proceeds",planning-comparison,Research,planning-comparison,Ontario; Toronto/GTA where explicit,commercial-investigation,retain,unavailable-not-zero,,Unavailable at query level,Unavailable,Unavailable,Unavailable,,,,,no,representative-serp,2026-07-19,55,68,directional,comparison-guide,/borrowers/bridge-financing,landing-page-inventory|serp-bridge-loans,"No fresh volume/CPC/KD available; blank means unknown, not zero."
KW-047,bridge-loans,Bridge Loans,bridge financing real estate Canada,bridge financing real estate canada,bridge-loans-financing-qualification,"Buyer, seller, or investor bridging two transactions","purchase before sale, acquisition gap, or delayed proceeds",financing-qualification,Buying-signal,financing-qualification,Ontario; Toronto/GTA where explicit,transactional,retain,unavailable-not-zero,,Unavailable at query level,Unavailable,Unavailable,Unavailable,,,,,yes,representative-serp,2026-07-19,81,51,medium-for-intent-direction,service-money-page,/borrowers/bridge-financing,landing-page-inventory|serp-bridge-loans|answer-socrates-2026-07-19,"No fresh volume/CPC/KD available; blank means unknown, not zero. Observed in broad Answer Socrates seed; discovery signal only."
KW-048,bridge-loans,Bridge Loans,bridge mortgage lender Ontario,bridge mortgage lender ontario,bridge-loans-financing-qualification,"Buyer, seller, or investor bridging two transactions","purchase before sale, acquisition gap, or delayed proceeds",financing-qualification,Buying-signal,financing-qualification,Ontario; Toronto/GTA where explicit,transactional,retain,unavailable-not-zero,,Unavailable at query level,Unavailable,Unavailable,Unavailable,,,,,no,representative-serp,2026-07-19,78,48,directional,service-money-page,/borrowers/bridge-financing,landing-page-inventory|serp-bridge-loans,"No fresh volume/CPC/KD available; blank means unknown, not zero."
KW-049,bridge-loans,Bridge Loans,urgent bridge financing Ontario,urgent bridge financing ontario,bridge-loans-immediate-transaction-problem,"Buyer, seller, or investor bridging two transactions","purchase before sale, acquisition gap, or delayed proceeds",immediate-transaction-problem,Buying-signal,immediate-transaction-problem,Ontario; Toronto/GTA where explicit,urgent-transactional,retain,unavailable-not-zero,,Unavailable at query level,Unavailable,Unavailable,Unavailable,,,,,no,representative-serp,2026-07-19,94,30,directional,urgent-problem-landing-page,/borrowers/bridge-financing,landing-page-inventory|serp-bridge-loans,"No fresh volume/CPC/KD available; blank means unknown, not zero."
KW-050,bridge-loans,Bridge Loans,bridge loan without firm sale Ontario,bridge loan without firm sale ontario,bridge-loans-immediate-transaction-problem,"Buyer, seller, or investor bridging two transactions","purchase before sale, acquisition gap, or delayed proceeds",immediate-transaction-problem,Buying-signal,immediate-transaction-problem,Ontario; Toronto/GTA where explicit,urgent-transactional,retain,unavailable-not-zero,,Unavailable at query level,Unavailable,Unavailable,Unavailable,,,,,no,representative-serp,2026-07-19,94,30,directional,urgent-problem-landing-page,/borrowers/bridge-financing,landing-page-inventory|serp-bridge-loans,"No fresh volume/CPC/KD available; blank means unknown, not zero."
KW-051,residential-refinancing,Residential Refinancing,how mortgage refinancing works Ontario,how mortgage refinancing works ontario,residential-refinancing-awareness-education,Homeowner changing debt structure or accessing equity,"renewal, consolidation, cash-out, or rate/term change",awareness-education,Research,awareness-education,Ontario; Toronto/GTA where explicit,informational,retain,unavailable-not-zero,,Unavailable at query level,Unavailable,Unavailable,Unavailable,,,,,no,representative-serp,2026-07-19,20,92,directional,guide-or-tool,/borrowers/residential-refinancing,landing-page-inventory|serp-residential-refinancing,"No fresh volume/CPC/KD available; blank means unknown, not zero."
KW-052,residential-refinancing,Residential Refinancing,what is cash out refinance Canada,what is cash out refinance canada,residential-refinancing-awareness-education,Homeowner changing debt structure or accessing equity,"renewal, consolidation, cash-out, or rate/term change",awareness-education,Research,awareness-education,Ontario; Toronto/GTA where explicit,informational,retain,unavailable-not-zero,,Unavailable at query level,Unavailable,Unavailable,Unavailable,,,,,no,representative-serp,2026-07-19,20,92,directional,guide-or-tool,/borrowers/residential-refinancing,landing-page-inventory|serp-residential-refinancing,"No fresh volume/CPC/KD available; blank means unknown, not zero."
KW-053,residential-refinancing,Residential Refinancing,mortgage refinance break even Ontario,mortgage refinance break even ontario,residential-refinancing-project-feasibility,Homeowner changing debt structure or accessing equity,"renewal, consolidation, cash-out, or rate/term change",project-feasibility,Research,project-feasibility,Ontario; Toronto/GTA where explicit,informational,retain,unavailable-not-zero,,Unavailable at query level,Unavailable,Unavailable,Unavailable,,,,,no,representative-serp,2026-07-19,38,80,directional,guide-or-tool,/borrowers/residential-refinancing,landing-page-inventory|serp-residential-refinancing,"No fresh volume/CPC/KD available; blank means unknown, not zero."
KW-054,residential-refinancing,Residential Refinancing,how much equity to refinance Ontario,how much equity to refinance ontario,residential-refinancing-project-feasibility,Homeowner changing debt structure or accessing equity,"renewal, consolidation, cash-out, or rate/term change",project-feasibility,Research,project-feasibility,Ontario; Toronto/GTA where explicit,informational,retain,unavailable-not-zero,,Unavailable at query level,Unavailable,Unavailable,Unavailable,,,,,no,representative-serp,2026-07-19,38,80,directional,guide-or-tool,/borrowers/residential-refinancing,landing-page-inventory|serp-residential-refinancing,"No fresh volume/CPC/KD available; blank means unknown, not zero."
KW-055,residential-refinancing,Residential Refinancing,refinance vs renew mortgage Ontario,refinance vs renew mortgage ontario,residential-refinancing-planning-comparison,Homeowner changing debt structure or accessing equity,"renewal, consolidation, cash-out, or rate/term change",planning-comparison,Research,planning-comparison,Ontario; Toronto/GTA where explicit,commercial-investigation,retain,unavailable-not-zero,,Unavailable at query level,Unavailable,Unavailable,Unavailable,,,,,no,representative-serp,2026-07-19,55,68,directional,comparison-guide,/borrowers/residential-refinancing,landing-page-inventory|serp-residential-refinancing,"No fresh volume/CPC/KD available; blank means unknown, not zero."
KW-056,residential-refinancing,Residential Refinancing,refinance vs HELOC Ontario,refinance vs heloc ontario,residential-refinancing-planning-comparison,Homeowner changing debt structure or accessing equity,"renewal, consolidation, cash-out, or rate/term change",planning-comparison,Research,planning-comparison,Ontario; Toronto/GTA where explicit,commercial-investigation,retain,unavailable-not-zero,,Unavailable at query level,Unavailable,Unavailable,Unavailable,,,,,no,representative-serp,2026-07-19,55,68,directional,comparison-guide,/borrowers/residential-refinancing,landing-page-inventory|serp-residential-refinancing,"No fresh volume/CPC/KD available; blank means unknown, not zero."
KW-057,residential-refinancing,Residential Refinancing,mortgage refinance broker Ontario,mortgage refinance broker ontario,residential-refinancing-financing-qualification,Homeowner changing debt structure or accessing equity,"renewal, consolidation, cash-out, or rate/term change",financing-qualification,Buying-signal,financing-qualification,Ontario; Toronto/GTA where explicit,transactional,retain,unavailable-not-zero,,Unavailable at query level,Unavailable,Unavailable,Unavailable,,,,,no,representative-serp,2026-07-19,78,48,directional,service-money-page,/borrowers/residential-refinancing,landing-page-inventory|serp-residential-refinancing,"No fresh volume/CPC/KD available; blank means unknown, not zero."
KW-058,residential-refinancing,Residential Refinancing,residential refinance lender Ontario,residential refinance lender ontario,residential-refinancing-financing-qualification,Homeowner changing debt structure or accessing equity,"renewal, consolidation, cash-out, or rate/term change",financing-qualification,Buying-signal,financing-qualification,Ontario; Toronto/GTA where explicit,transactional,retain,unavailable-not-zero,,Unavailable at query level,Unavailable,Unavailable,Unavailable,,,,,no,representative-serp,2026-07-19,78,48,directional,service-money-page,/borrowers/residential-refinancing,landing-page-inventory|serp-residential-refinancing,"No fresh volume/CPC/KD available; blank means unknown, not zero."
KW-059,residential-refinancing,Residential Refinancing,urgent mortgage refinance Ontario,urgent mortgage refinance ontario,residential-refinancing-immediate-transaction-problem,Homeowner changing debt structure or accessing equity,"renewal, consolidation, cash-out, or rate/term change",immediate-transaction-problem,Buying-signal,immediate-transaction-problem,Ontario; Toronto/GTA where explicit,urgent-transactional,retain,unavailable-not-zero,,Unavailable at query level,Unavailable,Unavailable,Unavailable,,,,,no,representative-serp,2026-07-19,94,30,directional,urgent-problem-landing-page,/borrowers/residential-refinancing,landing-page-inventory|serp-residential-refinancing,"No fresh volume/CPC/KD available; blank means unknown, not zero."
KW-060,residential-refinancing,Residential Refinancing,refinance after bank decline Ontario,refinance after bank decline ontario,residential-refinancing-immediate-transaction-problem,Homeowner changing debt structure or accessing equity,"renewal, consolidation, cash-out, or rate/term change",immediate-transaction-problem,Buying-signal,immediate-transaction-problem,Ontario; Toronto/GTA where explicit,urgent-transactional,retain,unavailable-not-zero,,Unavailable at query level,Unavailable,Unavailable,Unavailable,,,,,no,representative-serp,2026-07-19,94,30,directional,urgent-problem-landing-page,/borrowers/residential-refinancing,landing-page-inventory|serp-residential-refinancing,"No fresh volume/CPC/KD available; blank means unknown, not zero."
KW-061,renovation-financing,Renovation Financing,home renovation financing options Canada,home renovation financing options canada,renovation-financing-awareness-education,Homeowner or buyer funding improvements,"planned renovation, purchase-plus-improvements, or cost overrun",awareness-education,Research,awareness-education,Ontario; Toronto/GTA where explicit,informational,retain,unavailable-not-zero,,Unavailable at query level,Unavailable,Unavailable,Unavailable,,,,,no,representative-serp,2026-07-19,20,92,directional,guide-or-tool,/borrowers/renovation-financing,landing-page-inventory|serp-renovation-financing,"No fresh volume/CPC/KD available; blank means unknown, not zero."
KW-062,renovation-financing,Renovation Financing,how renovation loans work Ontario,how renovation loans work ontario,renovation-financing-awareness-education,Homeowner or buyer funding improvements,"planned renovation, purchase-plus-improvements, or cost overrun",awareness-education,Research,awareness-education,Ontario; Toronto/GTA where explicit,informational,retain,unavailable-not-zero,,Unavailable at query level,Unavailable,Unavailable,Unavailable,,,,,no,representative-serp,2026-07-19,20,92,directional,guide-or-tool,/borrowers/renovation-financing,landing-page-inventory|serp-renovation-financing,"No fresh volume/CPC/KD available; blank means unknown, not zero."
KW-063,renovation-financing,Renovation Financing,home renovation financing Ontario,home renovation financing ontario,renovation-financing-project-feasibility,Homeowner or buyer funding improvements,"planned renovation, purchase-plus-improvements, or cost overrun",project-feasibility,Research,project-feasibility,Ontario; Toronto/GTA where explicit,informational,retain,unavailable-not-zero,,Unavailable at query level,Unavailable,Unavailable,Unavailable,,,,,yes,representative-serp,2026-07-19,41,83,medium-for-intent-direction,guide-or-tool,/borrowers/renovation-financing,landing-page-inventory|serp-renovation-financing|answer-socrates-2026-07-19,"No fresh volume/CPC/KD available; blank means unknown, not zero. Observed in broad Answer Socrates seed; discovery signal only."
KW-064,renovation-financing,Renovation Financing,renovation loan eligibility Ontario,renovation loan eligibility ontario,renovation-financing-project-feasibility,Homeowner or buyer funding improvements,"planned renovation, purchase-plus-improvements, or cost overrun",project-feasibility,Research,project-feasibility,Ontario; Toronto/GTA where explicit,informational,retain,unavailable-not-zero,,Unavailable at query level,Unavailable,Unavailable,Unavailable,,,,,no,representative-serp,2026-07-19,38,80,directional,guide-or-tool,/borrowers/renovation-financing,landing-page-inventory|serp-renovation-financing,"No fresh volume/CPC/KD available; blank means unknown, not zero."
KW-065,renovation-financing,Renovation Financing,HELOC vs refinance for renovations,heloc vs refinance for renovations,renovation-financing-planning-comparison,Homeowner or buyer funding improvements,"planned renovation, purchase-plus-improvements, or cost overrun",planning-comparison,Research,planning-comparison,Ontario; Toronto/GTA where explicit,commercial-investigation,retain,unavailable-not-zero,,Unavailable at query level,Unavailable,Unavailable,Unavailable,,,,,no,representative-serp,2026-07-19,55,68,directional,comparison-guide,/borrowers/renovation-financing,landing-page-inventory|serp-renovation-financing,"No fresh volume/CPC/KD available; blank means unknown, not zero."
KW-066,renovation-financing,Renovation Financing,renovation loan vs construction mortgage,renovation loan vs construction mortgage,renovation-financing-planning-comparison,Homeowner or buyer funding improvements,"planned renovation, purchase-plus-improvements, or cost overrun",planning-comparison,Research,planning-comparison,Ontario; Toronto/GTA where explicit,commercial-investigation,retain,unavailable-not-zero,,Unavailable at query level,Unavailable,Unavailable,Unavailable,,,,,no,representative-serp,2026-07-19,55,68,directional,comparison-guide,/borrowers/renovation-financing,landing-page-inventory|serp-renovation-financing,"No fresh volume/CPC/KD available; blank means unknown, not zero."
KW-067,renovation-financing,Renovation Financing,renovation financing lender Ontario,renovation financing lender ontario,renovation-financing-financing-qualification,Homeowner or buyer funding improvements,"planned renovation, purchase-plus-improvements, or cost overrun",financing-qualification,Buying-signal,financing-qualification,Ontario; Toronto/GTA where explicit,transactional,retain,unavailable-not-zero,,Unavailable at query level,Unavailable,Unavailable,Unavailable,,,,,no,representative-serp,2026-07-19,78,48,directional,service-money-page,/borrowers/renovation-financing,landing-page-inventory|serp-renovation-financing,"No fresh volume/CPC/KD available; blank means unknown, not zero."
KW-068,renovation-financing,Renovation Financing,purchase plus improvements mortgage Ontario,purchase plus improvements mortgage ontario,renovation-financing-financing-qualification,Homeowner or buyer funding improvements,"planned renovation, purchase-plus-improvements, or cost overrun",financing-qualification,Buying-signal,financing-qualification,Ontario; Toronto/GTA where explicit,transactional,retain,unavailable-not-zero,,Unavailable at query level,Unavailable,Unavailable,Unavailable,,,,,no,representative-serp,2026-07-19,78,48,directional,service-money-page,/borrowers/renovation-financing,landing-page-inventory|serp-renovation-financing,"No fresh volume/CPC/KD available; blank means unknown, not zero."
KW-069,renovation-financing,Renovation Financing,renovation cost overrun financing Ontario,renovation cost overrun financing ontario,renovation-financing-immediate-transaction-problem,Homeowner or buyer funding improvements,"planned renovation, purchase-plus-improvements, or cost overrun",immediate-transaction-problem,Buying-signal,immediate-transaction-problem,Ontario; Toronto/GTA where explicit,urgent-transactional,retain,unavailable-not-zero,,Unavailable at query level,Unavailable,Unavailable,Unavailable,,,,,no,representative-serp,2026-07-19,94,30,directional,urgent-problem-landing-page,/borrowers/renovation-financing,landing-page-inventory|serp-renovation-financing,"No fresh volume/CPC/KD available; blank means unknown, not zero."
KW-070,renovation-financing,Renovation Financing,urgent home improvement loan Ontario,urgent home improvement loan ontario,renovation-financing-immediate-transaction-problem,Homeowner or buyer funding improvements,"planned renovation, purchase-plus-improvements, or cost overrun",immediate-transaction-problem,Buying-signal,immediate-transaction-problem,Ontario; Toronto/GTA where explicit,urgent-transactional,retain,unavailable-not-zero,,Unavailable at query level,Unavailable,Unavailable,Unavailable,,,,,no,representative-serp,2026-07-19,94,30,directional,urgent-problem-landing-page,/borrowers/renovation-financing,landing-page-inventory|serp-renovation-financing,"No fresh volume/CPC/KD available; blank means unknown, not zero."
KW-071,construction-financing,Construction Financing / DrawFlow,how construction financing works Ontario,how construction financing works ontario,construction-financing-awareness-education,"Builder, developer, or owner-builder","land, construction draws, inspection release, or take-out",awareness-education,Research,awareness-education,Ontario; Toronto/GTA where explicit,informational,retain,unavailable-not-zero,,Unavailable at query level,Unavailable,Unavailable,Unavailable,,,,,no,representative-serp,2026-07-19,20,92,directional,guide-or-tool,/construction-draw-financing,landing-page-inventory|serp-construction-financing,"No fresh volume/CPC/KD available; blank means unknown, not zero."
KW-072,construction-financing,Construction Financing / DrawFlow,what is a construction draw mortgage,what is a construction draw mortgage,construction-financing-awareness-education,"Builder, developer, or owner-builder","land, construction draws, inspection release, or take-out",awareness-education,Research,awareness-education,Ontario; Toronto/GTA where explicit,informational,retain,unavailable-not-zero,,Unavailable at query level,Unavailable,Unavailable,Unavailable,,,,,no,representative-serp,2026-07-19,20,92,directional,guide-or-tool,/construction-draw-financing,landing-page-inventory|serp-construction-financing,"No fresh volume/CPC/KD available; blank means unknown, not zero."
KW-073,construction-financing,Construction Financing / DrawFlow,construction loan draw schedule,construction loan draw schedule,construction-financing-project-feasibility,"Builder, developer, or owner-builder","land, construction draws, inspection release, or take-out",project-feasibility,Research,project-feasibility,Ontario; Toronto/GTA where explicit,informational,retain,observed-historical-third-party,10,Unavailable at query level,Unavailable,Unavailable,Unavailable,0,3,0%,91.3,no,representative-serp,2026-07-17,45,87,high-for-observation-not-forecast,guide-or-tool,/construction-draw-financing,landing-page-inventory|serp-construction-financing|gsc-query-2026-07-19|prior-open-seo-live-metric,Historical Canada-level estimate from 2026-07-17; not refreshed. GSC sample covers only four reporting days.
KW-074,construction-financing,Construction Financing / DrawFlow,construction financing equity requirements Ontario,construction financing equity requirements ontario,construction-financing-project-feasibility,"Builder, developer, or owner-builder","land, construction draws, inspection release, or take-out",project-feasibility,Research,project-feasibility,Ontario; Toronto/GTA where explicit,informational,retain,unavailable-not-zero,,Unavailable at query level,Unavailable,Unavailable,Unavailable,,,,,no,representative-serp,2026-07-19,38,80,directional,guide-or-tool,/construction-draw-financing,landing-page-inventory|serp-construction-financing,"No fresh volume/CPC/KD available; blank means unknown, not zero."
KW-075,construction-financing,Construction Financing / DrawFlow,construction loan vs conventional mortgage,construction loan vs conventional mortgage,construction-financing-planning-comparison,"Builder, developer, or owner-builder","land, construction draws, inspection release, or take-out",planning-comparison,Research,planning-comparison,Ontario; Toronto/GTA where explicit,commercial-investigation,retain,unavailable-not-zero,,Unavailable at query level,Unavailable,Unavailable,Unavailable,,,,,no,representative-serp,2026-07-19,55,68,directional,comparison-guide,/construction-draw-financing,landing-page-inventory|serp-construction-financing,"No fresh volume/CPC/KD available; blank means unknown, not zero."
KW-076,construction-financing,Construction Financing / DrawFlow,private vs institutional construction financing,private vs institutional construction financing,construction-financing-planning-comparison,"Builder, developer, or owner-builder","land, construction draws, inspection release, or take-out",planning-comparison,Research,planning-comparison,Ontario; Toronto/GTA where explicit,commercial-investigation,retain,unavailable-not-zero,,Unavailable at query level,Unavailable,Unavailable,Unavailable,,,,,no,representative-serp,2026-07-19,55,68,directional,comparison-guide,/construction-draw-financing,landing-page-inventory|serp-construction-financing,"No fresh volume/CPC/KD available; blank means unknown, not zero."
KW-077,construction-financing,Construction Financing / DrawFlow,construction financing Ontario,construction financing ontario,construction-financing-financing-qualification,"Builder, developer, or owner-builder","land, construction draws, inspection release, or take-out",financing-qualification,Buying-signal,financing-qualification,Ontario; Toronto/GTA where explicit,transactional,retain,observed-historical-third-party,10,Unavailable at query level,Unavailable,Unavailable,Unavailable,,,,,yes,representative-serp,2026-07-17,84,54,medium-for-intent-direction,service-money-page,/construction-draw-financing,landing-page-inventory|serp-construction-financing|answer-socrates-2026-07-19|prior-open-seo-live-metric,Historical Canada-level estimate from 2026-07-17; not refreshed. Observed in broad Answer Socrates seed; discovery signal only.
KW-078,construction-financing,Construction Financing / DrawFlow,construction mortgage lender Toronto,construction mortgage lender toronto,construction-financing-financing-qualification,"Builder, developer, or owner-builder","land, construction draws, inspection release, or take-out",financing-qualification,Buying-signal,financing-qualification,Ontario; Toronto/GTA where explicit,transactional,retain,unavailable-not-zero,,Unavailable at query level,Unavailable,Unavailable,Unavailable,,,,,no,representative-serp,2026-07-19,78,48,directional,service-money-page,/construction-draw-financing,landing-page-inventory|serp-construction-financing,"No fresh volume/CPC/KD available; blank means unknown, not zero."
KW-079,construction-financing,Construction Financing / DrawFlow,stopped construction draw financing Ontario,stopped construction draw financing ontario,construction-financing-immediate-transaction-problem,"Builder, developer, or owner-builder","land, construction draws, inspection release, or take-out",immediate-transaction-problem,Buying-signal,immediate-transaction-problem,Ontario; Toronto/GTA where explicit,urgent-transactional,retain,unavailable-not-zero,,Unavailable at query level,Unavailable,Unavailable,Unavailable,,,,,no,representative-serp,2026-07-19,94,30,directional,urgent-problem-landing-page,/construction-draw-financing,landing-page-inventory|serp-construction-financing,"No fresh volume/CPC/KD available; blank means unknown, not zero."
KW-080,construction-financing,Construction Financing / DrawFlow,construction lender replacement Ontario,construction lender replacement ontario,construction-financing-immediate-transaction-problem,"Builder, developer, or owner-builder","land, construction draws, inspection release, or take-out",immediate-transaction-problem,Buying-signal,immediate-transaction-problem,Ontario; Toronto/GTA where explicit,urgent-transactional,retain,unavailable-not-zero,,Unavailable at query level,Unavailable,Unavailable,Unavailable,,,,,no,representative-serp,2026-07-19,94,30,directional,urgent-problem-landing-page,/construction-draw-financing,landing-page-inventory|serp-construction-financing,"No fresh volume/CPC/KD available; blank means unknown, not zero."
KW-081,multiplex-financing,Multi-plex Financing,what is multiplex financing Ontario,what is multiplex financing ontario,multiplex-financing-awareness-education,Small developer or investor adding two to six units,"acquisition, conversion, construction, or take-out",awareness-education,Research,awareness-education,Ontario; Toronto/GTA where explicit,informational,retain,unavailable-not-zero,,Unavailable at query level,Unavailable,Unavailable,Unavailable,,,,,no,representative-serp,2026-07-19,20,92,directional,guide-or-tool,/multiplex-financing,landing-page-inventory|serp-multiplex-financing,"No fresh volume/CPC/KD available; blank means unknown, not zero."
KW-082,multiplex-financing,Multi-plex Financing,how to finance a fourplex in Toronto,how to finance a fourplex in toronto,multiplex-financing-awareness-education,Small developer or investor adding two to six units,"acquisition, conversion, construction, or take-out",awareness-education,Research,awareness-education,Ontario; Toronto/GTA where explicit,informational,retain,unavailable-not-zero,,Unavailable at query level,Unavailable,Unavailable,Unavailable,,,,,no,representative-serp,2026-07-19,20,92,directional,guide-or-tool,/multiplex-financing,landing-page-inventory|serp-multiplex-financing,"No fresh volume/CPC/KD available; blank means unknown, not zero."
KW-083,multiplex-financing,Multi-plex Financing,Toronto multiplex financing feasibility,toronto multiplex financing feasibility,multiplex-financing-project-feasibility,Small developer or investor adding two to six units,"acquisition, conversion, construction, or take-out",project-feasibility,Research,project-feasibility,Ontario; Toronto/GTA where explicit,informational,retain,unavailable-not-zero,,Unavailable at query level,Unavailable,Unavailable,Unavailable,,,,,no,representative-serp,2026-07-19,38,80,directional,guide-or-tool,/multiplex-financing,landing-page-inventory|serp-multiplex-financing,"No fresh volume/CPC/KD available; blank means unknown, not zero."
KW-084,multiplex-financing,Multi-plex Financing,sixplex financing requirements Ontario,sixplex financing requirements ontario,multiplex-financing-project-feasibility,Small developer or investor adding two to six units,"acquisition, conversion, construction, or take-out",project-feasibility,Research,project-feasibility,Ontario; Toronto/GTA where explicit,informational,retain,unavailable-not-zero,,Unavailable at query level,Unavailable,Unavailable,Unavailable,,,,,no,representative-serp,2026-07-19,38,80,directional,guide-or-tool,/multiplex-financing,landing-page-inventory|serp-multiplex-financing,"No fresh volume/CPC/KD available; blank means unknown, not zero."
KW-085,multiplex-financing,Multi-plex Financing,fourplex vs five unit financing Canada,fourplex vs five unit financing canada,multiplex-financing-planning-comparison,Small developer or investor adding two to six units,"acquisition, conversion, construction, or take-out",planning-comparison,Research,planning-comparison,Ontario; Toronto/GTA where explicit,commercial-investigation,retain,unavailable-not-zero,,Unavailable at query level,Unavailable,Unavailable,Unavailable,,,,,no,representative-serp,2026-07-19,55,68,directional,comparison-guide,/multiplex-financing,landing-page-inventory|serp-multiplex-financing,"No fresh volume/CPC/KD available; blank means unknown, not zero."
KW-086,multiplex-financing,Multi-plex Financing,multiplex construction loan vs MLI Select,multiplex construction loan vs mli select,multiplex-financing-planning-comparison,Small developer or investor adding two to six units,"acquisition, conversion, construction, or take-out",planning-comparison,Research,planning-comparison,Ontario; Toronto/GTA where explicit,commercial-investigation,retain,unavailable-not-zero,,Unavailable at query level,Unavailable,Unavailable,Unavailable,,,,,no,representative-serp,2026-07-19,55,68,directional,comparison-guide,/multiplex-financing,landing-page-inventory|serp-multiplex-financing,"No fresh volume/CPC/KD available; blank means unknown, not zero."
KW-087,multiplex-financing,Multi-plex Financing,multiplex financing Toronto,multiplex financing toronto,multiplex-financing-financing-qualification,Small developer or investor adding two to six units,"acquisition, conversion, construction, or take-out",financing-qualification,Buying-signal,financing-qualification,Ontario; Toronto/GTA where explicit,transactional,retain,unavailable-not-zero,,Unavailable at query level,Unavailable,Unavailable,Unavailable,,,,,no,representative-serp,2026-07-19,78,48,directional,service-money-page,/multiplex-financing,landing-page-inventory|serp-multiplex-financing,"No fresh volume/CPC/KD available; blank means unknown, not zero."
KW-088,multiplex-financing,Multi-plex Financing,fourplex mortgage lender Ontario,fourplex mortgage lender ontario,multiplex-financing-financing-qualification,Small developer or investor adding two to six units,"acquisition, conversion, construction, or take-out",financing-qualification,Buying-signal,financing-qualification,Ontario; Toronto/GTA where explicit,transactional,retain,unavailable-not-zero,,Unavailable at query level,Unavailable,Unavailable,Unavailable,,,,,no,representative-serp,2026-07-19,78,48,directional,service-money-page,/multiplex-financing,landing-page-inventory|serp-multiplex-financing,"No fresh volume/CPC/KD available; blank means unknown, not zero."
KW-089,multiplex-financing,Multi-plex Financing,multiplex construction financing gap Ontario,multiplex construction financing gap ontario,multiplex-financing-immediate-transaction-problem,Small developer or investor adding two to six units,"acquisition, conversion, construction, or take-out",immediate-transaction-problem,Buying-signal,immediate-transaction-problem,Ontario; Toronto/GTA where explicit,urgent-transactional,retain,unavailable-not-zero,,Unavailable at query level,Unavailable,Unavailable,Unavailable,,,,,no,representative-serp,2026-07-19,94,30,directional,urgent-problem-landing-page,/multiplex-financing,landing-page-inventory|serp-multiplex-financing,"No fresh volume/CPC/KD available; blank means unknown, not zero."
KW-090,multiplex-financing,Multi-plex Financing,urgent fourplex acquisition financing,urgent fourplex acquisition financing,multiplex-financing-immediate-transaction-problem,Small developer or investor adding two to six units,"acquisition, conversion, construction, or take-out",immediate-transaction-problem,Buying-signal,immediate-transaction-problem,Ontario; Toronto/GTA where explicit,urgent-transactional,retain,unavailable-not-zero,,Unavailable at query level,Unavailable,Unavailable,Unavailable,,,,,no,representative-serp,2026-07-19,94,30,directional,urgent-problem-landing-page,/multiplex-financing,landing-page-inventory|serp-multiplex-financing,"No fresh volume/CPC/KD available; blank means unknown, not zero."
KW-091,garden-laneway-suites,Garden & Laneway Suite Financing,what is a garden suite Toronto,what is a garden suite toronto,garden-laneway-suites-awareness-education,Toronto homeowner adding a backyard rental,"feasibility, construction, equity access, or draw funding",awareness-education,Research,awareness-education,Ontario; Toronto/GTA where explicit,informational,retain,unavailable-not-zero,,Unavailable at query level,Unavailable,Unavailable,Unavailable,,,,,no,representative-serp,2026-07-19,20,92,directional,guide-or-tool,/garden-suite,landing-page-inventory|serp-garden-laneway-suites,"No fresh volume/CPC/KD available; blank means unknown, not zero."
KW-092,garden-laneway-suites,Garden & Laneway Suite Financing,can I build a garden suite Toronto,can i build a garden suite toronto,garden-laneway-suites-awareness-education,Toronto homeowner adding a backyard rental,"feasibility, construction, equity access, or draw funding",awareness-education,Research,awareness-education,Ontario; Toronto/GTA where explicit,informational,retain,unavailable-not-zero,,Unavailable at query level,Unavailable,Unavailable,Unavailable,,,,,no,representative-serp,2026-07-19,20,92,directional,guide-or-tool,/garden-suite,landing-page-inventory|serp-garden-laneway-suites,"No fresh volume/CPC/KD available; blank means unknown, not zero."
KW-093,garden-laneway-suites,Garden & Laneway Suite Financing,garden suites Toronto,garden suites toronto,garden-laneway-suites-project-feasibility,Toronto homeowner adding a backyard rental,"feasibility, construction, equity access, or draw funding",project-feasibility,Research,project-feasibility,Ontario; Toronto/GTA where explicit,informational,retain,observed-historical-third-party,590,Unavailable at query level,Unavailable,Unavailable,Unavailable,,,,,no,representative-serp,2026-07-16,41,83,medium-for-intent-direction,guide-or-tool,/garden-suite,landing-page-inventory|serp-garden-laneway-suites|prior-open-seo-live-metric,Historical Canada-level estimate from 2026-07-16; not refreshed.
KW-094,garden-laneway-suites,Garden & Laneway Suite Financing,garden suite cost Toronto,garden suite cost toronto,garden-laneway-suites-project-feasibility,Toronto homeowner adding a backyard rental,"feasibility, construction, equity access, or draw funding",project-feasibility,Research,project-feasibility,Ontario; Toronto/GTA where explicit,informational,retain,unavailable-not-zero,,Unavailable at query level,Unavailable,Unavailable,Unavailable,,,,,no,representative-serp,2026-07-19,38,80,directional,guide-or-tool,/garden-suite,landing-page-inventory|serp-garden-laneway-suites,"No fresh volume/CPC/KD available; blank means unknown, not zero."
KW-095,garden-laneway-suites,Garden & Laneway Suite Financing,garden suite vs laneway house Toronto,garden suite vs laneway house toronto,garden-laneway-suites-planning-comparison,Toronto homeowner adding a backyard rental,"feasibility, construction, equity access, or draw funding",planning-comparison,Research,planning-comparison,Ontario; Toronto/GTA where explicit,commercial-investigation,retain,unavailable-not-zero,,Unavailable at query level,Unavailable,Unavailable,Unavailable,,,,,no,representative-serp,2026-07-19,55,68,directional,comparison-guide,/garden-suite,landing-page-inventory|serp-garden-laneway-suites,"No fresh volume/CPC/KD available; blank means unknown, not zero."
KW-096,garden-laneway-suites,Garden & Laneway Suite Financing,HELOC vs construction loan for garden suite,heloc vs construction loan for garden suite,garden-laneway-suites-planning-comparison,Toronto homeowner adding a backyard rental,"feasibility, construction, equity access, or draw funding",planning-comparison,Research,planning-comparison,Ontario; Toronto/GTA where explicit,commercial-investigation,retain,unavailable-not-zero,,Unavailable at query level,Unavailable,Unavailable,Unavailable,,,,,no,representative-serp,2026-07-19,55,68,directional,comparison-guide,/garden-suite,landing-page-inventory|serp-garden-laneway-suites,"No fresh volume/CPC/KD available; blank means unknown, not zero."
KW-097,garden-laneway-suites,Garden & Laneway Suite Financing,garden suite financing Toronto,garden suite financing toronto,garden-laneway-suites-financing-qualification,Toronto homeowner adding a backyard rental,"feasibility, construction, equity access, or draw funding",financing-qualification,Buying-signal,financing-qualification,Ontario; Toronto/GTA where explicit,transactional,retain,unavailable-not-zero,,Unavailable at query level,Unavailable,Unavailable,Unavailable,,,,,no,representative-serp,2026-07-19,78,48,directional,service-money-page,/garden-suite,landing-page-inventory|serp-garden-laneway-suites,"No fresh volume/CPC/KD available; blank means unknown, not zero."
KW-098,garden-laneway-suites,Garden & Laneway Suite Financing,laneway suite construction loan Toronto,laneway suite construction loan toronto,garden-laneway-suites-financing-qualification,Toronto homeowner adding a backyard rental,"feasibility, construction, equity access, or draw funding",financing-qualification,Buying-signal,financing-qualification,Ontario; Toronto/GTA where explicit,transactional,retain,unavailable-not-zero,,Unavailable at query level,Unavailable,Unavailable,Unavailable,,,,,no,representative-serp,2026-07-19,78,48,directional,service-money-page,/garden-suite,landing-page-inventory|serp-garden-laneway-suites,"No fresh volume/CPC/KD available; blank means unknown, not zero."
KW-099,garden-laneway-suites,Garden & Laneway Suite Financing,garden suite financing shortfall Toronto,garden suite financing shortfall toronto,garden-laneway-suites-immediate-transaction-problem,Toronto homeowner adding a backyard rental,"feasibility, construction, equity access, or draw funding",immediate-transaction-problem,Buying-signal,immediate-transaction-problem,Ontario; Toronto/GTA where explicit,urgent-transactional,retain,unavailable-not-zero,,Unavailable at query level,Unavailable,Unavailable,Unavailable,,,,,no,representative-serp,2026-07-19,94,30,directional,urgent-problem-landing-page,/garden-suite,landing-page-inventory|serp-garden-laneway-suites,"No fresh volume/CPC/KD available; blank means unknown, not zero."
KW-100,garden-laneway-suites,Garden & Laneway Suite Financing,urgent laneway house financing Toronto,urgent laneway house financing toronto,garden-laneway-suites-immediate-transaction-problem,Toronto homeowner adding a backyard rental,"feasibility, construction, equity access, or draw funding",immediate-transaction-problem,Buying-signal,immediate-transaction-problem,Ontario; Toronto/GTA where explicit,urgent-transactional,retain,unavailable-not-zero,,Unavailable at query level,Unavailable,Unavailable,Unavailable,,,,,no,representative-serp,2026-07-19,94,30,directional,urgent-problem-landing-page,/garden-suite,landing-page-inventory|serp-garden-laneway-suites,"No fresh volume/CPC/KD available; blank means unknown, not zero."
KW-101,mli-select,MLI Select Insured Housing,MLI Select,mli select,mli-select-awareness-education,Multi-unit rental developer or owner,"insured construction, acquisition, refinance, or take-out",awareness-education,Research,awareness-education,Ontario; Toronto/GTA where explicit,informational,retain,observed-historical-third-party,1600,Unavailable at query level,Unavailable,Unavailable,Unavailable,,,,,no,representative-serp,2026-07-17,23,95,medium-for-intent-direction,guide-or-tool,/mli-select,landing-page-inventory|serp-mli-select|prior-open-seo-live-metric,"Historical Canada-level estimate from 2026-07-17; not refreshed."
KW-102,mli-select,MLI Select Insured Housing,MLI Select points system,mli select points system,mli-select-awareness-education,Multi-unit rental developer or owner,"insured construction, acquisition, refinance, or take-out",awareness-education,Research,awareness-education,Ontario; Toronto/GTA where explicit,informational,retain,unavailable-not-zero,,Unavailable at query level,Unavailable,Unavailable,Unavailable,,,,,no,representative-serp,2026-07-19,20,92,directional,guide-or-tool,/mli-select,landing-page-inventory|serp-mli-select,"No fresh volume/CPC/KD available; blank means unknown, not zero."
KW-103,mli-select,MLI Select Insured Housing,MLI Select requirements,mli select requirements,mli-select-project-feasibility,Multi-unit rental developer or owner,"insured construction, acquisition, refinance, or take-out",project-feasibility,Research,project-feasibility,Ontario; Toronto/GTA where explicit,informational,retain,unavailable-not-zero,,Unavailable at query level,Unavailable,Unavailable,Unavailable,,,,,no,representative-serp,2026-07-19,38,80,directional,guide-or-tool,/mli-select,landing-page-inventory|serp-mli-select,"No fresh volume/CPC/KD available; blank means unknown, not zero."
KW-104,mli-select,MLI Select Insured Housing,MLI Select affordability criteria,mli select affordability criteria,mli-select-project-feasibility,Multi-unit rental developer or owner,"insured construction, acquisition, refinance, or take-out",project-feasibility,Research,project-feasibility,Ontario; Toronto/GTA where explicit,informational,retain,unavailable-not-zero,,Unavailable at query level,Unavailable,Unavailable,Unavailable,,,,,no,representative-serp,2026-07-19,38,80,directional,guide-or-tool,/mli-select,landing-page-inventory|serp-mli-select,"No fresh volume/CPC/KD available; blank means unknown, not zero."
KW-105,mli-select,MLI Select Insured Housing,MLI Select vs conventional financing,mli select vs conventional financing,mli-select-planning-comparison,Multi-unit rental developer or owner,"insured construction, acquisition, refinance, or take-out",planning-comparison,Research,planning-comparison,Ontario; Toronto/GTA where explicit,commercial-investigation,retain,unavailable-not-zero,,Unavailable at query level,Unavailable,Unavailable,Unavailable,,,,,no,representative-serp,2026-07-19,55,68,directional,comparison-guide,/mli-select,landing-page-inventory|serp-mli-select,"No fresh volume/CPC/KD available; blank means unknown, not zero."
KW-106,mli-select,MLI Select Insured Housing,MLI Select vs standard rental housing insurance,mli select vs standard rental housing insurance,mli-select-planning-comparison,Multi-unit rental developer or owner,"insured construction, acquisition, refinance, or take-out",planning-comparison,Research,planning-comparison,Ontario; Toronto/GTA where explicit,commercial-investigation,retain,unavailable-not-zero,,Unavailable at query level,Unavailable,Unavailable,Unavailable,,,,,no,representative-serp,2026-07-19,55,68,directional,comparison-guide,/mli-select,landing-page-inventory|serp-mli-select,"No fresh volume/CPC/KD available; blank means unknown, not zero."
KW-107,mli-select,MLI Select Insured Housing,MLI Select financing,mli select financing,mli-select-financing-qualification,Multi-unit rental developer or owner,"insured construction, acquisition, refinance, or take-out",financing-qualification,Buying-signal,financing-qualification,Ontario; Toronto/GTA where explicit,transactional,retain,observed-historical-third-party,20,Unavailable at query level,Unavailable,Unavailable,Unavailable,,,,,no,representative-serp,2026-07-17,81,51,medium-for-intent-direction,service-money-page,/mli-select,landing-page-inventory|serp-mli-select|prior-open-seo-live-metric,Historical Canada-level estimate from 2026-07-17; not refreshed.
KW-108,mli-select,MLI Select Insured Housing,CMHC MLI Select lender Ontario,cmhc mli select lender ontario,mli-select-financing-qualification,Multi-unit rental developer or owner,"insured construction, acquisition, refinance, or take-out",financing-qualification,Buying-signal,financing-qualification,Ontario; Toronto/GTA where explicit,transactional,retain,unavailable-not-zero,,Unavailable at query level,Unavailable,Unavailable,Unavailable,,,,,no,representative-serp,2026-07-19,78,48,directional,service-money-page,/mli-select,landing-page-inventory|serp-mli-select,"No fresh volume/CPC/KD available; blank means unknown, not zero."
KW-109,mli-select,MLI Select Insured Housing,urgent MLI Select financing review,urgent mli select financing review,mli-select-immediate-transaction-problem,Multi-unit rental developer or owner,"insured construction, acquisition, refinance, or take-out",immediate-transaction-problem,Buying-signal,immediate-transaction-problem,Ontario; Toronto/GTA where explicit,urgent-transactional,retain,unavailable-not-zero,,Unavailable at query level,Unavailable,Unavailable,Unavailable,,,,,no,representative-serp,2026-07-19,94,30,directional,urgent-problem-landing-page,/mli-select,landing-page-inventory|serp-mli-select,"No fresh volume/CPC/KD available; blank means unknown, not zero."
KW-110,mli-select,MLI Select Insured Housing,MLI Select takeout financing deadline,mli select takeout financing deadline,mli-select-immediate-transaction-problem,Multi-unit rental developer or owner,"insured construction, acquisition, refinance, or take-out",immediate-transaction-problem,Buying-signal,immediate-transaction-problem,Ontario; Toronto/GTA where explicit,urgent-transactional,retain,unavailable-not-zero,,Unavailable at query level,Unavailable,Unavailable,Unavailable,,,,,no,representative-serp,2026-07-19,94,30,directional,urgent-problem-landing-page,/mli-select,landing-page-inventory|serp-mli-select,"No fresh volume/CPC/KD available; blank means unknown, not zero."
KW-111,rental-acquisition,Existing Rental Property Acquisition Financing,how rental property financing works Ontario,how rental property financing works ontario,rental-acquisition-awareness-education,Landlord or investor acquiring a rental asset,"purchase, portfolio expansion, or bridge-to-term financing",awareness-education,Research,awareness-education,Ontario; Toronto/GTA where explicit,informational,retain,unavailable-not-zero,,Unavailable at query level,Unavailable,Unavailable,Unavailable,,,,,no,representative-serp,2026-07-19,20,92,directional,guide-or-tool,/borrowers/rental-property-acquisition-financing,landing-page-inventory|serp-rental-acquisition,"No fresh volume/CPC/KD available; blank means unknown, not zero."
KW-112,rental-acquisition,Existing Rental Property Acquisition Financing,investment property mortgage rules Ontario,investment property mortgage rules ontario,rental-acquisition-awareness-education,Landlord or investor acquiring a rental asset,"purchase, portfolio expansion, or bridge-to-term financing",awareness-education,Research,awareness-education,Ontario; Toronto/GTA where explicit,informational,retain,unavailable-not-zero,,Unavailable at query level,Unavailable,Unavailable,Unavailable,,,,,no,representative-serp,2026-07-19,20,92,directional,guide-or-tool,/borrowers/rental-property-acquisition-financing,landing-page-inventory|serp-rental-acquisition,"No fresh volume/CPC/KD available; blank means unknown, not zero."
KW-113,rental-acquisition,Existing Rental Property Acquisition Financing,rental property down payment Ontario,rental property down payment ontario,rental-acquisition-project-feasibility,Landlord or investor acquiring a rental asset,"purchase, portfolio expansion, or bridge-to-term financing",project-feasibility,Research,project-feasibility,Ontario; Toronto/GTA where explicit,informational,retain,unavailable-not-zero,,Unavailable at query level,Unavailable,Unavailable,Unavailable,,,,,no,representative-serp,2026-07-19,38,80,directional,guide-or-tool,/borrowers/rental-property-acquisition-financing,landing-page-inventory|serp-rental-acquisition,"No fresh volume/CPC/KD available; blank means unknown, not zero."
KW-114,rental-acquisition,Existing Rental Property Acquisition Financing,rental income mortgage qualification Ontario,rental income mortgage qualification ontario,rental-acquisition-project-feasibility,Landlord or investor acquiring a rental asset,"purchase, portfolio expansion, or bridge-to-term financing",project-feasibility,Research,project-feasibility,Ontario; Toronto/GTA where explicit,informational,retain,unavailable-not-zero,,Unavailable at query level,Unavailable,Unavailable,Unavailable,,,,,no,representative-serp,2026-07-19,38,80,directional,guide-or-tool,/borrowers/rental-property-acquisition-financing,landing-page-inventory|serp-rental-acquisition,"No fresh volume/CPC/KD available; blank means unknown, not zero."
KW-115,rental-acquisition,Existing Rental Property Acquisition Financing,commercial vs residential rental property mortgage,commercial vs residential rental property mortgage,rental-acquisition-planning-comparison,Landlord or investor acquiring a rental asset,"purchase, portfolio expansion, or bridge-to-term financing",planning-comparison,Research,planning-comparison,Ontario; Toronto/GTA where explicit,commercial-investigation,retain,unavailable-not-zero,,Unavailable at query level,Unavailable,Unavailable,Unavailable,,,,,no,representative-serp,2026-07-19,55,68,directional,comparison-guide,/borrowers/rental-property-acquisition-financing,landing-page-inventory|serp-rental-acquisition,"No fresh volume/CPC/KD available; blank means unknown, not zero."
KW-116,rental-acquisition,Existing Rental Property Acquisition Financing,rental property mortgage vs HELOC,rental property mortgage vs heloc,rental-acquisition-planning-comparison,Landlord or investor acquiring a rental asset,"purchase, portfolio expansion, or bridge-to-term financing",planning-comparison,Research,planning-comparison,Ontario; Toronto/GTA where explicit,commercial-investigation,retain,unavailable-not-zero,,Unavailable at query level,Unavailable,Unavailable,Unavailable,,,,,no,representative-serp,2026-07-19,55,68,directional,comparison-guide,/borrowers/rental-property-acquisition-financing,landing-page-inventory|serp-rental-acquisition,"No fresh volume/CPC/KD available; blank means unknown, not zero."
KW-117,rental-acquisition,Existing Rental Property Acquisition Financing,rental property financing Ontario,rental property financing ontario,rental-acquisition-financing-qualification,Landlord or investor acquiring a rental asset,"purchase, portfolio expansion, or bridge-to-term financing",financing-qualification,Buying-signal,financing-qualification,Ontario; Toronto/GTA where explicit,transactional,retain,unavailable-not-zero,,Unavailable at query level,Unavailable,Unavailable,Unavailable,,,,,no,representative-serp,2026-07-19,78,48,directional,service-money-page,/borrowers/rental-property-acquisition-financing,landing-page-inventory|serp-rental-acquisition,"No fresh volume/CPC/KD available; blank means unknown, not zero."
KW-118,rental-acquisition,Existing Rental Property Acquisition Financing,investment property mortgage broker Ontario,investment property mortgage broker ontario,rental-acquisition-financing-qualification,Landlord or investor acquiring a rental asset,"purchase, portfolio expansion, or bridge-to-term financing",financing-qualification,Buying-signal,financing-qualification,Ontario; Toronto/GTA where explicit,transactional,retain,unavailable-not-zero,,Unavailable at query level,Unavailable,Unavailable,Unavailable,,,,,no,representative-serp,2026-07-19,78,48,directional,service-money-page,/borrowers/rental-property-acquisition-financing,landing-page-inventory|serp-rental-acquisition,"No fresh volume/CPC/KD available; blank means unknown, not zero."
KW-119,rental-acquisition,Existing Rental Property Acquisition Financing,rental property closing financing Ontario,rental property closing financing ontario,rental-acquisition-immediate-transaction-problem,Landlord or investor acquiring a rental asset,"purchase, portfolio expansion, or bridge-to-term financing",immediate-transaction-problem,Buying-signal,immediate-transaction-problem,Ontario; Toronto/GTA where explicit,urgent-transactional,retain,unavailable-not-zero,,Unavailable at query level,Unavailable,Unavailable,Unavailable,,,,,no,representative-serp,2026-07-19,94,30,directional,urgent-problem-landing-page,/borrowers/rental-property-acquisition-financing,landing-page-inventory|serp-rental-acquisition,"No fresh volume/CPC/KD available; blank means unknown, not zero."
KW-120,rental-acquisition,Existing Rental Property Acquisition Financing,urgent rental acquisition bridge loan,urgent rental acquisition bridge loan,rental-acquisition-immediate-transaction-problem,Landlord or investor acquiring a rental asset,"purchase, portfolio expansion, or bridge-to-term financing",immediate-transaction-problem,Buying-signal,immediate-transaction-problem,Ontario; Toronto/GTA where explicit,urgent-transactional,retain,unavailable-not-zero,,Unavailable at query level,Unavailable,Unavailable,Unavailable,,,,,no,representative-serp,2026-07-19,94,30,directional,urgent-problem-landing-page,/borrowers/rental-property-acquisition-financing,landing-page-inventory|serp-rental-acquisition,"No fresh volume/CPC/KD available; blank means unknown, not zero."
KW-121,rental-refinancing,Existing Rental Property Refinancing,how to refinance a rental property Ontario,how to refinance a rental property ontario,rental-refinancing-awareness-education,Landlord or portfolio owner restructuring existing debt,"renewal, cash-out, portfolio consolidation, or lender replacement",awareness-education,Research,awareness-education,Ontario; Toronto/GTA where explicit,informational,retain,unavailable-not-zero,,Unavailable at query level,Unavailable,Unavailable,Unavailable,,,,,no,representative-serp,2026-07-19,20,92,directional,guide-or-tool,/borrowers/rental-property-refinancing,landing-page-inventory|serp-rental-refinancing,"No fresh volume/CPC/KD available; blank means unknown, not zero."
KW-122,rental-refinancing,Existing Rental Property Refinancing,cash out refinance rental property Canada,cash out refinance rental property canada,rental-refinancing-awareness-education,Landlord or portfolio owner restructuring existing debt,"renewal, cash-out, portfolio consolidation, or lender replacement",awareness-education,Research,awareness-education,Ontario; Toronto/GTA where explicit,informational,retain,unavailable-not-zero,,Unavailable at query level,Unavailable,Unavailable,Unavailable,,,,,no,representative-serp,2026-07-19,20,92,directional,guide-or-tool,/borrowers/rental-property-refinancing,landing-page-inventory|serp-rental-refinancing,"No fresh volume/CPC/KD available; blank means unknown, not zero."
KW-123,rental-refinancing,Existing Rental Property Refinancing,rental property refinance equity requirements,rental property refinance equity requirements,rental-refinancing-project-feasibility,Landlord or portfolio owner restructuring existing debt,"renewal, cash-out, portfolio consolidation, or lender replacement",project-feasibility,Research,project-feasibility,Ontario; Toronto/GTA where explicit,informational,retain,unavailable-not-zero,,Unavailable at query level,Unavailable,Unavailable,Unavailable,,,,,no,representative-serp,2026-07-19,38,80,directional,guide-or-tool,/borrowers/rental-property-refinancing,landing-page-inventory|serp-rental-refinancing,"No fresh volume/CPC/KD available; blank means unknown, not zero."
KW-124,rental-refinancing,Existing Rental Property Refinancing,rental income refinance qualification Ontario,rental income refinance qualification ontario,rental-refinancing-project-feasibility,Landlord or portfolio owner restructuring existing debt,"renewal, cash-out, portfolio consolidation, or lender replacement",project-feasibility,Research,project-feasibility,Ontario; Toronto/GTA where explicit,informational,retain,unavailable-not-zero,,Unavailable at query level,Unavailable,Unavailable,Unavailable,,,,,no,representative-serp,2026-07-19,38,80,directional,guide-or-tool,/borrowers/rental-property-refinancing,landing-page-inventory|serp-rental-refinancing,"No fresh volume/CPC/KD available; blank means unknown, not zero."
KW-125,rental-refinancing,Existing Rental Property Refinancing,rental mortgage renewal vs refinance,rental mortgage renewal vs refinance,rental-refinancing-planning-comparison,Landlord or portfolio owner restructuring existing debt,"renewal, cash-out, portfolio consolidation, or lender replacement",planning-comparison,Research,planning-comparison,Ontario; Toronto/GTA where explicit,commercial-investigation,retain,unavailable-not-zero,,Unavailable at query level,Unavailable,Unavailable,Unavailable,,,,,no,representative-serp,2026-07-19,55,68,directional,comparison-guide,/borrowers/rental-property-refinancing,landing-page-inventory|serp-rental-refinancing,"No fresh volume/CPC/KD available; blank means unknown, not zero."
KW-126,rental-refinancing,Existing Rental Property Refinancing,rental property refinance vs HELOC,rental property refinance vs heloc,rental-refinancing-planning-comparison,Landlord or portfolio owner restructuring existing debt,"renewal, cash-out, portfolio consolidation, or lender replacement",planning-comparison,Research,planning-comparison,Ontario; Toronto/GTA where explicit,commercial-investigation,retain,unavailable-not-zero,,Unavailable at query level,Unavailable,Unavailable,Unavailable,,,,,no,representative-serp,2026-07-19,55,68,directional,comparison-guide,/borrowers/rental-property-refinancing,landing-page-inventory|serp-rental-refinancing,"No fresh volume/CPC/KD available; blank means unknown, not zero."
KW-127,rental-refinancing,Existing Rental Property Refinancing,refinance rental property Ontario,refinance rental property ontario,rental-refinancing-financing-qualification,Landlord or portfolio owner restructuring existing debt,"renewal, cash-out, portfolio consolidation, or lender replacement",financing-qualification,Buying-signal,financing-qualification,Ontario; Toronto/GTA where explicit,transactional,retain,unavailable-not-zero,,Unavailable at query level,Unavailable,Unavailable,Unavailable,,,,,no,representative-serp,2026-07-19,78,48,directional,service-money-page,/borrowers/rental-property-refinancing,landing-page-inventory|serp-rental-refinancing,"No fresh volume/CPC/KD available; blank means unknown, not zero."
KW-128,rental-refinancing,Existing Rental Property Refinancing,rental portfolio refinance lender Ontario,rental portfolio refinance lender ontario,rental-refinancing-financing-qualification,Landlord or portfolio owner restructuring existing debt,"renewal, cash-out, portfolio consolidation, or lender replacement",financing-qualification,Buying-signal,financing-qualification,Ontario; Toronto/GTA where explicit,transactional,retain,unavailable-not-zero,,Unavailable at query level,Unavailable,Unavailable,Unavailable,,,,,no,representative-serp,2026-07-19,78,48,directional,service-money-page,/borrowers/rental-property-refinancing,landing-page-inventory|serp-rental-refinancing,"No fresh volume/CPC/KD available; blank means unknown, not zero."
KW-129,rental-refinancing,Existing Rental Property Refinancing,urgent rental property refinance Ontario,urgent rental property refinance ontario,rental-refinancing-immediate-transaction-problem,Landlord or portfolio owner restructuring existing debt,"renewal, cash-out, portfolio consolidation, or lender replacement",immediate-transaction-problem,Buying-signal,immediate-transaction-problem,Ontario; Toronto/GTA where explicit,urgent-transactional,retain,unavailable-not-zero,,Unavailable at query level,Unavailable,Unavailable,Unavailable,,,,,no,representative-serp,2026-07-19,94,30,directional,urgent-problem-landing-page,/borrowers/rental-property-refinancing,landing-page-inventory|serp-rental-refinancing,"No fresh volume/CPC/KD available; blank means unknown, not zero."
KW-130,rental-refinancing,Existing Rental Property Refinancing,rental mortgage lender replacement Ontario,rental mortgage lender replacement ontario,rental-refinancing-immediate-transaction-problem,Landlord or portfolio owner restructuring existing debt,"renewal, cash-out, portfolio consolidation, or lender replacement",immediate-transaction-problem,Buying-signal,immediate-transaction-problem,Ontario; Toronto/GTA where explicit,urgent-transactional,retain,unavailable-not-zero,,Unavailable at query level,Unavailable,Unavailable,Unavailable,,,,,no,representative-serp,2026-07-19,94,30,directional,urgent-problem-landing-page,/borrowers/rental-property-refinancing,landing-page-inventory|serp-rental-refinancing,"No fresh volume/CPC/KD available; blank means unknown, not zero."
KW-131,private-mortgage-investing,Private Mortgage Investing,how private mortgage investing works Ontario,how private mortgage investing works ontario,private-mortgage-investing-awareness-education,Qualified investor seeking mortgage-backed yield,"portfolio diversification, direct mortgage, or fund allocation",awareness-education,Research,awareness-education,Ontario; Toronto/GTA where explicit,informational,retain,unavailable-not-zero,,Unavailable at query level,Unavailable,Unavailable,Unavailable,,,,,no,representative-serp,2026-07-19,20,92,directional,guide-or-tool,/investing/private-mortgage-lending,landing-page-inventory|serp-private-mortgage-investing,"No fresh volume/CPC/KD available; blank means unknown, not zero."
KW-132,private-mortgage-investing,Private Mortgage Investing,private mortgage investment risks Canada,private mortgage investment risks canada,private-mortgage-investing-awareness-education,Qualified investor seeking mortgage-backed yield,"portfolio diversification, direct mortgage, or fund allocation",awareness-education,Research,awareness-education,Ontario; Toronto/GTA where explicit,informational,retain,unavailable-not-zero,,Unavailable at query level,Unavailable,Unavailable,Unavailable,,,,,no,representative-serp,2026-07-19,20,92,directional,guide-or-tool,/investing/private-mortgage-lending,landing-page-inventory|serp-private-mortgage-investing,"No fresh volume/CPC/KD available; blank means unknown, not zero."
KW-133,private-mortgage-investing,Private Mortgage Investing,private mortgage investment returns Ontario,private mortgage investment returns ontario,private-mortgage-investing-project-feasibility,Qualified investor seeking mortgage-backed yield,"portfolio diversification, direct mortgage, or fund allocation",project-feasibility,Research,project-feasibility,Ontario; Toronto/GTA where explicit,informational,retain,unavailable-not-zero,,Unavailable at query level,Unavailable,Unavailable,Unavailable,,,,,no,representative-serp,2026-07-19,38,80,directional,guide-or-tool,/investing/private-mortgage-lending,landing-page-inventory|serp-private-mortgage-investing,"No fresh volume/CPC/KD available; blank means unknown, not zero."
KW-134,private-mortgage-investing,Private Mortgage Investing,private mortgage due diligence checklist,private mortgage due diligence checklist,private-mortgage-investing-project-feasibility,Qualified investor seeking mortgage-backed yield,"portfolio diversification, direct mortgage, or fund allocation",project-feasibility,Research,project-feasibility,Ontario; Toronto/GTA where explicit,informational,retain,unavailable-not-zero,,Unavailable at query level,Unavailable,Unavailable,Unavailable,,,,,no,representative-serp,2026-07-19,38,80,directional,guide-or-tool,/investing/private-mortgage-lending,landing-page-inventory|serp-private-mortgage-investing,"No fresh volume/CPC/KD available; blank means unknown, not zero."
KW-135,private-mortgage-investing,Private Mortgage Investing,direct private mortgage vs MIC,direct private mortgage vs mic,private-mortgage-investing-planning-comparison,Qualified investor seeking mortgage-backed yield,"portfolio diversification, direct mortgage, or fund allocation",planning-comparison,Research,planning-comparison,Ontario; Toronto/GTA where explicit,commercial-investigation,retain,unavailable-not-zero,,Unavailable at query level,Unavailable,Unavailable,Unavailable,,,,,no,representative-serp,2026-07-19,55,68,directional,comparison-guide,/investing/private-mortgage-lending,landing-page-inventory|serp-private-mortgage-investing,"No fresh volume/CPC/KD available; blank means unknown, not zero."
KW-136,private-mortgage-investing,Private Mortgage Investing,private mortgage fund vs direct lending,private mortgage fund vs direct lending,private-mortgage-investing-planning-comparison,Qualified investor seeking mortgage-backed yield,"portfolio diversification, direct mortgage, or fund allocation",planning-comparison,Research,planning-comparison,Ontario; Toronto/GTA where explicit,commercial-investigation,retain,unavailable-not-zero,,Unavailable at query level,Unavailable,Unavailable,Unavailable,,,,,no,representative-serp,2026-07-19,55,68,directional,comparison-guide,/investing/private-mortgage-lending,landing-page-inventory|serp-private-mortgage-investing,"No fresh volume/CPC/KD available; blank means unknown, not zero."
KW-137,private-mortgage-investing,Private Mortgage Investing,private mortgage investing Ontario,private mortgage investing ontario,private-mortgage-investing-financing-qualification,Qualified investor seeking mortgage-backed yield,"portfolio diversification, direct mortgage, or fund allocation",financing-qualification,Buying-signal,financing-qualification,Ontario; Toronto/GTA where explicit,transactional,retain,observed-first-party-low-sample,,Unavailable at query level,Unavailable,Unavailable,Unavailable,0,1,0%,90,no,representative-serp,2026-07-19,82,52,medium-for-intent-direction,service-money-page,/investing/private-mortgage-lending,landing-page-inventory|serp-private-mortgage-investing|gsc-query-2026-07-19,"Observed query: private mortgage investing Ontario-normalized No fresh volume/CPC/KD available; blank means unknown, not zero. GSC sample covers only four reporting days."
KW-138,private-mortgage-investing,Private Mortgage Investing,invest in private mortgages Ontario,invest in private mortgages ontario,private-mortgage-investing-financing-qualification,Qualified investor seeking mortgage-backed yield,"portfolio diversification, direct mortgage, or fund allocation",financing-qualification,Buying-signal,financing-qualification,Ontario; Toronto/GTA where explicit,transactional,retain,observed-first-party-low-sample,,Unavailable at query level,Unavailable,Unavailable,Unavailable,0,1,0%,53,no,representative-serp,2026-07-19,82,52,medium-for-intent-direction,service-money-page,/investing/private-mortgage-lending,landing-page-inventory|serp-private-mortgage-investing|gsc-query-2026-07-19,"Observed query: invest in private mortgages Ontario-normalized No fresh volume/CPC/KD available; blank means unknown, not zero. GSC sample covers only four reporting days."
KW-139,private-mortgage-investing,Private Mortgage Investing,private mortgage investment opportunities Ontario,private mortgage investment opportunities ontario,private-mortgage-investing-immediate-transaction-problem,Qualified investor seeking mortgage-backed yield,"portfolio diversification, direct mortgage, or fund allocation",immediate-transaction-problem,Buying-signal,immediate-transaction-problem,Ontario; Toronto/GTA where explicit,urgent-transactional,retain,observed-first-party-low-sample,,Unavailable at query level,Unavailable,Unavailable,Unavailable,0,1,0%,47,no,representative-serp,2026-07-19,98,34,medium-for-intent-direction,urgent-problem-landing-page,/investing/private-mortgage-lending,landing-page-inventory|serp-private-mortgage-investing|gsc-query-2026-07-19,"Observed query: private mortgage investment No fresh volume/CPC/KD available; blank means unknown, not zero. GSC sample covers only four reporting days."
KW-140,private-mortgage-investing,Private Mortgage Investing,private mortgage fund opportunities Canada,private mortgage fund opportunities canada,private-mortgage-investing-immediate-transaction-problem,Qualified investor seeking mortgage-backed yield,"portfolio diversification, direct mortgage, or fund allocation",immediate-transaction-problem,Buying-signal,immediate-transaction-problem,Ontario; Toronto/GTA where explicit,urgent-transactional,retain,observed-first-party-low-sample,,Unavailable at query level,Unavailable,Unavailable,Unavailable,0,2,0%,84.5,no,representative-serp,2026-07-19,98,34,medium-for-intent-direction,urgent-problem-landing-page,/investing/private-mortgage-lending,landing-page-inventory|serp-private-mortgage-investing|gsc-query-2026-07-19,"Observed query: private mortgage fund No fresh volume/CPC/KD available; blank means unknown, not zero. GSC sample covers only four reporting days."
KW-141,partner-program,Partner / Referral Program,how mortgage referral programs work Ontario,how mortgage referral programs work ontario,partner-program-awareness-education,"Realtor, broker, lawyer, accountant, builder, or advisor","client referral, co-brokering, or difficult-file placement",awareness-education,Research,awareness-education,Ontario; Toronto/GTA where explicit,informational,retain,unavailable-not-zero,,Unavailable at query level,Unavailable,Unavailable,Unavailable,,,,,no,representative-serp,2026-07-19,20,92,directional,guide-or-tool,/partners,landing-page-inventory|serp-partner-program,"No fresh volume/CPC/KD available; blank means unknown, not zero."
KW-142,partner-program,Partner / Referral Program,who can refer a mortgage client Ontario,who can refer a mortgage client ontario,partner-program-awareness-education,"Realtor, broker, lawyer, accountant, builder, or advisor","client referral, co-brokering, or difficult-file placement",awareness-education,Research,awareness-education,Ontario; Toronto/GTA where explicit,informational,retain,unavailable-not-zero,,Unavailable at query level,Unavailable,Unavailable,Unavailable,,,,,no,representative-serp,2026-07-19,20,92,directional,guide-or-tool,/partners,landing-page-inventory|serp-partner-program,"No fresh volume/CPC/KD available; blank means unknown, not zero."
KW-143,partner-program,Partner / Referral Program,mortgage referral program requirements Ontario,mortgage referral program requirements ontario,partner-program-project-feasibility,"Realtor, broker, lawyer, accountant, builder, or advisor","client referral, co-brokering, or difficult-file placement",project-feasibility,Research,project-feasibility,Ontario; Toronto/GTA where explicit,informational,retain,unavailable-not-zero,,Unavailable at query level,Unavailable,Unavailable,Unavailable,,,,,no,representative-serp,2026-07-19,38,80,directional,guide-or-tool,/partners,landing-page-inventory|serp-partner-program,"No fresh volume/CPC/KD available; blank means unknown, not zero."
KW-144,partner-program,Partner / Referral Program,mortgage referral fee rules Ontario,mortgage referral fee rules ontario,partner-program-project-feasibility,"Realtor, broker, lawyer, accountant, builder, or advisor","client referral, co-brokering, or difficult-file placement",project-feasibility,Research,project-feasibility,Ontario; Toronto/GTA where explicit,informational,retain,unavailable-not-zero,,Unavailable at query level,Unavailable,Unavailable,Unavailable,,,,,no,representative-serp,2026-07-19,38,80,directional,guide-or-tool,/partners,landing-page-inventory|serp-partner-program,"No fresh volume/CPC/KD available; blank means unknown, not zero."
KW-145,partner-program,Partner / Referral Program,mortgage referral program vs co brokering,mortgage referral program vs co brokering,partner-program-planning-comparison,"Realtor, broker, lawyer, accountant, builder, or advisor","client referral, co-brokering, or difficult-file placement",planning-comparison,Research,planning-comparison,Ontario; Toronto/GTA where explicit,commercial-investigation,retain,unavailable-not-zero,,Unavailable at query level,Unavailable,Unavailable,Unavailable,,,,,no,representative-serp,2026-07-19,55,68,directional,comparison-guide,/partners,landing-page-inventory|serp-partner-program,"No fresh volume/CPC/KD available; blank means unknown, not zero."
KW-146,partner-program,Partner / Referral Program,construction financing referral partner,construction financing referral partner,partner-program-planning-comparison,"Realtor, broker, lawyer, accountant, builder, or advisor","client referral, co-brokering, or difficult-file placement",planning-comparison,Research,planning-comparison,Ontario; Toronto/GTA where explicit,commercial-investigation,retain,unavailable-not-zero,,Unavailable at query level,Unavailable,Unavailable,Unavailable,,,,,no,representative-serp,2026-07-19,55,68,directional,comparison-guide,/partners,landing-page-inventory|serp-partner-program,"No fresh volume/CPC/KD available; blank means unknown, not zero."
KW-147,partner-program,Partner / Referral Program,mortgage broker referral program Ontario,mortgage broker referral program ontario,partner-program-financing-qualification,"Realtor, broker, lawyer, accountant, builder, or advisor","client referral, co-brokering, or difficult-file placement",financing-qualification,Buying-signal,financing-qualification,Ontario; Toronto/GTA where explicit,transactional,retain,unavailable-not-zero,,Unavailable at query level,Unavailable,Unavailable,Unavailable,,,,,no,representative-serp,2026-07-19,78,48,directional,service-money-page,/partners,landing-page-inventory|serp-partner-program,"No fresh volume/CPC/KD available; blank means unknown, not zero."
KW-148,partner-program,Partner / Referral Program,mortgage referral partner Ontario,mortgage referral partner ontario,partner-program-financing-qualification,"Realtor, broker, lawyer, accountant, builder, or advisor","client referral, co-brokering, or difficult-file placement",financing-qualification,Buying-signal,financing-qualification,Ontario; Toronto/GTA where explicit,transactional,retain,unavailable-not-zero,,Unavailable at query level,Unavailable,Unavailable,Unavailable,,,,,no,representative-serp,2026-07-19,78,48,directional,service-money-page,/partners,landing-page-inventory|serp-partner-program,"No fresh volume/CPC/KD available; blank means unknown, not zero."
KW-149,partner-program,Partner / Referral Program,refer a declined mortgage client Ontario,refer a declined mortgage client ontario,partner-program-immediate-transaction-problem,"Realtor, broker, lawyer, accountant, builder, or advisor","client referral, co-brokering, or difficult-file placement",immediate-transaction-problem,Buying-signal,immediate-transaction-problem,Ontario; Toronto/GTA where explicit,urgent-transactional,retain,unavailable-not-zero,,Unavailable at query level,Unavailable,Unavailable,Unavailable,,,,,no,representative-serp,2026-07-19,94,30,directional,urgent-problem-landing-page,/partners,landing-page-inventory|serp-partner-program,"No fresh volume/CPC/KD available; blank means unknown, not zero."
KW-150,partner-program,Partner / Referral Program,urgent construction financing referral,urgent construction financing referral,partner-program-immediate-transaction-problem,"Realtor, broker, lawyer, accountant, builder, or advisor","client referral, co-brokering, or difficult-file placement",immediate-transaction-problem,Buying-signal,immediate-transaction-problem,Ontario; Toronto/GTA where explicit,urgent-transactional,retain,unavailable-not-zero,,Unavailable at query level,Unavailable,Unavailable,Unavailable,,,,,no,representative-serp,2026-07-19,94,30,directional,urgent-problem-landing-page,/partners,landing-page-inventory|serp-partner-program,"No fresh volume/CPC/KD available; blank means unknown, not zero."
KW-151,builder-consulting,Builder Consulting,what does a builder financing consultant do,what does a builder financing consultant do,builder-consulting-awareness-education,Builder or developer preparing a financeable project,"feasibility, pro forma, budget, capital stack, or project rescue",awareness-education,Research,awareness-education,Ontario; Toronto/GTA where explicit,informational,retain,unavailable-not-zero,,Unavailable at query level,Unavailable,Unavailable,Unavailable,,,,,no,representative-serp,2026-07-19,20,92,directional,guide-or-tool,/builder-consulting,landing-page-inventory|serp-builder-consulting,"No fresh volume/CPC/KD available; blank means unknown, not zero."
KW-152,builder-consulting,Builder Consulting,construction finance advisory Ontario,construction finance advisory ontario,builder-consulting-awareness-education,Builder or developer preparing a financeable project,"feasibility, pro forma, budget, capital stack, or project rescue",awareness-education,Research,awareness-education,Ontario; Toronto/GTA where explicit,informational,retain,unavailable-not-zero,,Unavailable at query level,Unavailable,Unavailable,Unavailable,,,,,no,representative-serp,2026-07-19,20,92,directional,guide-or-tool,/builder-consulting,landing-page-inventory|serp-builder-consulting,"No fresh volume/CPC/KD available; blank means unknown, not zero."
KW-153,builder-consulting,Builder Consulting,development feasibility consultant Toronto,development feasibility consultant toronto,builder-consulting-project-feasibility,Builder or developer preparing a financeable project,"feasibility, pro forma, budget, capital stack, or project rescue",project-feasibility,Research,project-feasibility,Ontario; Toronto/GTA where explicit,informational,retain,unavailable-not-zero,,Unavailable at query level,Unavailable,Unavailable,Unavailable,,,,,no,representative-serp,2026-07-19,38,80,directional,guide-or-tool,/builder-consulting,landing-page-inventory|serp-builder-consulting,"No fresh volume/CPC/KD available; blank means unknown, not zero."
KW-154,builder-consulting,Builder Consulting,construction budget review for financing,construction budget review for financing,builder-consulting-project-feasibility,Builder or developer preparing a financeable project,"feasibility, pro forma, budget, capital stack, or project rescue",project-feasibility,Research,project-feasibility,Ontario; Toronto/GTA where explicit,informational,retain,unavailable-not-zero,,Unavailable at query level,Unavailable,Unavailable,Unavailable,,,,,no,representative-serp,2026-07-19,38,80,directional,guide-or-tool,/builder-consulting,landing-page-inventory|serp-builder-consulting,"No fresh volume/CPC/KD available; blank means unknown, not zero."
KW-155,builder-consulting,Builder Consulting,builder financing consultant vs mortgage broker,builder financing consultant vs mortgage broker,builder-consulting-planning-comparison,Builder or developer preparing a financeable project,"feasibility, pro forma, budget, capital stack, or project rescue",planning-comparison,Research,planning-comparison,Ontario; Toronto/GTA where explicit,commercial-investigation,retain,unavailable-not-zero,,Unavailable at query level,Unavailable,Unavailable,Unavailable,,,,,no,representative-serp,2026-07-19,55,68,directional,comparison-guide,/builder-consulting,landing-page-inventory|serp-builder-consulting,"No fresh volume/CPC/KD available; blank means unknown, not zero."
KW-156,builder-consulting,Builder Consulting,development capital stack consultant Ontario,development capital stack consultant ontario,builder-consulting-planning-comparison,Builder or developer preparing a financeable project,"feasibility, pro forma, budget, capital stack, or project rescue",planning-comparison,Research,planning-comparison,Ontario; Toronto/GTA where explicit,commercial-investigation,retain,unavailable-not-zero,,Unavailable at query level,Unavailable,Unavailable,Unavailable,,,,,no,representative-serp,2026-07-19,55,68,directional,comparison-guide,/builder-consulting,landing-page-inventory|serp-builder-consulting,"No fresh volume/CPC/KD available; blank means unknown, not zero."
KW-157,builder-consulting,Builder Consulting,builder financing consultant Toronto,builder financing consultant toronto,builder-consulting-financing-qualification,Builder or developer preparing a financeable project,"feasibility, pro forma, budget, capital stack, or project rescue",financing-qualification,Buying-signal,financing-qualification,Ontario; Toronto/GTA where explicit,transactional,retain,unavailable-not-zero,,Unavailable at query level,Unavailable,Unavailable,Unavailable,,,,,no,representative-serp,2026-07-19,78,48,directional,service-money-page,/builder-consulting,landing-page-inventory|serp-builder-consulting,"No fresh volume/CPC/KD available; blank means unknown, not zero."
KW-158,builder-consulting,Builder Consulting,construction financing strategy consultant Ontario,construction financing strategy consultant ontario,builder-consulting-financing-qualification,Builder or developer preparing a financeable project,"feasibility, pro forma, budget, capital stack, or project rescue",financing-qualification,Buying-signal,financing-qualification,Ontario; Toronto/GTA where explicit,transactional,retain,unavailable-not-zero,,Unavailable at query level,Unavailable,Unavailable,Unavailable,,,,,no,representative-serp,2026-07-19,78,48,directional,service-money-page,/builder-consulting,landing-page-inventory|serp-builder-consulting,"No fresh volume/CPC/KD available; blank means unknown, not zero."
KW-159,builder-consulting,Builder Consulting,stalled construction project financing consultant,stalled construction project financing consultant,builder-consulting-immediate-transaction-problem,Builder or developer preparing a financeable project,"feasibility, pro forma, budget, capital stack, or project rescue",immediate-transaction-problem,Buying-signal,immediate-transaction-problem,Ontario; Toronto/GTA where explicit,urgent-transactional,retain,unavailable-not-zero,,Unavailable at query level,Unavailable,Unavailable,Unavailable,,,,,no,representative-serp,2026-07-19,94,30,directional,urgent-problem-landing-page,/builder-consulting,landing-page-inventory|serp-builder-consulting,"No fresh volume/CPC/KD available; blank means unknown, not zero."
KW-160,builder-consulting,Builder Consulting,urgent builder capital shortfall Ontario,urgent builder capital shortfall ontario,builder-consulting-immediate-transaction-problem,Builder or developer preparing a financeable project,"feasibility, pro forma, budget, capital stack, or project rescue",immediate-transaction-problem,Buying-signal,immediate-transaction-problem,Ontario; Toronto/GTA where explicit,urgent-transactional,retain,unavailable-not-zero,,Unavailable at query level,Unavailable,Unavailable,Unavailable,,,,,no,representative-serp,2026-07-19,94,30,directional,urgent-problem-landing-page,/builder-consulting,landing-page-inventory|serp-builder-consulting,"No fresh volume/CPC/KD available; blank means unknown, not zero."
